source,time_step,RUL,event,Spec_1_Cat1,459_8,272_3,272_0,459_18,Spec_1_Cat12,158_7,397_7,272_1,Spec_7_Cat1
52,2020-01-01 03:10:00,224.8,1,1,376.96344444444,802504.0,1369225.0,0.0053611111111112,0,282852.0,274189.0,872131.0,1
52,2020-01-01 03:11:00,222.0,1,1,459.20238888888,1070694.0,1639144.0,0.0053611111111112,0,377557.0,337455.0,1062425.0,1
52,2020-01-01 03:12:00,216.4,1,1,537.69711111112,1471198.0,2067429.0,0.0053611111111112,0,450865.0,425599.0,1439464.0,1
52,2020-01-01 03:13:00,213.0,1,1,695.51708333334,1733226.0,2337387.0,0.0119444444444444,0,551810.0,561023.0,1683462.0,1
52,2020-01-01 03:14:00,212.2,1,1,702.70475,1764140.0,2458171.0,0.0119444444444444,0,552722.0,577887.0,1701987.0,1
52,2020-01-01 03:15:00,210.8,1,1,750.90602777778,1840827.0,2623414.0,0.0119444444444444,0,572558.0,616271.0,1789803.0,1
52,2020-01-01 03:16:00,209.2,1,1,805.81036111112,1900172.0,2737437.0,0.0119444444444444,0,588842.0,656099.0,1836188.0,1
52,2020-01-01 03:17:00,208.0,1,1,870.52066666666,1959907.0,2832194.0,0.0119444444444444,0,613730.0,690284.0,1883300.0,1
52,2020-01-01 03:18:00,206.4,1,1,918.89619444444,2032525.0,2978237.0,0.0119444444444444,0,635522.0,739841.0,1951966.0,1
52,2020-01-01 03:19:00,204.6,1,1,990.46102777778,2107002.0,3159990.0,0.0119444444444444,0,681446.0,787369.0,2021347.0,1
52,2020-01-01 03:20:00,204.4,1,1,992.16630555556,2154049.0,3211990.0,0.0119444444444444,0,681578.0,792861.0,2035700.0,1
52,2020-01-01 03:21:00,203.6,1,1,994.59272222222,2166789.0,3249548.0,0.0119444444444444,0,681578.0,796730.0,2064964.0,1
52,2020-01-01 03:22:00,202.4,1,1,1077.587,2286103.0,3472849.0,0.0119444444444444,0,718778.0,876574.0,2183641.0,1
52,2020-01-01 03:23:00,200.6,1,1,1149.66969444444,2391754.0,3575380.0,0.0119444444444444,0,757298.0,925134.0,2323911.0,1
52,2020-01-01 03:24:00,198.2,1,1,1195.10363888888,2499524.0,3745381.0,0.0119444444444444,0,773726.0,990311.0,2391212.0,1
52,2020-01-01 03:25:00,196.6,1,1,1237.44444444444,2551719.0,3816582.0,0.0119444444444444,0,800630.0,1009699.0,2440093.0,1
52,2020-01-01 03:26:00,193.8,1,1,1292.90247222222,2652690.0,3934713.0,0.021416666666666,0,824282.0,1052051.0,2510527.0,1
52,2020-01-01 03:27:00,192.6,1,1,1360.56572222222,2726088.0,4000663.0,0.021416666666666,0,854942.0,1084996.0,2580818.0,1
52,2020-01-01 03:28:00,191.2,1,1,1395.81383333334,2760252.0,4076479.0,0.021416666666666,0,867842.0,1115739.0,2639877.0,1
52,2020-01-01 03:29:00,189.6,1,1,1478.88258333334,2851434.0,4143364.0,0.035694444444444,0,900554.0,1172184.0,2728797.0,1
52,2020-01-01 03:30:00,188.4,1,1,1552.63355555556,2926029.0,4205556.0,0.035694444444444,0,925622.0,1224004.0,2798646.0,1
52,2020-01-01 03:31:00,187.0,1,1,1636.51441666666,2980772.0,4318175.0,0.035694444444444,0,957050.0,1260900.0,2875879.0,1
52,2020-01-01 03:32:00,185.4,1,1,1707.78633333334,3111760.0,4419640.0,0.035694444444444,0,975506.0,1309737.0,3034714.0,1
52,2020-01-01 03:33:00,183.8,1,1,1780.04591666666,3190203.0,4466921.0,0.035694444444444,0,1000670.0,1339589.0,3103081.0,1
52,2020-01-01 03:34:00,182.8,1,1,1833.33725,3294918.0,4546507.0,0.035694444444444,0,1012910.0,1397553.0,3182798.0,1
52,2020-01-01 03:35:00,181.2,1,1,1900.78483333334,3343240.0,4588198.0,0.035694444444444,0,1044854.0,1443641.0,3257600.0,1
52,2020-01-01 03:36:00,180.6,1,1,1924.78455555556,3383670.0,4614029.0,0.039111111111112,0,1068218.0,1467917.0,3299656.0,1
52,2020-01-01 03:37:00,179.6,1,1,1931.03116666666,3384762.0,4631346.0,0.039111111111112,0,1069706.0,1469661.0,3305519.0,1
52,2020-01-01 03:38:00,179.0,1,1,1976.0798888889,3426168.0,4664379.0,0.039111111111112,0,1082559.0,1505049.0,3334496.0,1
52,2020-01-01 03:39:00,178.0,1,1,1992.73116666666,3447865.0,4685309.0,0.039111111111112,0,1087900.0,1516277.0,3353892.0,1
52,2020-01-01 03:40:00,177.2,1,1,2071.9863333334,3534172.0,4754807.0,0.039111111111112,0,1124500.0,1546319.0,3432491.0,1
52,2020-01-01 03:41:00,175.8,1,1,2114.24,3621389.0,4789387.0,0.068416666666666,0,1157093.0,1565177.0,3482516.0,1
52,2020-01-01 03:42:00,174.2,1,1,2181.6921388888,3684010.0,4845352.0,0.096027777777778,0,1218222.0,1587150.0,3535842.0,1
52,2020-01-01 03:43:00,173.0,1,1,2243.0757777778,3733371.0,4947870.0,0.096027777777778,0,1262502.0,1605247.0,3577026.0,1
52,2020-01-01 03:44:00,171.4,1,1,2328.2080833334,3827920.0,5014703.0,0.096027777777778,0,1314762.0,1626304.0,3655442.0,1
52,2020-01-01 03:45:00,170.0,1,1,2398.8276111112,3912264.0,5104299.0,0.096027777777778,0,1351122.0,1645741.0,3761197.0,1
52,2020-01-01 03:46:00,168.6,1,1,2460.5790277778,3980579.0,5196456.0,0.102694444444444,0,1399818.0,1667073.0,3826015.0,1
52,2020-01-01 03:47:00,167.2,1,1,2515.9575,4074998.0,5262301.0,0.115138888888888,0,1444230.0,1683369.0,3898230.0,1
52,2020-01-01 03:48:00,164.6,1,1,2600.3769444444,4172940.0,5344370.0,0.115138888888888,0,1516182.0,1707203.0,3939687.0,1
52,2020-01-01 03:49:00,164.2,1,1,2665.1199722222,4347218.0,5457158.0,0.141777777777778,0,1568683.0,1740791.0,3990167.0,1
52,2020-01-01 03:50:00,163.2,1,1,2689.0599444444,4416924.0,5548379.0,0.160583333333334,0,1597711.0,1751375.0,4047055.0,1
52,2020-01-01 03:51:00,161.8,1,1,2763.1713611112,4499682.0,5613236.0,0.16925,0,1644584.0,1772544.0,4105568.0,1
52,2020-01-01 03:52:00,160.4,1,1,2813.0923055556,4584806.0,5699712.0,0.1835,0,1695440.0,1789020.0,4147818.0,1
52,2020-01-01 03:53:00,159.0,1,1,2874.802,4701312.0,5778609.0,0.190944444444444,0,1741412.0,1814916.0,4249920.0,1
52,2020-01-01 03:54:00,157.4,1,1,2952.3635555556,4817572.0,5863031.0,0.20830555555556,0,1802864.0,1842968.0,4298514.0,1
52,2020-01-01 03:55:00,156.2,1,1,2984.7603055556,4892400.0,5980200.0,0.21641666666666,0,1831160.0,1863144.0,4362110.0,1
52,2020-01-01 03:56:00,154.2,1,1,3097.3377777778,5137203.0,6099592.0,0.21666666666666,0,1907193.0,1903966.0,4532072.0,1
52,2020-01-01 03:57:00,152.8,1,1,3121.3255555556,5169846.0,6133288.0,0.21694444444444,0,1938321.0,1913954.0,4550038.0,1
52,2020-01-01 03:58:00,152.0,1,1,3127.5785555556,5181364.0,6169480.0,0.21694444444444,0,1941321.0,1915954.0,4573763.0,1
52,2020-01-01 03:59:00,150.6,1,1,3164.2158611112,5283310.0,6212315.0,0.22013888888888,0,1987617.0,1933279.0,4622981.0,1
52,2020-01-01 04:00:00,149.2,1,1,3207.9755555556,5416300.0,6316081.0,0.22291666666666,0,2026162.0,1953144.0,4760547.0,1
52,2020-01-01 04:01:00,147.8,1,1,3252.2461388888,5501632.0,6383772.0,0.22847222222222,0,2088394.0,1968341.0,4806918.0,1
52,2020-01-01 04:02:00,146.4,1,1,3273.7590277778,5548822.0,6483222.0,0.23866666666666,0,2108710.0,1982378.0,4863715.0,1
52,2020-01-01 04:03:00,144.8,1,1,3296.4346666666,5629032.0,6544062.0,0.24652777777778,0,2140690.0,1993938.0,4934838.0,1
52,2020-01-01 04:04:00,143.6,1,1,3353.276,5748788.0,6598493.0,0.25533333333334,0,2199478.0,2014822.0,5021210.0,1
52,2020-01-01 04:05:00,142.0,1,1,3422.7898333334,5827243.0,6668927.0,0.25533333333334,0,2251618.0,2032574.0,5100432.0,1
52,2020-01-01 04:06:00,140.8,1,1,3477.2520277778,5907726.0,6773434.0,0.27705555555556,0,2315458.0,2053106.0,5147466.0,1
52,2020-01-01 04:07:00,139.2,1,1,3525.1860555556,6132080.0,6838720.0,0.27875,0,2367850.0,2068919.0,5240052.0,1
52,2020-01-01 04:08:00,138.0,1,1,3557.2205277778,6220454.0,6897402.0,0.29647222222222,0,2395786.0,2091491.0,5289348.0,1
52,2020-01-01 04:09:00,136.6,1,1,3604.3583611112,6372620.0,6968395.0,0.29647222222222,0,2429830.0,2112635.0,5365593.0,1
52,2020-01-01 04:10:00,135.0,1,1,3693.9170277778,6478011.0,7073214.0,0.34177777777778,0,2497342.0,2137907.0,5448000.0,1
52,2020-01-01 04:11:00,134.8,1,1,3726.2463333334,6513241.0,7109276.0,0.34177777777778,0,2522038.0,2145704.0,5490822.0,1
52,2020-01-01 04:12:00,133.8,1,1,3761.5648333334,6578566.0,7161874.0,0.34177777777778,0,2543158.0,2156948.0,5542095.0,1
52,2020-01-01 04:13:00,131.0,1,1,3855.9560833334,6731044.0,7303886.0,0.41794444444444,0,2639567.0,2188517.0,5658848.0,1
52,2020-01-01 04:14:00,128.8,1,1,3955.7113333334,6836358.0,7427802.0,0.43236111111112,0,2722259.0,2224358.0,5726903.0,1
52,2020-01-01 04:15:00,127.8,1,1,3980.3841111112,6865973.0,7527083.0,0.43236111111112,0,2746511.0,2230551.0,5801952.0,1
52,2020-01-01 04:16:00,126.8,1,1,3990.5719722222,6887995.0,7546193.0,0.43236111111112,0,2753903.0,2233520.0,5824065.0,1
52,2020-01-01 04:17:00,125.4,1,1,4035.34975,6931259.0,7623322.0,0.43922222222222,0,2798771.0,2245913.0,5884281.0,1
52,2020-01-01 04:18:00,125.2,1,1,4040.8471111112,6939293.0,7632890.0,0.43922222222222,0,2799707.0,2248259.0,5914870.0,1
52,2020-01-01 04:19:00,122.6,1,1,4118.264,7073219.0,7790008.0,0.44544444444444,0,2877204.0,2283063.0,5997394.0,1
52,2020-01-01 04:20:00,121.0,1,1,4181.7414722222,7159071.0,7819024.0,0.45219444444444,0,2939892.0,2301733.0,6052215.0,1
52,2020-01-01 04:21:00,119.8,1,1,4250.9114444444,7212072.0,7879136.0,0.46266666666666,0,2998824.0,2314393.0,6116461.0,1
52,2020-01-01 04:22:00,117.0,1,1,4350.6397222222,7312341.0,7973828.0,0.46527777777778,0,3110628.0,2346766.0,6193032.0,1
52,2020-01-01 04:23:00,115.4,1,1,4414.2023611112,7366278.0,8025841.0,0.47011111111112,0,3169884.0,2381334.0,6286411.0,1
52,2020-01-01 04:24:00,114.0,1,1,4483.5929722222,7422815.0,8087656.0,0.47011111111112,0,3229248.0,2403402.0,6349019.0,1
52,2020-01-01 04:25:00,112.8,1,1,4517.69975,7552724.0,8129100.0,0.47011111111112,0,3260233.0,2423096.0,6395403.0,1
52,2020-01-01 04:26:00,108.4,1,1,4698.9663055556,7735881.0,8297749.0,0.47744444444444,0,3438397.0,2477217.0,6650892.0,1
52,2020-01-01 04:27:00,107.0,1,1,4770.3077222222,7779392.0,8347656.0,0.47744444444444,0,3483505.0,2500849.0,6693337.0,1
52,2020-01-01 04:28:00,105.8,1,1,4813.1566666666,7837268.0,8410771.0,0.47744444444444,0,3532825.0,2519117.0,6716568.0,1
52,2020-01-01 04:29:00,104.4,1,1,4853.7393888888,7926513.0,8466619.0,0.47744444444444,0,3562585.0,2541127.0,6768153.0,1
52,2020-01-01 04:30:00,103.0,1,1,4908.9774166666,7986053.0,8505970.0,0.48494444444444,0,3620029.0,2556099.0,6797117.0,1
52,2020-01-01 04:31:00,101.6,1,1,4982.83025,8029395.0,8555422.0,0.48494444444444,0,3689941.0,2579540.0,6838860.0,1
52,2020-01-01 04:32:00,100.0,1,1,5027.0338888888,8111919.0,8636243.0,0.51611111111112,0,3749318.0,2599393.0,6883177.0,1
52,2020-01-01 04:33:00,98.6,1,1,5074.6808333334,8162971.0,8713164.0,0.51730555555556,0,3803571.0,2614505.0,6961424.0,1
52,2020-01-01 04:34:00,97.0,1,1,5096.7138888888,8190050.0,8774473.0,0.51730555555556,0,3824619.0,2622781.0,7002660.0,1
52,2020-01-01 04:35:00,95.8,1,1,5145.228,8264657.0,8835586.0,0.51730555555556,0,3848055.0,2635730.0,7052086.0,1
52,2020-01-01 04:36:00,94.6,1,1,5194.4963055556,8317060.0,8876316.0,0.52102777777778,0,3893631.0,2651431.0,7104555.0,1
52,2020-01-01 04:37:00,93.2,1,1,5244.0092222222,8371010.0,8933867.0,0.52102777777778,0,3940636.0,2669659.0,7153552.0,1
52,2020-01-01 04:38:00,93.0,1,1,5245.1383888888,8371010.0,8953484.0,0.52102777777778,0,3940780.0,2669783.0,7154423.0,1
52,2020-01-01 04:39:00,91.6,1,1,5289.8869722222,8457369.0,9017353.0,0.52102777777778,0,3977968.0,2694904.0,7225117.0,1
52,2020-01-01 04:40:00,90.0,1,1,5314.9860833334,8474477.0,9060838.0,0.52102777777778,0,4012348.0,2703076.0,7249336.0,1
52,2020-01-01 04:41:00,88.80000000000001,1,1,5376.5304166666,8555571.0,9127970.0,0.52175,0,4061500.0,2721433.0,7310761.0,1
52,2020-01-01 04:42:00,87.19999999999999,1,1,5425.4449444444,8609014.0,9187809.0,0.52175,0,4096108.0,2736022.0,7339452.0,1
52,2020-01-01 04:43:00,86.0,1,1,5482.0313055556,8681528.0,9231385.0,0.52175,0,4155208.0,2752610.0,7387669.0,1
52,2020-01-01 04:44:00,84.6,1,1,5518.9575833334,8771280.0,9271179.0,0.52747222222222,0,4200088.0,2764206.0,7430270.0,1
52,2020-01-01 04:45:00,83.4,1,1,5548.0542222222,8876242.0,9327300.0,0.54747222222222,0,4224736.0,2776594.0,7495569.0,1
52,2020-01-01 04:46:00,81.80000000000001,1,1,5575.4359166666,8970245.0,9456091.0,0.55452777777778,0,4261277.0,2796678.0,7568317.0,1
52,2020-01-01 04:47:00,78.19999999999999,1,1,5669.4853055556,9063468.0,9576770.0,0.55452777777778,0,4311221.0,2839884.0,7704648.0,1
52,2020-01-01 04:48:00,77.6,1,1,5672.9149722222,9096476.0,9618097.0,0.55705555555556,0,4317522.0,2843601.0,7737279.0,1
52,2020-01-01 04:49:00,77.4,1,1,5681.5963333334,9118108.0,9650168.0,0.55705555555556,0,4320702.0,2850933.0,7753126.0,1
52,2020-01-01 04:50:00,76.19999999999999,1,1,5692.2031111112,9166338.0,9765946.0,0.55705555555556,0,4324855.0,2860109.0,7822403.0,1
52,2020-01-01 04:51:00,74.80000000000001,1,1,5735.6331666666,9270923.0,9910337.0,0.56413888888888,0,4369447.0,2874861.0,7896763.0,1
52,2020-01-01 04:52:00,73.6,1,1,5763.5668888888,9368722.0,10081912.0,0.57016666666666,0,4411340.0,2888333.0,7992249.0,1
52,2020-01-01 04:53:00,72.0,1,1,5778.7529722222,9417615.0,10173965.0,0.57702777777778,0,4444725.0,2900449.0,8043223.0,1
52,2020-01-01 04:54:00,70.6,1,1,5797.3859166666,9513373.0,10266291.0,0.58086111111112,0,4475853.0,2914951.0,8097290.0,1
52,2020-01-01 04:55:00,69.19999999999999,1,1,5850.1749444444,9566868.0,10458522.0,0.59105555555556,0,4523049.0,2938183.0,8214303.0,1
52,2020-01-01 04:56:00,68.0,1,1,5877.12425,9642724.0,10554723.0,0.59105555555556,0,4542597.0,2971519.0,8282476.0,1
52,2020-01-01 04:57:00,67.80000000000001,1,1,5879.3196111112,9647314.0,10573599.0,0.59105555555556,0,4542645.0,2972967.0,8290432.0,1
52,2020-01-01 04:58:00,66.4,1,1,5925.9432222222,9706555.0,10663338.0,0.59461111111112,0,4567701.0,3005647.0,8350675.0,1
52,2020-01-01 04:59:00,65.0,1,1,5996.9352222222,9774948.0,10785005.0,0.59461111111112,0,4614669.0,3053244.0,8492206.0,1
52,2020-01-01 05:00:00,63.6,1,1,6034.3836388888,9825635.0,10898014.0,0.59877777777778,0,4662681.0,3077861.0,8551057.0,1
52,2020-01-01 05:01:00,63.400000000000006,1,1,6042.1976944444,9840104.0,10960609.0,0.59877777777778,0,4664229.0,3081825.0,8628420.0,1
52,2020-01-01 05:02:00,62.19999999999999,1,1,6083.61055555552,9916675.0,11012297.0,0.59877777777778,0,4699018.0,3111738.0,8686712.0,1
52,2020-01-01 05:03:00,60.80000000000001,1,1,6124.64680555552,9948577.0,11046942.0,0.59877777777778,0,4746094.0,3136862.0,8721539.0,1
52,2020-01-01 05:04:00,59.400000000000006,1,1,6166.83488888884,10015683.0,11124552.0,0.59877777777778,0,4780642.0,3160814.0,8789868.0,1
52,2020-01-01 05:05:00,58.0,1,1,6199.52233333328,10092240.0,11208402.0,0.59877777777778,0,4809058.0,3183626.0,8879425.0,1
52,2020-01-01 05:06:00,56.6,1,1,6220.81733333328,10144215.0,11264367.0,0.59877777777778,0,4830479.0,3201779.0,8926368.0,1
52,2020-01-01 05:07:00,55.400000000000006,1,1,6249.18227777774,10181187.0,11401387.0,0.599083333333336,0,4859712.0,3229215.0,8984582.0,1
52,2020-01-01 05:08:00,52.6,1,1,6322.77991666662,10296316.0,11513161.0,0.599083333333336,0,4912224.0,3268735.0,9072904.0,1
52,2020-01-01 05:09:00,49.80000000000001,1,1,6388.08558333328,10397235.0,11659529.0,0.599083333333336,0,4968240.0,3306944.0,9141349.0,1
52,2020-01-01 05:10:00,49.19999999999999,1,1,6421.21233333328,10441318.0,11699426.0,0.603194444444446,0,4999896.0,3319640.0,9176697.0,1
52,2020-01-01 05:11:00,44.19999999999999,1,1,6503.11874999996,10627257.0,11886093.0,0.607833333333336,0,5082709.0,3371986.0,9367147.0,1
52,2020-01-01 05:12:00,42.80000000000001,1,1,6513.11472222218,10657209.0,11923040.0,0.617500000000002,0,5091661.0,3380604.0,9422878.0,1
52,2020-01-01 05:13:00,41.400000000000006,1,1,6541.38208333328,10700057.0,11970477.0,0.639111111111114,0,5115013.0,3398124.0,9465427.0,1
52,2020-01-01 05:14:00,38.6,1,1,6648.75963888884,10809621.0,12094575.0,0.639583333333336,0,5193458.0,3464093.0,9545806.0,1
52,2020-01-01 05:15:00,37.19999999999999,1,1,6672.77186111106,10843473.0,12156624.0,0.655805555555558,0,5226387.0,3475902.0,9573821.0,1
52,2020-01-01 05:16:00,35.80000000000001,1,1,6716.39027777774,10892171.0,12193076.0,0.664388888888892,0,5288079.0,3494864.0,9584091.0,1
52,2020-01-01 05:17:00,34.400000000000006,1,1,6752.28516666662,10944600.0,12233247.0,0.667944444444446,0,5326311.0,3516377.0,9618359.0,1
52,2020-01-01 05:18:00,33.0,1,1,6785.3664444444,10988631.0,12280242.0,0.667944444444446,0,5354415.0,3529422.0,9679056.0,1
52,2020-01-01 05:19:00,32.400000000000006,1,1,6801.04761111106,11015866.0,12301549.0,0.69627777777778,0,5358160.0,3539827.0,9714117.0,1
52,2020-01-01 05:20:00,30.0,1,1,6820.67327777774,11035964.0,12343877.0,0.69627777777778,0,5359276.0,3547223.0,9765637.0,1
52,2020-01-01 05:21:00,28.80000000000001,1,1,6879.89233333328,11097519.0,12389208.0,0.706444444444446,0,5359432.0,3569725.0,9826945.0,1
52,2020-01-01 05:22:00,26.0,1,1,6957.13427777774,11205640.0,12525019.0,0.715722222222224,0,5359433.0,3600735.0,9889982.0,1
52,2020-01-01 05:23:00,24.599999999999994,1,1,7002.22513888884,11258667.0,12586223.0,0.721361111111114,0,5359433.0,3621395.0,9933623.0,1
52,2020-01-01 05:24:00,23.0,1,1,7028.2869444444,11311031.0,12680473.0,0.72977777777778,0,5359433.0,3635876.0,9965473.0,1
52,2020-01-01 05:25:00,21.80000000000001,1,1,7089.33783333328,11378059.0,12749906.0,0.730138888888892,0,5359433.0,3653732.0,10014704.0,1
52,2020-01-01 05:26:00,21.599999999999994,1,1,7090.68391666662,11382427.0,12778545.0,0.730138888888892,0,5359841.0,3654041.0,10032735.0,1
52,2020-01-01 05:27:00,20.40000000000001,1,1,7127.54633333328,11469644.0,12826944.0,0.730138888888892,0,5371853.0,3677057.0,10067601.0,1
52,2020-01-01 05:28:00,19.0,1,1,7175.37097222216,11563218.0,12912744.0,0.730222222222226,0,5400389.0,3699714.0,10122214.0,1
52,2020-01-01 05:29:00,17.599999999999994,1,1,7225.4899444444,11622161.0,12987117.0,0.73127777777778,0,5442233.0,3722891.0,10149553.0,1
52,2020-01-01 05:30:00,14.800000000000011,1,1,7270.32588888884,11689085.0,13079339.0,0.749944444444448,0,5483957.0,3756027.0,10194390.0,1
52,2020-01-01 05:31:00,13.199999999999989,1,1,7323.01197222216,11794320.0,13163840.0,0.749944444444448,0,5507237.0,3798469.0,10274315.0,1
52,2020-01-01 05:32:00,11.800000000000011,1,1,7383.88899999994,11886828.0,13303109.0,0.755222222222226,0,5559857.0,3840513.0,10346842.0,1
52,2020-01-01 05:33:00,10.599999999999994,1,1,7443.8860555555,11964113.0,13432044.0,0.758583333333336,0,5608589.0,3867402.0,10451596.0,1
52,2020-01-01 05:34:00,9.0,1,1,7515.38522222216,12060768.0,13606284.0,0.758583333333336,0,5674217.0,3915458.0,10536435.0,1
52,2020-01-01 05:35:00,8.599999999999994,1,1,7524.64477777772,12085195.0,13647832.0,0.758583333333336,0,5682125.0,3923491.0,10556377.0,1
52,2020-01-01 05:36:00,5.0,1,1,7573.45377777772,12202299.0,13794277.0,0.763388888888892,0,5725061.0,3969425.0,10624393.0,1
52,2020-01-01 05:37:00,3.5999999999999943,1,1,7618.8156944444,12284876.0,13928593.0,0.763388888888892,0,5778185.0,4001774.0,10731006.0,1
52,2020-01-01 05:38:00,2.1999999999999886,1,1,7660.06763888884,12383455.0,14000847.0,0.763388888888892,0,5814089.0,4030170.0,10797319.0,1
52,2020-01-01 05:39:00,0.8000000000000114,1,1,7704.92166666662,12456515.0,14102052.0,0.763388888888892,0,5870669.0,4065954.0,10867194.0,1
84,2020-01-01 09:25:00,309.40000000000003,1,1,53.333472222222,217152.0,398567.0,0.016388888888889,0,50988.0,53481.0,192894.0,0
84,2020-01-01 09:26:00,307.8,1,1,83.597166666666,293177.0,555010.0,0.027638888888888,0,146352.0,67447.0,293462.0,0
84,2020-01-01 09:27:00,303.6,1,1,183.964055555556,602031.0,1100581.0,0.032416666666666,0,294336.0,110008.0,527592.0,0
84,2020-01-01 09:28:00,303.0,1,1,186.295611111112,606789.0,1156014.0,0.032416666666666,0,294337.0,112105.0,538786.0,0
84,2020-01-01 09:29:00,302.6,1,1,203.72891666666,648936.0,1221352.0,0.032416666666666,0,310537.0,120549.0,562342.0,0
84,2020-01-01 09:30:00,302.20000000000005,1,1,215.37058333334,706890.0,1313145.0,0.032416666666666,0,329258.0,124793.0,578852.0,0
84,2020-01-01 09:31:00,300.8,1,1,253.53836111112,768303.0,1795276.0,0.049611111111112,0,379274.0,132777.0,781483.0,0
84,2020-01-01 09:32:00,299.40000000000003,1,1,276.10347222222,829949.0,2038285.0,0.054194444444444,0,443618.0,141098.0,874615.0,0
84,2020-01-01 09:33:00,298.6,1,1,296.67836111112,959689.0,2155546.0,0.054194444444444,0,463778.0,147806.0,1006526.0,0
84,2020-01-01 09:34:00,298.20000000000005,1,1,312.84763888888,1011845.0,2225903.0,0.058111111111112,0,474974.0,154802.0,1027002.0,0
84,2020-01-01 09:35:00,296.6,1,1,341.55433333334,1155274.0,2379733.0,0.075888888888888,0,524438.0,177778.0,1136709.0,0
84,2020-01-01 09:36:00,295.40000000000003,1,1,375.27025,1181443.0,2508161.0,0.105166666666666,0,622070.0,183747.0,1213318.0,0
84,2020-01-01 09:37:00,294.0,1,1,420.25988888888,1277890.0,2763767.0,0.116,0,659643.0,197351.0,1300366.0,0
84,2020-01-01 09:38:00,292.40000000000003,1,1,442.526,1379758.0,3090873.0,0.155972222222222,0,717543.0,208416.0,1548328.0,0
84,2020-01-01 09:39:00,291.20000000000005,1,1,454.95602777778,1423113.0,3313447.0,0.155972222222222,0,732843.0,216354.0,1738570.0,0
84,2020-01-01 09:40:00,289.6,1,1,502.61786111112,1514724.0,3542234.0,0.181222222222222,0,819844.0,241875.0,1862031.0,0
84,2020-01-01 09:41:00,288.20000000000005,1,1,568.24141666666,1608012.0,3725483.0,0.21016666666666,0,922504.0,256883.0,1941084.0,0
84,2020-01-01 09:42:00,287.0,1,1,636.78041666666,1704251.0,3938462.0,0.21333333333334,0,1005016.0,285171.0,2013521.0,0
84,2020-01-01 09:43:00,285.40000000000003,1,1,689.22863888888,1761373.0,4097179.0,0.21333333333334,0,1100224.0,299488.0,2059724.0,0
84,2020-01-01 09:44:00,284.0,1,1,711.49819444444,1790688.0,4280830.0,0.21333333333334,0,1168384.0,308404.0,2103236.0,0
84,2020-01-01 09:45:00,283.20000000000005,1,1,717.07708333334,1794926.0,4406306.0,0.21333333333334,0,1177876.0,314377.0,2104796.0,0
84,2020-01-01 09:46:00,282.40000000000003,1,1,727.16488888888,1816143.0,4453925.0,0.21333333333334,0,1184849.0,324941.0,2147943.0,0
84,2020-01-01 09:47:00,280.8,1,1,780.67733333334,1893714.0,4596743.0,0.21333333333334,0,1247321.0,344242.0,2229167.0,0
84,2020-01-01 09:48:00,279.8,1,1,818.41102777778,1951681.0,4775480.0,0.23430555555556,0,1338257.0,351166.0,2343814.0,0
84,2020-01-01 09:49:00,279.20000000000005,1,1,858.74616666666,2005098.0,4844029.0,0.25130555555556,0,1424850.0,355750.0,2360299.0,0
84,2020-01-01 09:50:00,278.6,1,1,870.39938888888,2034959.0,4923602.0,0.26869444444444,0,1488978.0,357799.0,2515038.0,0
84,2020-01-01 09:51:00,277.6,1,1,895.31519444444,2081330.0,4999405.0,0.28241666666666,0,1540290.0,367507.0,2540440.0,0
84,2020-01-01 09:52:00,277.0,1,1,899.17755555556,2099582.0,5028369.0,0.28241666666666,0,1540314.0,371941.0,2563086.0,0
84,2020-01-01 09:53:00,275.20000000000005,1,1,902.21791666666,2104613.0,5086557.0,0.28241666666666,0,1540314.0,375333.0,2582924.0,0
84,2020-01-01 09:54:00,274.40000000000003,1,1,927.58022222222,2172083.0,5139272.0,0.28241666666666,0,1559022.0,390801.0,2650238.0,0
84,2020-01-01 09:55:00,270.0,1,1,943.95638888888,2204518.0,5242583.0,0.28241666666666,0,1567783.0,407785.0,2693399.0,0
84,2020-01-01 09:56:00,264.20000000000005,1,1,946.00094444444,2207392.0,5314785.0,0.28241666666666,0,1567819.0,410742.0,2704501.0,0
84,2020-01-01 09:57:00,261.40000000000003,1,1,948.20202777778,2214750.0,5351653.0,0.28241666666666,0,1567903.0,420179.0,2738860.0,0
84,2020-01-01 09:58:00,259.8,1,1,950.768888888892,2218222.0,5365485.0,0.28241666666666,0,1568179.0,421191.0,2743683.0,0
84,2020-01-01 09:59:00,258.8,1,1,980.143555555558,2254869.0,5444096.0,0.28241666666666,0,1574071.0,438315.0,2786804.0,0
84,2020-01-01 10:00:00,257.40000000000003,1,1,1072.189333333336,2359389.0,5498020.0,0.28241666666666,0,1598479.0,474772.0,2827754.0,0
84,2020-01-01 10:01:00,256.6,1,1,1133.424472222224,2448192.0,5541102.0,0.28241666666666,0,1618807.0,501220.0,2851583.0,0
84,2020-01-01 10:02:00,256.0,1,1,1141.453361111114,2457877.0,5566283.0,0.28241666666666,0,1619911.0,505352.0,2859539.0,0
84,2020-01-01 10:03:00,254.6,1,1,1219.75555555556,2605063.0,5616671.0,0.28241666666666,0,1640779.0,541460.0,2945158.0,0
84,2020-01-01 10:04:00,254.2,1,1,1257.61755555556,2664486.0,5637679.0,0.28241666666666,0,1654111.0,557809.0,2972263.0,0
84,2020-01-01 10:05:00,253.2,1,1,1298.20333333334,2732736.0,5681320.0,0.28241666666666,0,1666471.0,574801.0,3009482.0,0
84,2020-01-01 10:06:00,251.8,1,1,1393.20633333334,2849853.0,5735166.0,0.28241666666666,0,1690975.0,616945.0,3097401.0,0
84,2020-01-01 10:07:00,250.40000000000003,1,1,1458.75772222222,2969401.0,5773802.0,0.28241666666666,0,1710559.0,639583.0,3154770.0,0
84,2020-01-01 10:08:00,249.00000000000003,1,1,1473.33397222222,3007699.0,5797242.0,0.28241666666666,0,1713835.0,648343.0,3166496.0,0
84,2020-01-01 10:09:00,247.6,1,1,1542.55272222222,3164791.0,5846486.0,0.28241666666666,0,1737872.0,682316.0,3209747.0,0
84,2020-01-01 10:10:00,246.2,1,1,1617.22855555556,3289175.0,5905221.0,0.28241666666666,0,1761416.0,717864.0,3289658.0,0
84,2020-01-01 10:11:00,244.8,1,1,1677.7111388889,3365498.0,5956272.0,0.28241666666666,0,1789424.0,740813.0,3325564.0,0
84,2020-01-01 10:12:00,239.00000000000003,1,1,1959.33172222222,4356515.0,6213217.0,0.28241666666666,0,1849220.0,896057.0,3672170.0,0
84,2020-01-01 10:13:00,236.40000000000003,1,1,2091.94930555556,4827791.0,6386222.0,0.28241666666666,0,1880852.0,987725.0,4028305.0,0
84,2020-01-01 10:14:00,224.6,1,1,2684.098,6788100.0,7021298.0,0.28241666666666,0,2016272.0,1346543.0,4934639.0,0
84,2020-01-01 10:15:00,224.00000000000003,1,1,2707.9916388889,6858482.0,7034311.0,0.28241666666666,0,2019128.0,1360676.0,5006178.0,0
84,2020-01-01 10:16:00,223.40000000000003,1,1,2759.1005,6999494.0,7077562.0,0.28241666666666,0,2034248.0,1386492.0,5079992.0,0
84,2020-01-01 10:17:00,223.00000000000003,1,1,2790.43991666668,7102870.0,7094437.0,0.28241666666666,0,2040476.0,1405153.0,5145513.0,0
84,2020-01-01 10:18:00,213.6,1,1,3215.41219444438,8056680.0,7456436.0,0.28241666666666,0,2141288.0,1635170.0,5556028.0,0
84,2020-01-01 10:19:00,213.40000000000003,1,1,3233.95530555558,8080600.0,7471139.0,0.28241666666666,0,2145728.0,1642882.0,5581040.0,0
84,2020-01-01 10:20:00,207.2,1,1,3589.91194444438,8611182.0,7652944.0,0.28241666666666,0,2222973.0,1827287.0,5786154.0,0
84,2020-01-01 10:21:00,205.00000000000003,1,1,3744.99147222218,8842231.0,7727733.0,0.28241666666666,0,2258506.0,1900568.0,5843965.0,0
84,2020-01-01 10:22:00,204.8,1,1,3744.99147222218,8842232.0,7730541.0,0.28241666666666,0,2258507.0,1900646.0,5843965.0,0
84,2020-01-01 10:23:00,200.8,1,1,3988.27197222218,9211680.0,7875959.0,0.28241666666666,0,2313587.0,2027243.0,5943597.0,0
84,2020-01-01 10:24:00,194.40000000000003,1,1,4018.25394444438,9248691.0,7931508.0,0.28241666666666,0,2323919.0,2042080.0,5965853.0,0
84,2020-01-01 10:25:00,187.6,1,1,4355.82105555558,9724998.0,8103121.0,0.28241666666666,0,2400827.0,2209621.0,6094475.0,0
84,2020-01-01 10:26:00,181.2,1,1,4686.18241666658,10238160.0,8306662.0,0.28241666666666,0,2478467.0,2389613.0,6292921.0,0
84,2020-01-01 10:27:00,176.40000000000003,1,1,4902.10672222218,10703912.0,8457748.0,0.28241666666666,0,2516435.0,2519046.0,6478938.0,0
84,2020-01-01 10:28:00,172.8,1,1,5107.48833333338,11087542.0,8572434.0,0.28241666666666,0,2559419.0,2626806.0,6611135.0,0
84,2020-01-01 10:29:00,172.60000000000002,1,1,5127.26163888898,11110006.0,8582093.0,0.28241666666666,0,2567171.0,2635086.0,6626618.0,0
84,2020-01-01 10:30:00,166.20000000000002,1,1,5413.90377777778,11796888.0,8844693.0,0.28241666666666,0,2626943.0,2790598.0,6991970.0,0
84,2020-01-01 10:31:00,159.60000000000002,1,1,5625.56611111118,12398983.0,9066057.0,0.28241666666666,0,2680812.0,2911819.0,7311783.0,0
84,2020-01-01 10:32:00,153.20000000000002,1,1,5989.32949999998,13612624.0,9415393.0,0.28241666666666,0,2765497.0,3095312.0,7900917.0,0
84,2020-01-01 10:33:00,146.8,1,1,6386.58969444438,14441699.0,9671051.0,0.28241666666666,0,2873797.0,3253685.0,8238709.0,0
84,2020-01-01 10:34:00,145.20000000000002,1,1,6484.66166666658,14603094.0,9755161.0,0.28241666666666,0,2896633.0,3295557.0,8379122.0,0
84,2020-01-01 10:35:00,141.40000000000003,1,1,6697.70274999998,15025880.0,9929049.0,0.28241666666666,0,2934277.0,3398686.0,8525581.0,0
84,2020-01-01 10:36:00,135.8,1,1,6947.38874999998,15546322.0,10150791.0,0.28241666666666,0,2991470.0,3530611.0,8747790.0,0
84,2020-01-01 10:37:00,134.8,1,1,6990.69183333338,15640637.0,10188244.0,0.28241666666666,0,3001646.0,3554065.0,8772282.0,0
84,2020-01-01 10:38:00,127.40000000000003,1,1,7333.27538888898,16182711.0,10443122.0,0.28241666666666,0,3108734.0,3723074.0,8978384.0,0
84,2020-01-01 10:39:00,127.20000000000002,1,1,7333.27538888898,16182711.0,10443123.0,0.28241666666666,0,3108735.0,3723075.0,8978384.0,0
84,2020-01-01 10:40:00,126.60000000000002,1,1,7337.32602777786,16192669.0,10498932.0,0.28241666666666,0,3109083.0,3725503.0,8988368.0,0
84,2020-01-01 10:41:00,121.00000000000004,1,1,7532.53938888898,16394364.0,10665930.0,0.28241666666666,0,3173115.0,3816217.0,9133565.0,0
84,2020-01-01 10:42:00,114.8,1,1,7816.0973611112,16772574.0,10840624.0,0.28241666666666,0,3246340.0,3944225.0,9228166.0,0
84,2020-01-01 10:43:00,108.8,1,1,8108.4055000001,17254133.0,11044516.0,0.28241666666666,0,3354856.0,4087288.0,9380787.0,0
84,2020-01-01 10:44:00,102.20000000000002,1,1,8439.78494444454,17870060.0,11260563.0,0.28241666666666,0,3462832.0,4248692.0,9590451.0,0
84,2020-01-01 10:45:00,98.8,1,1,8593.36055555564,18269784.0,11371154.0,0.28241666666666,0,3512884.0,4326672.0,9738300.0,0
84,2020-01-01 10:46:00,96.60000000000002,1,1,8661.67933333342,18542199.0,11451143.0,0.28241666666666,0,3545632.0,4361493.0,9856665.0,0
84,2020-01-01 10:47:00,94.8,1,1,8766.5153611112,18806918.0,11529949.0,0.28241666666666,0,3589348.0,4409021.0,9994583.0,0
84,2020-01-01 10:48:00,88.80000000000001,1,1,9059.85863888898,19657872.0,11728849.0,0.28241666666666,0,3680776.0,4557881.0,10273173.0,0
84,2020-01-01 10:49:00,88.60000000000002,1,1,9060.85863888898,19657872.0,11728849.0,0.28241666666666,0,3680776.0,4557882.0,10273173.0,0
84,2020-01-01 10:50:00,88.00000000000003,1,1,9060.85863888898,19657872.0,11734595.0,0.28241666666666,0,3680776.0,4557936.0,10273173.0,0
84,2020-01-01 10:51:00,87.20000000000002,1,1,9060.85863888898,19657872.0,11736481.0,0.28241666666666,0,3680776.0,4557937.0,10273173.0,0
84,2020-01-01 10:52:00,86.80000000000001,1,1,9060.85863888898,19657872.0,11748805.0,0.28241666666666,0,3680776.0,4557957.0,10278139.0,0
84,2020-01-01 10:53:00,80.60000000000002,1,1,9400.46105555558,20632677.0,12032985.0,0.28241666666666,0,3804412.0,4726118.0,10679917.0,0
84,2020-01-01 10:54:00,77.60000000000002,1,1,9514.58427777778,21153262.0,12144370.0,0.28241666666666,0,3847408.0,4786170.0,10906780.0,0
84,2020-01-01 10:55:00,71.40000000000003,1,1,9773.18352777778,21784178.0,12384792.0,0.28241666666666,0,3951892.0,4893602.0,11245274.0,0
84,2020-01-01 10:56:00,65.20000000000002,1,1,10001.79805555558,22407177.0,12634639.0,0.28241666666666,0,4037740.0,4996713.0,11596495.0,0
84,2020-01-01 10:57:00,62.80000000000001,1,1,10091.55238888898,22622587.0,12714706.0,0.28241666666666,0,4069756.0,5040406.0,11686182.0,0
84,2020-01-01 10:58:00,58.60000000000002,1,1,10249.53211111118,22898473.0,12882654.0,0.28241666666666,0,4128652.0,5113826.0,11850645.0,0
84,2020-01-01 10:59:00,56.60000000000002,1,1,10365.86152777778,23008778.0,12950410.0,0.28241666666666,0,4162996.0,5167654.0,11938096.0,0
84,2020-01-01 11:00:00,54.0,1,1,10415.77658333338,23115677.0,13039135.0,0.28241666666666,0,4185364.0,5196762.0,12013327.0,0
84,2020-01-01 11:01:00,51.80000000000001,1,1,10430.44197222238,23148853.0,13083270.0,0.28241666666666,0,4189060.0,5206314.0,12049870.0,0
84,2020-01-01 11:02:00,45.60000000000002,1,1,10715.18344444458,23604425.0,13250385.0,0.28241666666666,0,4271440.0,5357438.0,12200475.0,0
84,2020-01-01 11:03:00,41.400000000000034,1,1,10962.49922222238,23838477.0,13353970.0,0.28241666666666,0,4363553.0,5473682.0,12256960.0,0
84,2020-01-01 11:04:00,35.0,1,1,11310.34061111118,24376210.0,13540052.0,0.28241666666666,0,4491593.0,5633155.0,12379733.0,0
84,2020-01-01 11:05:00,30.80000000000001,1,1,11580.06975000018,24745450.0,13668713.0,0.28241666666666,0,4588577.0,5757323.0,12535993.0,0
84,2020-01-01 11:06:00,28.80000000000001,1,1,11692.32036111118,24931169.0,13769632.0,0.28241666666666,0,4642229.0,5806632.0,12677615.0,0
84,2020-01-01 11:07:00,27.80000000000001,1,1,11728.24716666678,24983338.0,13800195.0,0.28241666666666,0,4655885.0,5817553.0,12727925.0,0
84,2020-01-01 11:08:00,22.400000000000038,1,1,11944.69705555558,25500764.0,13991399.0,0.28241666666666,0,4749473.0,5916565.0,12910237.0,0
84,2020-01-01 11:09:00,16.80000000000001,1,1,12190.93636111118,26282220.0,14191014.0,0.28241666666666,0,4818329.0,6065797.0,13166857.0,0
84,2020-01-01 11:10:00,10.800000000000011,1,1,12480.16947222238,27227242.0,14437975.0,0.28241666666666,0,4906841.0,6248413.0,13568648.0,0
84,2020-01-01 11:11:00,4.800000000000011,1,1,12886.48477777778,28255516.0,14803769.0,0.28241666666666,0,5051009.0,6417999.0,14264447.0,0
116,2020-01-01 14:48:00,355.0,1,1,40.95186111111112,135122.0,342251.0,0.0065555555555556,0,15768.0,38429.0,140764.0,1
116,2020-01-01 14:49:00,353.2,1,1,65.86880555555513,257127.0,522132.0,0.041583333333334,0,52068.0,53574.0,236444.0,1
116,2020-01-01 14:50:00,352.2,1,1,95.28569444444511,361699.0,666394.0,0.048111111111112,0,67392.0,80818.0,330746.0,1
116,2020-01-01 14:51:00,349.4,1,1,192.5245277777771,625002.0,1134862.0,0.062861111111112,0,147745.0,138630.0,727181.0,1
116,2020-01-01 14:52:00,348.8,1,1,217.4216944444512,700363.0,1221806.0,0.062861111111112,0,178129.0,146581.0,789633.0,1
116,2020-01-01 14:53:00,348.0,1,1,255.8740833333312,786254.0,1288938.0,0.093805555555556,0,203941.0,165189.0,852969.0,1
116,2020-01-01 14:54:00,347.8,1,1,255.8740833333312,786255.0,1288938.0,0.093805555555556,0,205273.0,165281.0,852969.0,1
116,2020-01-01 14:55:00,346.6,1,1,299.7601666666711,887252.0,1588952.0,0.093805555555556,0,236617.0,208353.0,991445.0,1
116,2020-01-01 14:56:00,345.2,1,1,351.1311666666711,979032.0,1787943.0,0.106333333333334,0,282661.0,241231.0,1081470.0,1
116,2020-01-01 14:57:00,344.2,1,1,364.5031666666712,1062051.0,1902447.0,0.106333333333334,0,297697.0,261007.0,1152385.0,1
116,2020-01-01 14:58:00,343.8,1,1,366.4761666666712,1105237.0,1924222.0,0.106333333333334,0,298009.0,264479.0,1210742.0,1
116,2020-01-01 14:59:00,342.4,1,1,420.5872222222311,1177686.0,2201486.0,0.109333333333334,0,334273.0,285315.0,1290666.0,1
116,2020-01-01 15:00:00,341.0,1,1,466.6593055555512,1283155.0,2393613.0,0.131222222222222,0,369781.0,303399.0,1507974.0,1
116,2020-01-01 15:01:00,338.2,1,1,555.4066944444511,1535251.0,2583296.0,0.151722222222222,0,434437.0,383800.0,1726829.0,1
116,2020-01-01 15:02:00,336.8,1,1,591.8316388888912,1598042.0,2791583.0,0.165694444444444,0,466261.0,397777.0,1961506.0,1
116,2020-01-01 15:03:00,335.4,1,1,623.6190833333311,1663796.0,3004017.0,0.186416666666666,0,507661.0,413430.0,2075906.0,1
116,2020-01-01 15:04:00,334.0,1,1,683.1329444444513,1731240.0,3063376.0,0.186694444444444,0,534878.0,429487.0,2147536.0,1
116,2020-01-01 15:05:00,332.6,1,1,712.6803333333311,1817599.0,3249445.0,0.189722222222222,0,557402.0,454832.0,2306071.0,1
116,2020-01-01 15:06:00,331.0,1,1,743.6039166666712,1873226.0,3411100.0,0.20563888888888,0,595610.0,470800.0,2374581.0,1
116,2020-01-01 15:07:00,329.8,1,1,788.6394999999912,1987419.0,3559652.0,0.21697222222222,0,626666.0,493672.0,2523353.0,1
116,2020-01-01 15:08:00,328.2,1,1,824.7745833333312,2078835.0,3690679.0,0.26741666666666,0,656282.0,516429.0,2551290.0,1
116,2020-01-01 15:09:00,326.4,1,1,871.3491388888912,2145018.0,3799957.0,0.27519444444444,0,687146.0,545923.0,2672099.0,1
116,2020-01-01 15:10:00,325.6,1,1,897.4498055555512,2209343.0,3952356.0,0.27519444444444,0,711291.0,568208.0,2809977.0,1
116,2020-01-01 15:11:00,325.2,1,1,902.0704999999912,2216766.0,3967072.0,0.29127777777778,0,722559.0,578821.0,2821222.0,1
116,2020-01-01 15:12:00,324.8,1,1,910.2500555555512,2233822.0,3985805.0,0.29127777777778,0,730923.0,588346.0,2839150.0,1
116,2020-01-01 15:13:00,324.2,1,1,925.6866388888913,2263072.0,4070864.0,0.29127777777778,0,741915.0,597062.0,2887380.0,1
116,2020-01-01 15:14:00,322.8,1,1,963.4413333333312,2290333.0,4236731.0,0.30075,0,775887.0,607980.0,3109096.0,1
116,2020-01-01 15:15:00,321.2,1,1,1003.6369166666713,2316268.0,4292163.0,0.32961111111112,0,807471.0,624152.0,3134823.0,1
116,2020-01-01 15:16:00,320.0,1,1,1044.622722222231,2364485.0,4433265.0,0.33875,0,834999.0,642828.0,3240162.0,1
116,2020-01-01 15:17:00,319.4,1,1,1072.615222222231,2398792.0,4458122.0,0.34469444444444,0,850287.0,667560.0,3280436.0,1
116,2020-01-01 15:18:00,318.6,1,1,1074.2440555555645,2426586.0,4474970.0,0.34469444444444,0,851907.0,670132.0,3290654.0,1
116,2020-01-01 15:19:00,317.2,1,1,1124.0875277777873,2535345.0,4551839.0,0.368888888888884,0,883071.0,731102.0,3383955.0,1
116,2020-01-01 15:20:00,315.6,1,1,1168.9228333333433,2605792.0,4609975.0,0.383638888888884,0,913671.0,753722.0,3421200.0,1
116,2020-01-01 15:21:00,314.4,1,1,1251.4039166666753,2773648.0,4678381.0,0.405305555555552,0,959523.0,785294.0,3575797.0,1
116,2020-01-01 15:22:00,312.8,1,1,1274.0290555555712,2810295.0,4725532.0,0.405305555555552,0,970468.0,803688.0,3636170.0,1
116,2020-01-01 15:23:00,311.6,1,1,1320.0294166666713,2842743.0,4812723.0,0.405305555555552,0,997240.0,816717.0,3780080.0,1
116,2020-01-01 15:24:00,310.2,1,1,1362.4120277777913,2898786.0,4934247.0,0.405305555555552,0,1032424.0,841293.0,3949262.0,1
116,2020-01-01 15:25:00,308.4,1,1,1433.6899444444512,3028474.0,4991265.0,0.4227499999999958,0,1085548.0,862538.0,4011493.0,1
116,2020-01-01 15:26:00,307.2,1,1,1504.439500000011,3179209.0,5089363.0,0.4318333333333278,0,1116353.0,881930.0,4163268.0,1
116,2020-01-01 15:27:00,305.4,1,1,1523.303111111111,3219327.0,5132042.0,0.444833333333328,0,1123841.0,891526.0,4261145.0,1
116,2020-01-01 15:28:00,304.6,1,1,1592.3581111111112,3595898.0,5224485.0,0.4570833333333278,0,1163861.0,915598.0,4450464.0,1
116,2020-01-01 15:29:00,303.2,1,1,1644.154222222231,3647678.0,5268321.0,0.4905555555555518,0,1205405.0,931331.0,4490244.0,1
116,2020-01-01 15:30:00,300.4,1,1,1725.968166666671,3813805.0,5518078.0,0.530722222222218,0,1275569.0,1004232.0,4795861.0,1
116,2020-01-01 15:31:00,298.8,1,1,1769.058472222231,3859305.0,5610274.0,0.530722222222218,0,1290845.0,1027544.0,4860874.0,1
116,2020-01-01 15:32:00,298.2,1,1,1803.299777777791,3889153.0,5652174.0,0.530722222222218,0,1314929.0,1038212.0,4890358.0,1
116,2020-01-01 15:33:00,298.0,1,1,1803.299777777791,3889153.0,5652174.0,0.530722222222218,0,1314929.0,1038212.0,4890358.0,1
116,2020-01-01 15:34:00,297.6,1,1,1805.948861111111,3895731.0,5681840.0,0.530722222222218,0,1315457.0,1039521.0,4908064.0,1
116,2020-01-01 15:35:00,296.2,1,1,1820.2973333333512,3952476.0,5771878.0,0.530722222222218,0,1332173.0,1049673.0,5105508.0,1
116,2020-01-01 15:36:00,293.4,1,1,1905.1928333333508,4103939.0,5996310.0,0.55888888888888,0,1412585.0,1093722.0,5381108.0,1
116,2020-01-01 15:37:00,292.0,1,1,1941.1330000000107,4188725.0,6146538.0,0.60230555555556,0,1447781.0,1123823.0,5605592.0,1
116,2020-01-01 15:38:00,290.6,1,1,1982.2485555555709,4283886.0,6294127.0,0.60866666666666,0,1483278.0,1146116.0,5793312.0,1
116,2020-01-01 15:39:00,284.4,1,1,2139.114333333351,4691761.0,6970894.0,0.63013888888888,0,1639447.0,1223796.0,6195454.0,1
116,2020-01-01 15:40:00,278.8,1,1,2214.776055555571,4840560.0,7260040.0,0.64330555555556,0,1680415.0,1283244.0,6383785.0,1
116,2020-01-01 15:41:00,277.0,1,1,2224.026750000012,4881679.0,7451751.0,0.6506111111111,0,1691023.0,1300968.0,6575614.0,1
116,2020-01-01 15:42:00,268.4,1,1,2413.5167500000102,5297913.0,8972985.0,0.66402777777778,0,1861759.0,1419436.0,9413709.0,1
116,2020-01-01 15:43:00,256.2,1,1,2806.757444444451,5972171.0,9937728.0,0.71177777777778,0,2199475.0,1667312.0,10065685.0,1
116,2020-01-01 15:44:00,250.0,1,1,2999.070055555571,6299758.0,10179710.0,0.7291111111111002,0,2319871.0,1836296.0,10284644.0,1
116,2020-01-01 15:45:00,249.8,1,1,2999.94155555557,6305244.0,10185638.0,0.7291111111111002,0,2319883.0,1838386.0,10291092.0,1
116,2020-01-01 15:46:00,249.2,1,1,3000.438583333351,6310028.0,10209441.0,0.7291111111111002,0,2319919.0,1839511.0,10302805.0,1
116,2020-01-01 15:47:00,242.8,1,1,3229.6453333334302,6642997.0,10493102.0,0.7628611111111,0,2500891.0,2051613.0,10565444.0,1
116,2020-01-01 15:48:00,236.0,1,1,3473.533805555631,7108995.0,10820455.0,0.77869444444444,0,2665303.0,2216618.0,10891848.0,1
116,2020-01-01 15:49:00,229.6,1,1,3697.221888888831,7401950.0,11083042.0,0.77872222222222,0,2792863.0,2406947.0,11133831.0,1
116,2020-01-01 15:50:00,223.2,1,1,3932.154750000031,7848409.0,11378909.0,0.7795,0,2983879.0,2565591.0,11456361.0,1
116,2020-01-01 15:51:00,216.4,1,1,4096.557861111032,8049545.0,11562352.0,0.7795,0,3103196.0,2632545.0,11617535.0,1
116,2020-01-01 15:52:00,212.2,1,1,4282.59925000003,8601083.0,11872272.0,0.7795,0,3271364.0,2764567.0,12084781.0,1
116,2020-01-01 15:53:00,205.0,1,1,4404.221972222231,8932817.0,12252483.0,0.78675,0,3392588.0,2842783.0,12399082.0,1
116,2020-01-01 15:54:00,198.8,1,1,4586.309722222232,9319840.0,12925545.0,0.79088888888888,0,3492320.0,3110608.0,12712083.0,1
116,2020-01-01 15:55:00,197.8,1,1,4625.960722222232,9433044.0,13065594.0,0.79088888888888,0,3511112.0,3176621.0,12802823.0,1
116,2020-01-01 15:56:00,191.4,1,1,4825.086722222232,9724673.0,13731649.0,0.79088888888888,0,3664065.0,3366954.0,13202664.0,1
116,2020-01-01 15:57:00,189.4,1,1,4922.167722222232,9817455.0,13961438.0,0.79088888888888,0,3770097.0,3427722.0,13409793.0,1
116,2020-01-01 15:58:00,182.6,1,1,5129.338861111032,10160396.0,14758715.0,0.79088888888888,0,3959229.0,3666077.0,14090369.0,1
116,2020-01-01 15:59:00,172.2,1,1,5414.863083333432,10527699.0,15546671.0,0.79172222222222,0,4198029.0,3996159.0,14612423.0,1
116,2020-01-01 16:00:00,166.6,1,1,5610.479805555632,10850697.0,15948670.0,0.80575,0,4419634.0,4215767.0,14983989.0,1
116,2020-01-01 16:01:00,164.0,1,1,5738.540888888832,11064547.0,16129930.0,0.80575,0,4511651.0,4309983.0,15192028.0,1
116,2020-01-01 16:02:00,156.8,1,1,5739.540888888832,11064547.0,16200819.0,0.80575,0,4511652.0,4311023.0,15192028.0,1
116,2020-01-01 16:03:00,150.8,1,1,5872.167722222232,11251955.0,16654792.0,0.8131111111111,0,4660092.0,4470876.0,15518913.0,1
116,2020-01-01 16:04:00,145.0,1,1,6078.281055555632,11434722.0,17174259.0,0.82872222222222,0,4904928.0,4646704.0,15992607.0,1
116,2020-01-01 16:05:00,139.0,1,1,6319.412805555632,11829935.0,17879561.0,0.83497222222222,0,5081328.0,4941400.0,16789520.0,1
116,2020-01-01 16:06:00,134.2,1,1,6443.919000000032,12025559.0,18137429.0,0.83497222222222,0,5150461.0,5105941.0,16987991.0,1
116,2020-01-01 16:07:00,128.2,1,1,6690.443916666632,12269790.0,19203767.0,0.83497222222222,0,5349362.0,5321635.0,17395216.0,1
116,2020-01-01 16:08:00,122.2,1,1,6886.755277777832,12547743.0,19846396.0,0.83497222222222,0,5535362.0,5561528.0,17717226.0,1
116,2020-01-01 16:09:00,105.6,1,1,7039.336416666632,12910027.0,20363120.0,0.83497222222222,0,5734046.0,5762609.0,17889827.0,1
116,2020-01-01 16:10:00,99.60000000000002,1,1,7271.177583333432,13088127.0,20628580.0,0.83497222222222,0,5927330.0,5877337.0,18078574.0,1
116,2020-01-01 16:11:00,91.8,1,1,7351.016166666632,13168675.0,20792134.0,0.83497222222222,0,5977407.0,5906090.0,18163516.0,1
116,2020-01-01 16:12:00,85.80000000000001,1,1,7590.886416666632,13626197.0,21251619.0,0.89655555555556,0,6185475.0,6033204.0,18620375.0,1
116,2020-01-01 16:13:00,84.19999999999999,1,1,7639.439305555632,13776010.0,21438156.0,0.98494444444444,0,6235695.0,6060068.0,18767509.0,1
116,2020-01-01 16:14:00,83.0,1,1,7639.439305555632,13776010.0,21447672.0,0.98494444444444,0,6235695.0,6060140.0,18767510.0,1
116,2020-01-01 16:15:00,76.39999999999998,1,1,7699.449916666632,13844871.0,21557146.0,1.03238888888888,0,6267759.0,6080725.0,18824619.0,1
116,2020-01-01 16:16:00,72.19999999999999,1,1,7728.649777777832,13919725.0,21788611.0,1.07408333333332,0,6299079.0,6103042.0,19088480.0,1
116,2020-01-01 16:17:00,71.80000000000001,1,1,7752.174277777832,13950509.0,21829067.0,1.08130555555556,0,6314871.0,6124174.0,19098776.0,1
116,2020-01-01 16:18:00,65.80000000000001,1,1,8038.987666666632,14689845.0,23010390.0,1.78641666666666,0,6560692.0,6236435.0,19956569.0,1
116,2020-01-01 16:19:00,44.80000000000001,1,1,8061.313861111032,14769457.0,23216089.0,1.78641666666666,0,6579100.0,6266455.0,20069293.0,1
116,2020-01-01 16:20:00,40.60000000000002,1,1,8228.31997222223,14995124.0,23839686.0,1.78641666666666,0,6708124.0,6389715.0,20458162.0,1
116,2020-01-01 16:21:00,40.0,1,1,8250.44708333343,15011686.0,23850320.0,1.78641666666666,0,6720005.0,6396059.0,20461035.0,1
116,2020-01-01 16:22:00,37.0,1,1,8266.007194444543,15050790.0,24023324.0,1.78641666666666,0,6742877.0,6408611.0,20488868.0,1
116,2020-01-01 16:23:00,33.0,1,1,8433.376833333432,15168921.0,24223472.0,1.78641666666666,0,6911549.0,6500020.0,20609131.0,1
116,2020-01-01 16:24:00,27.0,1,1,8798.630805555651,15434603.0,24595883.0,1.78641666666666,0,7256813.0,6658313.0,20791924.0,1
116,2020-01-01 16:25:00,22.80000000000001,1,1,8987.96772222231,15650195.0,24790220.0,1.7872222222222154,0,7422881.0,6755594.0,20987965.0,1
116,2020-01-01 16:26:00,16.80000000000001,1,1,9284.278027777871,15882570.0,25075596.0,1.7872222222222154,0,7683342.0,6891045.0,21218143.0,1
116,2020-01-01 16:27:00,10.199999999999989,1,1,9692.866916666771,16077102.0,25412023.0,1.7911111111111042,0,7987050.0,7002102.0,21408203.0,1
116,2020-01-01 16:28:00,4.0,1,1,9993.481611111212,16347294.0,25751843.0,1.8066944444444373,0,8289822.0,7145190.0,21568688.0,1
161,2020-01-01 19:14:00,444.4,1,0,599.7211666666756,1243255.0,1066234.0,0.358,1,538992.0,292684.0,907868.0,1
161,2020-01-01 19:15:00,443.2,1,0,638.3002222222157,1392547.0,1146939.0,0.358,1,585888.0,325953.0,1038258.0,1
161,2020-01-01 19:16:00,442.0,1,0,682.3019444444377,1451437.0,1220844.0,0.358,1,611040.0,356837.0,1143740.0,1
161,2020-01-01 19:17:00,428.0,1,0,1292.5910277777757,3116672.0,1709046.0,0.542194444444444,1,1136244.0,711569.0,1977274.0,1
161,2020-01-01 19:18:00,418.4,1,0,1897.413583333336,4356794.0,2562639.0,0.60080555555556,1,1601568.0,1039734.0,2811315.0,1
161,2020-01-01 19:19:00,416.6,1,0,1958.990138888876,4551508.0,2684293.0,0.60411111111112,1,1664904.0,1089136.0,2916654.0,1
161,2020-01-01 19:20:00,407.2,1,0,2403.826361111116,5535972.0,3650011.0,0.62352777777778,1,2046216.0,1338336.0,3967561.0,1
161,2020-01-01 19:21:00,400.4,1,0,2691.285055555616,6161350.0,4223909.0,0.66633333333334,1,2312112.0,1458786.0,4650711.0,1
161,2020-01-01 19:22:00,390.4,1,0,3215.8340833334164,7390435.0,5385498.0,0.76116666666666,1,2817972.0,1680078.0,5713253.0,1
161,2020-01-01 19:23:00,386.0,1,0,3406.009500000016,7914699.0,5814642.0,0.78038888888888,1,3010272.0,1764927.0,6301490.0,1
161,2020-01-01 19:24:00,385.6,1,0,3421.390944444416,7939685.0,5845127.0,0.78933333333334,1,3027841.0,1771763.0,6340958.0,1
161,2020-01-01 19:25:00,383.2,1,0,3512.789916666616,8163077.0,5961022.0,0.82725,1,3131306.0,1807731.0,6489951.0,1
161,2020-01-01 19:26:00,382.2,1,0,3558.4582777778164,8225165.0,6055831.0,0.82725,1,3176582.0,1825800.0,6546801.0,1
161,2020-01-01 19:27:00,378.6,1,0,3751.177833333416,8593039.0,6200144.0,0.82972222222222,1,3314570.0,1932328.0,6821387.0,1
161,2020-01-01 19:28:00,372.4,1,0,4000.048583333416,9252568.0,6627636.0,0.850333333333332,1,3527486.0,2081589.0,7301620.0,1
161,2020-01-01 19:29:00,370.4,1,0,4107.684083333416,9429720.0,6749108.0,0.850333333333332,1,3608846.0,2141521.0,7436079.0,1
161,2020-01-01 19:30:00,367.2,1,0,4231.308722222297,10014369.0,6967183.0,0.850333333333332,1,3703862.0,2213777.0,7797102.0,1
161,2020-01-01 19:31:00,366.2,1,0,4269.539583333417,10120319.0,7016752.0,0.850333333333332,1,3742070.0,2240466.0,7832852.0,1
161,2020-01-01 19:32:00,359.6,1,0,4525.883000000077,10719970.0,7355000.0,0.856277777777776,1,3923679.0,2393808.0,8448935.0,1
161,2020-01-01 19:33:00,359.4,1,0,4535.713000000077,10729473.0,7364074.0,0.856277777777776,1,3933783.0,2398720.0,8476417.0,1
161,2020-01-01 19:34:00,354.6,1,0,4753.914750000077,11329059.0,7616756.0,0.859333333333332,1,4093420.0,2533004.0,8793435.0,1
161,2020-01-01 19:35:00,348.2,1,0,5042.412000000078,11973365.0,8087721.0,0.88397222222222,1,4326857.0,2716810.0,9311108.0,1
161,2020-01-01 19:36:00,341.8,1,0,5314.910861111198,12578853.0,8542032.0,0.889611111111108,1,4571081.0,2887199.0,9800715.0,1
161,2020-01-01 19:37:00,341.0,1,0,5347.720583333417,12648221.0,8591627.0,0.889611111111108,1,4607801.0,2912532.0,9849192.0,1
161,2020-01-01 19:38:00,334.6,1,0,5729.567027777857,13382097.0,9177849.0,0.903944444444442,1,4992377.0,3082393.0,10631207.0,1
161,2020-01-01 19:39:00,330.8,1,0,5862.681250000018,13825462.0,9524533.0,0.903944444444442,1,5140565.0,3165054.0,11033675.0,1
161,2020-01-01 19:40:00,330.0,1,0,5885.479722222218,13881492.0,9598672.0,0.903944444444442,1,5177982.0,3176915.0,11098922.0,1
161,2020-01-01 19:41:00,327.0,1,0,5989.778583333418,14130339.0,9924556.0,0.914638888888886,1,5315850.0,3229372.0,11399547.0,1
161,2020-01-01 19:42:00,324.6,1,0,6062.302222222218,14304994.0,10276532.0,0.914638888888886,1,5426527.0,3274437.0,11603504.0,1
161,2020-01-01 19:43:00,324.0,1,0,6087.263472222218,14375610.0,10357899.0,0.918666666666664,1,5448775.0,3288810.0,11651214.0,1
161,2020-01-01 19:44:00,317.8,1,0,6386.832472222219,15032175.0,11031546.0,0.93597222222222,1,5814211.0,3463686.0,12213945.0,1
161,2020-01-01 19:45:00,313.0,1,0,6626.337777777819,15513539.0,11386433.0,0.943055555555554,1,6035935.0,3598591.0,12682491.0,1
161,2020-01-01 19:46:00,312.8,1,0,6636.407805555618,15527696.0,11387993.0,0.943055555555554,1,6053720.0,3606169.0,12689992.0,1
161,2020-01-01 19:47:00,307.2,1,0,6853.7700277778185,16018590.0,11802277.0,0.943055555555554,1,6282092.0,3734558.0,13038926.0,1
161,2020-01-01 19:48:00,304.4,1,0,6949.618388889019,16321568.0,12016140.0,0.949194444444442,1,6398864.0,3799798.0,13312186.0,1
161,2020-01-01 19:49:00,297.0,1,0,7017.208472222218,16479310.0,12423755.0,0.949194444444442,1,6472724.0,3837010.0,13526947.0,1
161,2020-01-01 19:50:00,292.4,1,0,7240.37772222222,16894049.0,12602766.0,0.955527777777776,1,6674504.0,3944331.0,13734856.0,1
161,2020-01-01 19:51:00,287.6,1,0,7434.68005555562,17455845.0,12868850.0,0.9656388888888858,1,6813716.0,4080959.0,13946405.0,1
161,2020-01-01 19:52:00,281.6,1,0,7705.333333333419,18005719.0,13131775.0,0.967833333333332,1,7026608.0,4238816.0,14321715.0,1
161,2020-01-01 19:53:00,277.8,1,0,7885.672666666819,18422889.0,13380166.0,0.968138888888886,1,7246544.0,4334840.0,14575553.0,1
161,2020-01-01 19:54:00,277.6,1,0,7888.82469444462,18433861.0,13385535.0,0.968138888888886,1,7247144.0,4335752.0,14576893.0,1
161,2020-01-01 19:55:00,276.0,1,0,7959.915472222398,18618422.0,13470113.0,0.968138888888886,1,7286553.0,4386261.0,14668699.0,1
161,2020-01-01 19:56:00,270.0,1,0,8247.89119444462,19171819.0,13828796.0,0.9748055555555526,1,7590514.0,4541533.0,15051419.0,1
161,2020-01-01 19:57:00,264.0,1,0,8507.89877777796,19755013.0,14294638.0,0.990361111111108,1,7827826.0,4678222.0,15489337.0,1
161,2020-01-01 19:58:00,258.0,1,0,8768.1375833335,20247869.0,15058466.0,0.990361111111108,1,8063842.0,4797587.0,16058958.0,1
161,2020-01-01 19:59:00,254.4,1,0,8922.199861111281,20675842.0,15535735.0,0.99897222222222,1,8224282.0,4889480.0,16625680.0,1
161,2020-01-01 20:00:00,253.0,1,0,8998.346444444622,20931955.0,15795918.0,0.99897222222222,1,8296007.0,4933576.0,17113063.0,1
161,2020-01-01 20:01:00,249.4,1,0,9152.666333333502,21444207.0,16105370.0,1.006805555555552,1,8458055.0,5005361.0,17495445.0,1
161,2020-01-01 20:02:00,243.4,1,0,9409.39277777796,22040556.0,16580988.0,1.01133333333333,1,8657639.0,5157673.0,17970751.0,1
161,2020-01-01 20:03:00,243.2,1,0,9441.76711111128,22075747.0,16611486.0,1.01133333333333,1,8674379.0,5167082.0,17998272.0,1
161,2020-01-01 20:04:00,241.6,1,0,9517.101750000182,22245033.0,16733544.0,1.01483333333333,1,8766719.0,5198026.0,18093978.0,1
161,2020-01-01 20:05:00,241.4,1,0,9520.399388889062,22254484.0,16741383.0,1.01483333333333,1,8767883.0,5199832.0,18106601.0,1
161,2020-01-01 20:06:00,235.2,1,0,9766.175638889064,22846101.0,17235838.0,1.043749999999996,1,8960495.0,5368761.0,18521730.0,1
161,2020-01-01 20:07:00,234.4,1,0,9821.290666666842,22963504.0,17273213.0,1.043749999999996,1,9005219.0,5391853.0,18566606.0,1
161,2020-01-01 20:08:00,228.0,1,0,10105.775944444622,23617535.0,17725561.0,1.061527777777774,1,9266255.0,5562434.0,18931217.0,1
161,2020-01-01 20:09:00,223.4,1,0,10322.430166666842,24061550.0,18110166.0,1.061527777777774,1,9448512.0,5700510.0,19224029.0,1
161,2020-01-01 20:10:00,223.2,1,0,10335.6057222224,24067998.0,18110166.0,1.061527777777774,1,9450552.0,5709277.0,19224029.0,1
161,2020-01-01 20:11:00,223.0,1,0,10344.59177777794,24084755.0,18124310.0,1.061527777777774,1,9458401.0,5713362.0,19234923.0,1
161,2020-01-01 20:12:00,217.0,1,0,10679.3954444446,24896293.0,18448959.0,1.0653055555555515,1,9687733.0,5922758.0,19669227.0,1
161,2020-01-01 20:13:00,211.8,1,0,10971.06725000016,25538415.0,18623029.0,1.0673611111111074,1,9858745.0,6081775.0,19952081.0,1
161,2020-01-01 20:14:00,208.6,1,0,11209.36575000016,25755879.0,18840051.0,1.0673611111111074,1,9978398.0,6187383.0,20071357.0,1
161,2020-01-01 20:15:00,208.4,1,0,11213.278666666822,25756867.0,18840662.0,1.0673611111111074,1,9982646.0,6189884.0,20071358.0,1
161,2020-01-01 20:16:00,203.0,1,0,11535.724666666822,26591883.0,19124452.0,1.081555555555552,1,10194771.0,6381917.0,20298689.0,1
161,2020-01-01 20:17:00,200.0,1,0,11719.694944444602,26889557.0,19318685.0,1.081555555555552,1,10321647.0,6495966.0,20463191.0,1
161,2020-01-01 20:18:00,199.6,1,0,11721.192722222382,26890819.0,19325276.0,1.081555555555552,1,10322007.0,6496818.0,20475463.0,1
161,2020-01-01 20:19:00,193.4,1,0,11988.488833333502,27484659.0,19815260.0,1.081555555555552,1,10530363.0,6652375.0,20810928.0,1
161,2020-01-01 20:20:00,187.4,1,0,12264.3179444446,28228935.0,20266828.0,1.085249999999996,1,10801731.0,6841013.0,21392028.0,1
161,2020-01-01 20:21:00,181.4,1,0,12518.800277777942,28979270.0,20863762.0,1.094861111111108,1,11096211.0,6994145.0,22132755.0,1
161,2020-01-01 20:22:00,180.6,1,0,12545.47752777794,29044387.0,20969452.0,1.094861111111108,1,11127748.0,7010425.0,22187589.0,1
161,2020-01-01 20:23:00,178.8,1,0,12610.473555555742,29258848.0,21182899.0,1.094861111111108,1,11220053.0,7065500.0,22382654.0,1
161,2020-01-01 20:24:00,178.39999999999998,1,0,12626.16591666674,29300422.0,21210849.0,1.094861111111108,1,11228177.0,7072968.0,22411241.0,1
161,2020-01-01 20:25:00,177.39999999999998,1,0,12674.48330555563,29387808.0,21318320.0,1.094861111111108,1,11275590.0,7089769.0,22492439.0,1
161,2020-01-01 20:26:00,174.2,1,0,12843.261638888962,29846149.0,21703614.0,1.0969166666666637,1,11463942.0,7177826.0,23100085.0,1
161,2020-01-01 20:27:00,174.0,1,0,12851.10975000008,29860215.0,21736595.0,1.0969166666666637,1,11472894.0,7180126.0,23138448.0,1
161,2020-01-01 20:28:00,173.60000000000002,1,0,12860.1590833334,29884096.0,21774438.0,1.0969166666666637,1,11486778.0,7184663.0,23165722.0,1
161,2020-01-01 20:29:00,170.2,1,0,13074.932666666742,30255623.0,22221795.0,1.0969166666666637,1,11662686.0,7285471.0,23456220.0,1
161,2020-01-01 20:30:00,170.0,1,0,13090.195777777864,30298250.0,22234172.0,1.0969166666666637,1,11680506.0,7289227.0,23496521.0,1
161,2020-01-01 20:31:00,163.8,1,0,13378.209027777864,30969440.0,22758007.0,1.0969166666666637,1,11913750.0,7478252.0,23996514.0,1
161,2020-01-01 20:32:00,159.39999999999998,1,0,13571.013944444525,31431551.0,23106836.0,1.0969166666666637,1,12065898.0,7608220.0,24313701.0,1
161,2020-01-01 20:33:00,159.2,1,0,13582.974277777865,31441587.0,23117561.0,1.0969166666666637,1,12072427.0,7610765.0,24325414.0,1
161,2020-01-01 20:34:00,153.60000000000002,1,0,13836.070555555623,31922925.0,23608311.0,1.1040555555555525,1,12330691.0,7747001.0,24792713.0,1
161,2020-01-01 20:35:00,151.8,1,0,13941.310250000082,32152376.0,23655345.0,1.116805555555552,1,12428395.0,7798773.0,24935558.0,1
161,2020-01-01 20:36:00,148.60000000000002,1,0,14085.939444444522,32443927.0,23829142.0,1.116805555555552,1,12562771.0,7858378.0,25088399.0,1
161,2020-01-01 20:37:00,146.2,1,0,14196.105472222302,32776103.0,23949353.0,1.116805555555552,1,12643040.0,7915386.0,25188707.0,1
161,2020-01-01 20:38:00,144.0,1,0,14305.423277777858,33118796.0,24067966.0,1.1258888888888854,1,12757544.0,7981886.0,25423865.0,1
161,2020-01-01 20:39:00,138.60000000000002,1,0,14582.33752777786,33680422.0,24413598.0,1.137527777777774,1,12989984.0,8090763.0,25719394.0,1
161,2020-01-01 20:40:00,138.39999999999998,1,0,14589.32169444452,33708359.0,24433982.0,1.137527777777774,1,12992505.0,8095223.0,25750321.0,1
161,2020-01-01 20:41:00,138.2,1,0,14589.32169444452,33708359.0,24441457.0,1.137527777777774,1,12992506.0,8095252.0,25750322.0,1
161,2020-01-01 20:42:00,132.2,1,0,14968.48011111118,34442508.0,24794863.0,1.145305555555552,1,13321294.0,8236184.0,26125151.0,1
161,2020-01-01 20:43:00,129.2,1,0,15127.47691666674,34688351.0,24992879.0,1.150749999999996,1,13442842.0,8322229.0,26215319.0,1
161,2020-01-01 20:44:00,127.2,1,0,15197.34241666674,34978446.0,25184812.0,1.150749999999996,1,13511206.0,8358721.0,26378053.0,1
161,2020-01-01 20:45:00,121.2,1,0,15462.88911111118,35651053.0,25720425.0,1.150749999999996,1,13738846.0,8511261.0,26908466.0,1
161,2020-01-01 20:46:00,114.60000000000002,1,0,15671.9564722223,36361087.0,26329398.0,1.150749999999996,1,13958818.0,8678099.0,27325181.0,1
161,2020-01-01 20:47:00,112.0,1,0,15762.95350000008,36660958.0,26523761.0,1.15108333333333,1,14049166.0,8751859.0,27592293.0,1
161,2020-01-01 20:48:00,111.8,1,0,15763.95350000008,36660959.0,26528181.0,1.15108333333333,1,14049166.0,8751904.0,27592293.0,1
161,2020-01-01 20:49:00,105.8,1,0,15945.964611111192,37279526.0,27112999.0,1.1563888888888856,1,14234890.0,8863970.0,28215760.0,1
161,2020-01-01 20:50:00,103.39999999999998,1,0,16037.72733333342,37555490.0,27439754.0,1.1625555555555522,1,14363914.0,8904563.0,28448096.0,1
161,2020-01-01 20:51:00,103.2,1,0,16040.4192222223,37559845.0,27450661.0,1.1625555555555522,1,14364274.0,8907112.0,28448096.0,1
161,2020-01-01 20:52:00,99.8,1,0,16175.50377777786,37998960.0,27794823.0,1.1625555555555522,1,14505454.0,8998168.0,28766245.0,1
161,2020-01-01 20:53:00,93.8,1,0,16426.8456111112,38706472.0,28415755.0,1.173249999999996,1,14763610.0,9132797.0,29287181.0,1
161,2020-01-01 20:54:00,90.8,1,0,16588.64308333342,39108484.0,28738285.0,1.1801388888888862,1,14951242.0,9201330.0,29597374.0,1
161,2020-01-01 20:55:00,90.2,1,0,16614.04430555564,39175005.0,28754327.0,1.1801388888888862,1,14974450.0,9217191.0,29659475.0,1
161,2020-01-01 20:56:00,84.19999999999999,1,0,16850.285611111198,39908726.0,29139179.0,1.183416666666664,1,15199426.0,9396572.0,29976714.0,1
161,2020-01-01 20:57:00,78.19999999999999,1,0,17160.024694444517,40721369.0,29367356.0,1.1872499999999973,1,15566038.0,9555153.0,30444884.0,1
161,2020-01-01 20:58:00,77.80000000000001,1,0,17177.78963888898,40792115.0,29401378.0,1.1872499999999973,1,15583223.0,9566894.0,30487303.0,1
161,2020-01-01 20:59:00,77.60000000000002,1,0,17177.78963888898,40792115.0,29402613.0,1.1872499999999973,1,15583223.0,9566895.0,30487303.0,1
161,2020-01-01 21:00:00,71.39999999999998,1,0,17476.56727777786,41590705.0,29696335.0,1.195027777777775,1,16005275.0,9745292.0,31096821.0,1
161,2020-01-01 21:01:00,69.80000000000001,1,0,17562.45377777786,41841839.0,29759671.0,1.195027777777775,1,16087655.0,9816152.0,31230500.0,1
161,2020-01-01 21:02:00,68.0,1,0,17675.80116666676,42113695.0,29840778.0,1.203916666666664,1,16239395.0,9861601.0,31388736.0,1
161,2020-01-01 21:03:00,65.0,1,0,17762.774416666758,42455348.0,29941541.0,1.210416666666664,1,16369703.0,9901649.0,31480906.0,1
161,2020-01-01 21:04:00,64.39999999999998,1,0,17763.774416666758,42455348.0,29968880.0,1.210416666666664,1,16369703.0,9901677.0,31480984.0,1
185,2020-01-01 21:24:00,321.0,1,1,46.2670000000002,242736.0,199888.0,0.001861111111111,0,21096.0,49768.0,183560.0,0
185,2020-01-01 21:25:00,319.79999999999995,1,1,70.8424166666662,373113.0,272090.0,0.001861111111111,0,29184.0,70352.0,216840.0,0
185,2020-01-01 21:26:00,319.4,1,1,83.01427777777819,403950.0,300131.0,0.001861111111111,0,34788.0,83632.0,237471.0,0
185,2020-01-01 21:27:00,318.4,1,1,122.3910555555562,575810.0,396526.0,0.020194444444444,0,91224.0,104400.0,272831.0,0
185,2020-01-01 21:28:00,317.0,1,1,180.5523888888882,786722.0,482885.0,0.02075,0,116124.0,137273.0,298064.0,0
185,2020-01-01 21:29:00,315.6,1,1,232.7343888888822,991914.0,560157.0,0.02075,0,136333.0,178686.0,384202.0,0
185,2020-01-01 21:30:00,315.0,1,1,254.7745833333421,1109902.0,601380.0,0.02075,0,147422.0,201243.0,405574.0,0
185,2020-01-01 21:31:00,314.2,1,1,261.34544444444214,1177944.0,633724.0,0.02075,0,151730.0,208761.0,435357.0,0
185,2020-01-01 21:32:00,312.79999999999995,1,1,315.83508333334214,1377884.0,708513.0,0.02075,0,168890.0,247718.0,470614.0,0
185,2020-01-01 21:33:00,311.4,1,1,375.6185833333421,1577863.0,784173.0,0.025638888888888,0,187731.0,288886.0,522627.0,0
185,2020-01-01 21:34:00,310.0,1,1,428.61316666666215,1801567.0,842868.0,0.025638888888888,0,207555.0,326782.0,550097.0,0
185,2020-01-01 21:35:00,308.6,1,1,465.61025000000217,1934622.0,896181.0,0.025805555555556,0,224583.0,347730.0,567179.0,0
185,2020-01-01 21:36:00,307.2,1,1,536.9433055555621,2133678.0,984244.0,0.046222222222222,0,251656.0,392031.0,649950.0,0
185,2020-01-01 21:37:00,305.79999999999995,1,1,587.7230555555622,2298986.0,1043043.0,0.049138888888888,0,280408.0,423309.0,728522.0,0
185,2020-01-01 21:38:00,304.0,1,1,632.3768611111021,2483300.0,1121589.0,0.049333333333334,0,302296.0,450797.0,768224.0,0
185,2020-01-01 21:39:00,303.2,1,1,686.3160833333421,2662857.0,1202163.0,0.049333333333334,0,323056.0,495141.0,820835.0,0
185,2020-01-01 21:40:00,303.0,1,1,694.7515555555622,2713557.0,1209184.0,0.049333333333334,0,327136.0,499897.0,825255.0,0
185,2020-01-01 21:41:00,301.6,1,1,756.5420833333422,2876331.0,1290941.0,0.061083333333334,0,355324.0,537881.0,875591.0,0
185,2020-01-01 21:42:00,300.2,1,1,792.0699444444422,2972557.0,1371099.0,0.06975,0,375544.0,566205.0,935430.0,0
185,2020-01-01 21:43:00,298.79999999999995,1,1,827.2041944444421,3072761.0,1454130.0,0.072277777777778,0,393772.0,584178.0,973806.0,0
185,2020-01-01 21:44:00,297.4,1,1,880.4594166666622,3232167.0,1513202.0,0.074361111111112,0,413428.0,627362.0,1014821.0,0
185,2020-01-01 21:45:00,296.0,1,1,916.1369166666622,3372853.0,1569258.0,0.074361111111112,0,430024.0,657991.0,1052144.0,0
185,2020-01-01 21:46:00,294.6,1,1,952.4018611111022,3561665.0,1645088.0,0.074361111111112,0,452416.0,694395.0,1116781.0,0
185,2020-01-01 21:47:00,294.0,1,1,968.964583333342,3620555.0,1676834.0,0.074361111111112,0,459136.0,714768.0,1148787.0,0
185,2020-01-01 21:48:00,293.2,1,1,986.4492500000088,3659244.0,1698817.0,0.074361111111112,0,465796.0,729740.0,1174775.0,0
185,2020-01-01 21:49:00,291.4,1,1,1034.0280833333422,3740624.0,1761139.0,0.074361111111112,0,480184.0,760400.0,1259119.0,0
185,2020-01-01 21:50:00,290.2,1,1,1041.9048611111202,3774827.0,1803714.0,0.074361111111112,0,481780.0,768640.0,1263604.0,0
185,2020-01-01 21:51:00,288.4,1,1,1056.6607222222303,3822785.0,1858600.0,0.074361111111112,0,484625.0,779922.0,1276825.0,0
185,2020-01-01 21:52:00,284.79999999999995,1,1,1116.8906111111205,3998052.0,1995594.0,0.0777777777777786,0,508661.0,832386.0,1358946.0,0
185,2020-01-01 21:53:00,283.0,1,1,1165.4221388888982,4121293.0,2051026.0,0.082111111111112,0,527837.0,865158.0,1419942.0,0
185,2020-01-01 21:54:00,282.0,1,1,1194.8980555555622,4185331.0,2105340.0,0.082111111111112,0,546353.0,887291.0,1462933.0,0
185,2020-01-01 21:55:00,280.6,1,1,1239.0038055555622,4341201.0,2151932.0,0.082111111111112,0,563345.0,917591.0,1492924.0,0
185,2020-01-01 21:56:00,279.2,1,1,1286.206472222222,4514296.0,2232727.0,0.090000000000001,0,585797.0,945680.0,1548876.0,0
185,2020-01-01 21:57:00,277.79999999999995,1,1,1335.018777777782,4677316.0,2316044.0,0.090000000000001,0,602177.0,977536.0,1619570.0,0
185,2020-01-01 21:58:00,276.2,1,1,1370.7215555555622,4761660.0,2390976.0,0.1007222222222238,0,623345.0,1001648.0,1656660.0,0
185,2020-01-01 21:59:00,275.0,1,1,1409.8411111111222,4849072.0,2446577.0,0.1007222222222238,0,644669.0,1024053.0,1683648.0,0
185,2020-01-01 22:00:00,273.6,1,1,1444.1998888889025,4957726.0,2522978.0,0.1033888888888898,0,665442.0,1052130.0,1756929.0,0
185,2020-01-01 22:01:00,272.2,1,1,1493.1308888889023,5061635.0,2598547.0,0.1033888888888898,0,681054.0,1086570.0,1803846.0,0
185,2020-01-01 22:02:00,270.79999999999995,1,1,1533.739194444462,5228555.0,2657216.0,0.1033888888888898,0,692346.0,1127213.0,1856314.0,0
185,2020-01-01 22:03:00,269.2,1,1,1569.1708055555623,5334011.0,2743601.0,0.1033888888888898,0,702042.0,1155102.0,1915269.0,0
185,2020-01-01 22:04:00,268.0,1,1,1596.3489722222223,5456445.0,2818858.0,0.1033888888888898,0,709014.0,1181206.0,1967958.0,0
185,2020-01-01 22:05:00,259.79999999999995,1,1,1778.5256944444625,6431094.0,3363519.0,0.1150833333333338,0,827239.0,1341747.0,2323807.0,0
185,2020-01-01 22:06:00,259.6,1,1,1787.0437777777822,6460084.0,3373854.0,0.1150833333333338,0,830611.0,1349715.0,2333297.0,0
185,2020-01-01 22:07:00,255.4,1,1,1818.9901666666824,6624846.0,3626106.0,0.1263055555555558,0,840955.0,1384604.0,2433267.0,0
185,2020-01-01 22:08:00,253.4,1,1,1854.5304444444623,6747813.0,3855920.0,0.1294166666666678,0,855259.0,1407540.0,2540465.0,0
185,2020-01-01 22:09:00,249.2,1,1,1936.9704166666825,7101881.0,4248598.0,0.1299166666666678,0,895231.0,1478788.0,2724129.0,0
185,2020-01-01 22:10:00,246.8,1,1,1970.3041388889023,7282504.0,4449890.0,0.1299166666666678,0,907423.0,1507068.0,2822305.0,0
185,2020-01-01 22:11:00,232.6,1,1,2349.8587222222222,8890422.0,5365559.0,0.134527777777778,0,1065655.0,1766608.0,3414482.0,0
185,2020-01-01 22:12:00,226.0,1,1,2582.335444444462,9557881.0,5768690.0,0.139472222222224,0,1151551.0,1923404.0,3741042.0,0
185,2020-01-01 22:13:00,222.6,1,1,2663.990388888902,9816295.0,5951886.0,0.1404444444444458,0,1180699.0,1978933.0,3826322.0,0
185,2020-01-01 22:14:00,215.0,1,1,2734.499888888902,10050113.0,6354704.0,0.1458333333333338,0,1203571.0,2027694.0,4041564.0,0
185,2020-01-01 22:15:00,208.6,1,1,2941.511305555562,10666833.0,6621074.0,0.1677499999999998,0,1270723.0,2158332.0,4265710.0,0
185,2020-01-01 22:16:00,204.8,1,1,3040.825722222142,11062423.0,6729196.0,0.1782499999999998,0,1296787.0,2233596.0,4332504.0,0
185,2020-01-01 22:17:00,198.2,1,1,3264.227111111142,11779595.0,7139372.0,0.1866388888888898,0,1365403.0,2396915.0,4559264.0,0
185,2020-01-01 22:18:00,197.6,1,1,3293.799333333342,11886871.0,7177566.0,0.1866388888888898,0,1373336.0,2419924.0,4573837.0,0
185,2020-01-01 22:19:00,196.8,1,1,3314.172305555542,11972801.0,7200797.0,0.1866388888888898,0,1378233.0,2442746.0,4594897.0,0
185,2020-01-01 22:20:00,196.0,1,1,3342.726944444542,12108235.0,7280266.0,0.1866388888888898,0,1388325.0,2468626.0,4662368.0,0
185,2020-01-01 22:21:00,195.2,1,1,3351.717916666742,12173144.0,7334866.0,0.1930277777777778,0,1393377.0,2480543.0,4683052.0,0
185,2020-01-01 22:22:00,194.6,1,1,3378.461666666742,12247713.0,7434174.0,0.1930277777777778,0,1401753.0,2504112.0,4759934.0,0
185,2020-01-01 22:23:00,188.2,1,1,3562.528222222142,13358875.0,7894920.0,0.1938888888888898,0,1454962.0,2645964.0,5119241.0,0
185,2020-01-01 22:24:00,186.6,1,1,3619.415416666742,13652272.0,7994904.0,0.1953333333333338,0,1468306.0,2694053.0,5243807.0,0
185,2020-01-01 22:25:00,180.6,1,1,3693.862222222142,14060251.0,8450320.0,0.2003888888888898,0,1490086.0,2751917.0,5499660.0,0
185,2020-01-01 22:26:00,177.79999999999998,1,1,3728.422916666742,14299672.0,8710399.0,0.2049166666666678,0,1500454.0,2782889.0,5620547.0,0
185,2020-01-01 22:27:00,175.2,1,1,3783.562027777742,14501771.0,8937328.0,0.2049166666666678,0,1512634.0,2826018.0,5726250.0,0
185,2020-01-01 22:28:00,168.79999999999998,1,1,3943.884944444542,15205760.0,9466000.0,0.2049166666666678,0,1629022.0,2928296.0,6059869.0,0
185,2020-01-01 22:29:00,162.99999999999997,1,1,4121.441555555542,15812626.0,9887044.0,0.2106388888888898,0,1683742.0,3051596.0,6461010.0,0
185,2020-01-01 22:30:00,157.2,1,1,4317.287138888944,16684900.0,10336740.0,0.2271666666666678,0,1744138.0,3200133.0,6752561.0,0
185,2020-01-01 22:31:00,154.59999999999997,1,1,4401.641888888942,17084299.0,10527164.0,0.2332500000000018,0,1769926.0,3266857.0,6873734.0,0
185,2020-01-01 22:32:00,151.59999999999997,1,1,4445.397416666742,17084299.0,10529777.0,0.2332500000000018,0,1769963.0,3267082.0,6880182.0,0
185,2020-01-01 22:33:00,151.39999999999998,1,1,4445.397416666742,17084585.0,10529777.0,0.2332500000000018,0,1769964.0,3267131.0,6885317.0,0
185,2020-01-01 22:34:00,145.79999999999998,1,1,4613.588472222142,17084586.0,10529777.0,0.2508055555555558,0,1769964.0,3267131.0,6885317.0,0
185,2020-01-01 22:35:00,140.2,1,1,4757.923694444542,17556356.0,10715664.0,0.3319166666666718,0,1811604.0,3372391.0,7058231.0,0
185,2020-01-01 22:36:00,133.79999999999998,1,1,4924.393583333342,18194539.0,10932855.0,0.355722222222232,0,1862460.0,3469680.0,7215428.0,0
185,2020-01-01 22:37:00,127.2,1,1,5132.374194444542,18985368.0,11168220.0,0.361416666666672,0,1921152.0,3579864.0,7330647.0,0
185,2020-01-01 22:38:00,121.2,1,1,5205.946555555542,19232953.0,11394732.0,0.368111111111112,0,1942824.0,3617336.0,7446867.0,0
185,2020-01-01 22:39:00,114.99999999999996,1,1,5327.771361111141,19880509.0,11703521.0,0.3966111111111118,0,1975536.0,3690278.0,7670467.0,0
185,2020-01-01 22:40:00,109.2,1,1,5429.330916666741,20461037.0,11979121.0,0.4574166666666718,0,2012688.0,3757038.0,7844745.0,0
185,2020-01-01 22:41:00,108.2,1,1,5450.708638888942,20680217.0,12023776.0,0.4574166666666718,0,2017284.0,3778566.0,7881366.0,0
185,2020-01-01 22:42:00,104.99999999999996,1,1,5528.660361111164,21165066.0,12307124.0,0.4574166666666718,0,2047021.0,3835727.0,8035767.0,0
185,2020-01-01 22:43:00,98.79999999999998,1,1,5642.705611111164,21750664.0,12738282.0,0.4647500000000054,0,2097025.0,3913631.0,8304178.0,0
185,2020-01-01 22:44:00,94.2,1,1,5774.239333333382,22436375.0,13144753.0,0.4647500000000054,0,2208517.0,3982211.0,8546381.0,0
185,2020-01-01 22:45:00,88.19999999999999,1,1,5917.438055555603,23046634.0,13548286.0,0.4712500000000054,0,2259781.0,4067680.0,8842716.0,0
185,2020-01-01 22:46:00,81.79999999999998,1,1,6081.774472222282,23892193.0,13964975.0,0.478027777777784,0,2332237.0,4159113.0,9223356.0,0
185,2020-01-01 22:47:00,75.79999999999998,1,1,6222.416388888943,24527581.0,14145922.0,0.481250000000006,0,2374801.0,4240053.0,9340109.0,0
185,2020-01-01 22:48:00,69.39999999999998,1,1,6348.534527777822,25037792.0,14464422.0,0.481250000000006,0,2428418.0,4312898.0,9559081.0,0
185,2020-01-01 22:49:00,66.59999999999997,1,1,6407.561111111162,25269777.0,14521011.0,0.481250000000006,0,2448950.0,4343054.0,9613265.0,0
185,2020-01-01 22:50:00,60.599999999999966,1,1,6576.288416666722,26038948.0,14810885.0,0.485888888888894,0,2517170.0,4429290.0,9834097.0,0
185,2020-01-01 22:51:00,59.599999999999966,1,1,6601.973333333382,26149279.0,14843958.0,0.485888888888894,0,2531066.0,4440758.0,9850504.0,0
185,2020-01-01 22:52:00,55.19999999999999,1,1,6726.086361111162,26767274.0,15031145.0,0.485888888888894,0,2593922.0,4503211.0,10003852.0,0
185,2020-01-01 22:53:00,55.0,1,1,6726.7095833333815,26770342.0,15034512.0,0.485888888888894,0,2594030.0,4503515.0,10007258.0,0
185,2020-01-01 22:54:00,54.79999999999996,1,1,6728.342194444493,26770342.0,15040817.0,0.485888888888894,0,2594066.0,4503752.0,10010404.0,0
185,2020-01-01 22:55:00,48.39999999999998,1,1,6841.3428888889375,27583700.0,15410121.0,0.4883611111111162,0,2646218.0,4581936.0,10162673.0,0
185,2020-01-01 22:56:00,42.0,1,1,6989.299333333382,28616537.0,15806050.0,0.4883611111111162,0,2715638.0,4665065.0,10362548.0,0
185,2020-01-01 22:57:00,35.599999999999966,1,1,7109.131583333382,29519686.0,16216759.0,0.4883611111111162,0,2827970.0,4721817.0,10609678.0,0
185,2020-01-01 22:58:00,32.799999999999955,1,1,7196.103805555602,30374710.0,16404687.0,0.4890000000000052,0,2859662.0,4779774.0,10776585.0,0
185,2020-01-01 22:59:00,32.19999999999999,1,1,7203.894055555602,30443454.0,16451773.0,0.4890000000000052,0,2863526.0,4785466.0,10787831.0,0
185,2020-01-01 23:00:00,26.0,1,1,7362.733722222262,31935061.0,16906800.0,0.4890000000000052,0,2962514.0,4897471.0,11157005.0,0
185,2020-01-01 23:01:00,20.0,1,1,7562.938027777822,33631835.0,17342990.0,0.4890000000000052,0,3107030.0,5003200.0,11343347.0,0
185,2020-01-01 23:02:00,14.0,1,1,7748.708083333382,35215339.0,17627040.0,0.4925000000000052,0,3211730.0,5107548.0,11543054.0,0
185,2020-01-01 23:03:00,7.599999999999966,1,1,7933.042222222262,36893340.0,17932306.0,0.4927222222222274,0,3305162.0,5210862.0,11694205.0,0
185,2020-01-01 23:04:00,2.0,1,1,8144.937388888942,38519198.0,18182309.0,0.5000277777777828,0,3431822.0,5307199.0,11865493.0,0
197,2020-01-01 23:18:00,374.4,1,1,836.4166111111201,1807910.0,717302.0,0.0064444444444444,0,520525.0,425445.0,1099113.0,0
197,2020-01-01 23:19:00,373.0,1,1,898.94388888888,1970527.0,763621.0,0.010861111111111,0,555122.0,456714.0,1188436.0,0
197,2020-01-01 23:20:00,371.6,1,1,989.98922222222,2095613.0,841582.0,0.010861111111111,0,628046.0,490911.0,1302030.0,0
197,2020-01-01 23:21:00,370.2000000000001,1,1,1073.0996388888802,2218918.0,877137.0,0.010861111111111,0,671474.0,526767.0,1372997.0,0
197,2020-01-01 23:22:00,368.4,1,1,1175.0208333333403,2338025.0,948637.0,0.0136388888888888,0,757898.0,566628.0,1448033.0,0
197,2020-01-01 23:23:00,367.4,1,1,1270.7530555555602,2473186.0,988144.0,0.0140277777777778,0,837350.0,608361.0,1503583.0,0
197,2020-01-01 23:24:00,366.0,1,1,1345.5001944444402,2636323.0,1038987.0,0.0140277777777778,0,870434.0,652817.0,1575733.0,0
197,2020-01-01 23:25:00,364.6,1,1,1394.3687222222202,2717977.0,1073242.0,0.0140277777777778,0,896846.0,675389.0,1615136.0,0
197,2020-01-01 23:26:00,363.2000000000001,1,1,1462.6328888889002,2841009.0,1112866.0,0.0140277777777778,0,962163.0,705225.0,1635962.0,0
197,2020-01-01 23:27:00,361.8,1,1,1539.1920555555605,2973934.0,1151801.0,0.0196666666666664,0,1011375.0,739865.0,1690250.0,0
197,2020-01-01 23:28:00,360.4,1,1,1637.63225,3136668.0,1188903.0,0.0196666666666664,0,1064691.0,781594.0,1718161.0,0
197,2020-01-01 23:29:00,359.0,1,1,1720.0801944444402,3271140.0,1223613.0,0.0196666666666664,0,1114755.0,821399.0,1761659.0,0
197,2020-01-01 23:30:00,357.6,1,1,1828.73783333334,3418222.0,1260806.0,0.0196666666666664,0,1182315.0,862511.0,1784305.0,0
197,2020-01-01 23:31:00,356.20000000000005,1,1,1941.3244722222,3535885.0,1295802.0,0.0205833333333324,0,1265247.0,901452.0,1813867.0,0
197,2020-01-01 23:32:00,355.8,1,1,1986.6556666666,3577810.0,1301535.0,0.0205833333333324,0,1298583.0,915629.0,1838931.0,0
197,2020-01-01 23:33:00,354.8,1,1,2039.788027777712,3609127.0,1341978.0,0.0205833333333324,0,1317519.0,945338.0,1878945.0,0
197,2020-01-01 23:34:00,353.40000000000003,1,1,2136.23755555549,3714752.0,1394629.0,0.0217777777777768,0,1350123.0,991239.0,1918036.0,0
197,2020-01-01 23:35:00,353.0,1,1,2153.1956666666,3739647.0,1398387.0,0.0217777777777768,0,1353603.0,995256.0,1921858.0,0
197,2020-01-01 23:36:00,352.8,1,1,2153.1956666666,3739647.0,1405160.0,0.0217777777777768,0,1353603.0,995381.0,1921858.0,0
197,2020-01-01 23:37:00,352.0,1,1,2180.102361111044,3778426.0,1439052.0,0.0217777777777768,0,1359339.0,1012302.0,1956711.0,0
197,2020-01-01 23:38:00,351.6,1,1,2198.34577777772,3827930.0,1452690.0,0.0217777777777768,0,1367379.0,1027631.0,1971583.0,0
197,2020-01-01 23:39:00,350.6,1,1,2239.79563888882,3909688.0,1467666.0,0.022138888888888,0,1410423.0,1047339.0,2006943.0,0
197,2020-01-01 23:40:00,349.0,1,1,2299.1646666666,4090167.0,1494368.0,0.0234444444444436,0,1451379.0,1072300.0,2021763.0,0
197,2020-01-01 23:41:00,347.40000000000003,1,1,2378.80844444438,4250691.0,1528415.0,0.0254444444444436,0,1524519.0,1103689.0,2044604.0,0
197,2020-01-01 23:42:00,346.40000000000003,1,1,2469.44958333326,4346579.0,1569053.0,0.0254444444444436,0,1577799.0,1144689.0,2090949.0,0
197,2020-01-01 23:43:00,345.0,1,1,2587.68099999994,4471769.0,1600292.0,0.0257777777777768,0,1708623.0,1190870.0,2119497.0,0
197,2020-01-01 23:44:00,342.20000000000005,1,1,2829.42402777772,4752778.0,1682426.0,0.0324166666666658,0,1928799.0,1269087.0,2258650.0,0
197,2020-01-01 23:45:00,340.8,1,1,2916.4741666666,4958659.0,1725275.0,0.0326944444444436,0,1959183.0,1326996.0,2333543.0,0
197,2020-01-01 23:46:00,339.40000000000003,1,1,3011.66013888882,5197625.0,1764860.0,0.0326944444444436,0,2007267.0,1375812.0,2375286.0,0
197,2020-01-01 23:47:00,336.6,1,1,3238.32555555548,5627964.0,1860397.0,0.0518055555555544,0,2186379.0,1465916.0,2518819.0,0
197,2020-01-01 23:48:00,335.20000000000005,1,1,3446.4461388888194,5776710.0,1906574.0,0.0644999999999984,0,2267619.0,1540384.0,2578801.0,0
197,2020-01-01 23:49:00,335.0,1,1,3457.6474166665994,5790490.0,1910982.0,0.0644999999999984,0,2274543.0,1543977.0,2584378.0,0
197,2020-01-01 23:50:00,333.8,1,1,3596.1645833332595,6004678.0,1949267.0,0.0644999999999984,0,2361771.0,1593054.0,2648507.0,0
197,2020-01-01 23:51:00,332.40000000000003,1,1,3759.5573333332586,6147743.0,1998043.0,0.0696666666666664,0,2428179.0,1639688.0,2688820.0,0
197,2020-01-01 23:52:00,330.40000000000003,1,1,3942.9665555554993,6417519.0,2105917.0,0.0801666666666664,0,2507679.0,1694052.0,2801244.0,0
197,2020-01-01 23:53:00,329.40000000000003,1,1,3982.845833333259,6531828.0,2181447.0,0.0801666666666664,0,2530456.0,1715209.0,2828843.0,0
197,2020-01-01 23:54:00,328.8,1,1,4076.1263888888,6677598.0,2209293.0,0.0801666666666664,0,2562160.0,1746086.0,2868572.0,0
197,2020-01-01 23:55:00,323.40000000000003,1,1,4456.947916666599,7831283.0,2347600.0,0.0814999999999984,0,2806025.0,1895215.0,3387480.0,0
197,2020-01-01 23:56:00,322.40000000000003,1,1,4494.0692777778,7925312.0,2389318.0,0.0814999999999984,0,2823857.0,1908196.0,3403197.0,0
197,2020-01-01 23:57:00,315.6,1,1,4936.002583333198,7925313.0,2407415.0,0.0934722222222204,0,2823857.0,1908237.0,3403197.0,0
197,2020-01-01 23:58:00,315.40000000000003,1,1,4952.653305555398,7925313.0,2407416.0,0.0934722222222204,0,2823858.0,1908238.0,3403197.0,0
197,2020-01-01 23:59:00,297.6,1,1,6175.639916666599,10245592.0,2911998.0,0.1081944444444444,0,3545022.0,2403136.0,4382383.0,0
197,2020-01-02 00:00:00,291.20000000000005,1,1,6591.625444444398,10911114.0,3047952.0,0.1186111111111104,0,3737082.0,2567037.0,4519299.0,0
197,2020-01-02 00:01:00,287.6,1,1,6842.3028055554,11271292.0,3117853.0,0.1234999999999984,0,3814242.0,2659882.0,4590410.0,0
197,2020-01-02 00:02:00,286.0,1,1,7009.300638888798,11398107.0,3149053.0,0.1234999999999984,0,3883050.0,2723103.0,4650665.0,0
197,2020-01-02 00:03:00,282.20000000000005,1,1,7337.718972222198,11546931.0,3204459.0,0.1302777777777764,0,4079142.0,2825679.0,4722659.0,0
197,2020-01-02 00:04:00,274.40000000000003,1,1,7941.648527777798,11944016.0,3358054.0,0.1690555555555544,0,4430358.0,2993465.0,4818119.0,0
197,2020-01-02 00:05:00,271.8,1,1,8191.774083333198,12024850.0,3396560.0,0.1690555555555544,0,4546974.0,3070617.0,4866453.0,0
197,2020-01-02 00:06:00,269.6,1,1,8364.8305833332,12114472.0,3435015.0,0.1730833333333324,0,4654086.0,3114306.0,4893909.0,0
197,2020-01-02 00:07:00,266.20000000000005,1,1,8479.049444444312,12228625.0,3551873.0,0.1730833333333324,0,4704534.0,3149835.0,4975263.0,0
197,2020-01-02 00:08:00,259.6,1,1,9043.33852777764,13097233.0,3657758.0,0.1855833333333324,0,5021694.0,3325299.0,5137555.0,0
197,2020-01-02 00:09:00,254.8,1,1,9510.3008333332,13775469.0,3750175.0,0.1941111111111104,0,5288802.0,3472945.0,5301550.0,0
197,2020-01-02 00:10:00,254.00000000000003,1,1,9525.70466666654,13785909.0,3779452.0,0.1941111111111104,0,5298054.0,3482189.0,5314707.0,0
197,2020-01-02 00:11:00,252.00000000000003,1,1,9732.58694444432,14132957.0,3838459.0,0.1941111111111104,0,5417586.0,3554473.0,5370283.0,0
197,2020-01-02 00:12:00,246.2,1,1,10046.84866666654,14688382.0,3993549.0,0.1941111111111104,0,5588515.0,3657654.0,5582755.0,0
197,2020-01-02 00:13:00,244.8,1,1,10198.56738888876,14908356.0,4027389.0,0.1941111111111104,0,5666287.0,3704634.0,5655737.0,0
197,2020-01-02 00:14:00,244.2,1,1,10235.25586111098,15000942.0,4070380.0,0.1941111111111104,0,5680747.0,3722650.0,5733568.0,0
197,2020-01-02 00:15:00,237.40000000000003,1,1,10555.622361111,15508398.0,4235610.0,0.1989722222222204,0,5860328.0,3810272.0,6006347.0,0
197,2020-01-02 00:16:00,231.00000000000003,1,1,11028.2161666666,16047067.0,4384109.0,0.2551944444444444,0,6135620.0,3924149.0,6195055.0,0
197,2020-01-02 00:17:00,225.40000000000003,1,1,11461.3464999998,16652347.0,4521637.0,0.2998333333333324,0,6401288.0,4049575.0,6308090.0,0
197,2020-01-02 00:18:00,222.6,1,1,11713.7200555554,16891014.0,4600535.0,0.3049444444444444,0,6538004.0,4118543.0,6359076.0,0
197,2020-01-02 00:19:00,214.2,1,1,12423.654222222,17401706.0,4880594.0,0.3421111111111104,0,6891080.0,4340623.0,6547511.0,0
197,2020-01-02 00:20:00,208.6,1,1,13010.2988888888,17652178.0,5011335.0,0.4046944444444524,0,7155668.0,4496945.0,6635339.0,0
197,2020-01-02 00:21:00,203.00000000000003,1,1,13318.8266944444,17833359.0,5275430.0,0.4224166666666724,0,7331132.0,4604074.0,6770305.0,0
197,2020-01-02 00:22:00,196.8,1,1,13933.1976944444,18146140.0,5383382.0,0.4602222222222124,0,7648604.0,4769686.0,6852881.0,0
197,2020-01-02 00:23:00,195.2,1,1,14128.6178333332,18236152.0,5410877.0,0.4780555555555524,0,7737608.0,4826731.0,6876099.0,0
197,2020-01-02 00:24:00,192.6,1,1,14356.527111110998,18611397.0,5482885.0,0.5149444444444524,0,7867148.0,4910159.0,6917985.0,0
197,2020-01-02 00:25:00,190.40000000000003,1,1,14605.524638888795,19033702.0,5551811.0,0.5221111111111124,0,7989488.0,4988169.0,7014458.0,0
197,2020-01-02 00:26:00,186.00000000000003,1,1,14864.251222221996,19800455.0,5655369.0,0.5330833333333324,0,8138960.0,5088622.0,7142118.0,0
197,2020-01-02 00:27:00,185.40000000000003,1,1,14885.902416666597,19856849.0,5671931.0,0.5330833333333324,0,8149016.0,5096608.0,7167299.0,0
197,2020-01-02 00:28:00,178.40000000000003,1,1,15498.146444444395,20810503.0,5914589.0,0.5654722222222124,0,8538968.0,5318038.0,7324924.0,0
197,2020-01-02 00:29:00,172.20000000000002,1,1,15874.400027777596,21238126.0,6181076.0,0.5868333333333324,0,8824388.0,5423358.0,7521042.0,0
197,2020-01-02 00:30:00,166.00000000000003,1,1,16311.113333333196,21725873.0,6386086.0,0.5917499999999924,0,9054284.0,5559655.0,7711713.0,0
197,2020-01-02 00:31:00,161.20000000000002,1,1,16624.015388888794,22223409.0,6504867.0,0.5917499999999924,0,9143756.0,5695856.0,8022218.0,0
197,2020-01-02 00:32:00,158.60000000000002,1,1,16760.156805555394,22507823.0,6645371.0,0.6019444444444524,0,9215481.0,5742484.0,8157652.0,0
197,2020-01-02 00:33:00,155.40000000000003,1,1,16907.675805555395,22848722.0,6752712.0,0.6042222222222124,0,9279921.0,5801520.0,8290369.0,0
197,2020-01-02 00:34:00,149.20000000000002,1,1,17280.293805555397,23114221.0,7012101.0,0.6042222222222124,0,9420298.0,5955497.0,8429924.0,0
197,2020-01-02 00:35:00,143.20000000000002,1,1,17921.036999999797,23349027.0,7243488.0,0.6273055555555525,0,9601954.0,6215418.0,8512032.0,0
197,2020-01-02 00:36:00,137.20000000000002,1,1,18622.1429999998,23631738.0,7514564.0,0.6345277777777724,0,9857446.0,6416899.0,8678861.0,0
197,2020-01-02 00:37:00,131.0,1,1,19052.458972222,23984351.0,7692976.0,0.6613888888888924,0,10141990.0,6549144.0,8778571.0,0
197,2020-01-02 00:38:00,125.0,1,1,19641.0874999998,24324535.0,7885428.0,0.6918055555555525,0,10441978.0,6750448.0,8894739.0,0
197,2020-01-02 00:39:00,119.8,1,1,20082.3654999998,24674092.0,8025997.0,0.6918055555555525,0,10581706.0,6935716.0,8998220.0,0
197,2020-01-02 00:40:00,113.60000000000002,1,1,20561.1636388888,25103742.0,8253640.0,0.7372777777777724,0,10788310.0,7128928.0,9117235.0,0
197,2020-01-02 00:41:00,109.0,1,1,21003.1495555554,25585808.0,8437473.0,0.7533611111111124,0,10963306.0,7350805.0,9257310.0,0
197,2020-01-02 00:42:00,103.0,1,1,21569.8160277776,26069889.0,8730155.0,0.7538611111111124,0,11124898.0,7589893.0,9424672.0,0
197,2020-01-02 00:43:00,101.60000000000002,1,1,21602.4381666666,26094005.0,8771612.0,0.7538611111111124,0,11134582.0,7597597.0,9470901.0,0
197,2020-01-02 00:44:00,98.8,1,1,21742.286416666604,26407501.0,8906136.0,0.7538611111111124,0,11176330.0,7699173.0,9766717.0,0
197,2020-01-02 00:45:00,92.8,1,1,22151.7867499998,27550734.0,9197739.0,0.7564722222222124,0,11370166.0,7945425.0,10279229.0,0
197,2020-01-02 00:46:00,86.80000000000001,1,1,22746.4144444444,28177139.0,9514250.0,0.7586944444444524,0,11542606.0,8223669.0,10420084.0,0
197,2020-01-02 00:47:00,84.40000000000003,1,1,23070.324305555405,28444458.0,9649372.0,0.7586944444444524,0,11606266.0,8322121.0,10507574.0,0
197,2020-01-02 00:48:00,78.40000000000003,1,1,23773.644055555407,28848758.0,9959643.0,0.7586944444444524,0,11705062.0,8663118.0,10731031.0,0
197,2020-01-02 00:49:00,72.20000000000005,1,1,24382.38594444441,29223990.0,10187585.0,0.7589444444444524,0,11853983.0,8913051.0,10827491.0,0
197,2020-01-02 00:50:00,67.40000000000003,1,1,24931.630805555407,29437775.0,10384289.0,0.7589444444444524,0,11996231.0,9184852.0,10976251.0,0
197,2020-01-02 00:51:00,67.20000000000005,1,1,24935.82852777761,29439712.0,10399291.0,0.7589444444444524,0,11998200.0,9187373.0,10979592.0,0
197,2020-01-02 00:52:00,64.40000000000003,1,1,25356.397111111008,29567775.0,10513158.0,0.7589444444444524,0,12108624.0,9346030.0,11046490.0,0
197,2020-01-02 00:54:00,57.80000000000001,1,1,25631.790916666607,29717769.0,10720391.0,0.7622777777777724,0,12226141.0,9442971.0,11132407.0,0
197,2020-01-02 00:55:00,51.80000000000001,1,1,26304.094916666607,30072982.0,10929782.0,0.7853611111111124,0,12453121.0,9660200.0,11256401.0,0
197,2020-01-02 00:56:00,45.400000000000034,1,1,26820.52874999981,30540189.0,11146674.0,0.7992222222222124,0,12721165.0,9843340.0,11341148.0,0
197,2020-01-02 00:57:00,43.80000000000001,1,1,26957.815722222207,30764049.0,11223036.0,0.8163611111111124,0,12821545.0,9912056.0,11405823.0,0
197,2020-01-02 00:58:00,37.80000000000001,1,1,27287.314388888808,31312129.0,11377606.0,0.8208611111111124,0,12961345.0,10060292.0,11491883.0,0
197,2020-01-02 00:59:00,31.80000000000001,1,1,27755.088416666607,31925391.0,11645770.0,0.8316666666666724,0,13154353.0,10264164.0,11760386.0,0
197,2020-01-02 01:00:00,25.80000000000001,1,1,28083.814194444407,32487524.0,11899101.0,0.8756388888888924,0,13361137.0,10398741.0,11851295.0,0
197,2020-01-02 01:01:00,19.600000000000023,1,1,28431.862972221206,33268317.0,12129461.0,0.8871388888888924,0,13530229.0,10549337.0,12021842.0,0
197,2020-01-02 01:02:00,13.400000000000034,1,1,28736.700388889207,33927105.0,12357715.0,0.8904722222222125,0,13666333.0,10693714.0,12145667.0,0
197,2020-01-02 01:03:00,11.200000000000044,1,1,29031.60186111121,34169932.0,12457660.0,0.9144999999999924,0,13798717.0,10788398.0,12198044.0,0
197,2020-01-02 01:04:00,11.0,1,1,29035.642833333208,34170374.0,12462574.0,0.9144999999999924,0,13800601.0,10790499.0,12200073.0,0
197,2020-01-02 01:05:00,10.600000000000025,1,1,29035.642833333208,34170374.0,12465161.0,0.9144999999999924,0,13800602.0,10790501.0,12200073.0,0
197,2020-01-02 01:06:00,4.600000000000023,1,1,29506.025666667207,34656796.0,12697406.0,0.9487222222222124,0,14074010.0,10945485.0,12341097.0,0
197,2020-01-02 01:07:00,3.0,1,1,29661.21333333321,34807713.0,12758688.0,0.9808611111111124,0,14158466.0,11007038.0,12389717.0,0
206,2020-01-02 01:08:00,419.2,1,1,184.88363888889,353965.0,493974.0,0.048861111111112,0,127716.0,74841.0,239603.0,0
206,2020-01-02 01:09:00,416.4,1,1,433.76366666666,657684.0,637390.0,0.141777777777778,0,334740.0,145373.0,404014.0,0
206,2020-01-02 01:10:00,415.0,1,1,551.12886111112,838683.0,682864.0,0.24588888888888,0,438708.0,167161.0,510718.0,0
206,2020-01-02 01:11:00,414.4,1,1,582.64072222222,885808.0,724009.0,0.31077777777778,0,478440.0,176541.0,539071.0,0
206,2020-01-02 01:12:00,414.2,1,1,597.00669444444,932621.0,731407.0,0.32263888888888,0,490812.0,179893.0,539071.0,0
206,2020-01-02 01:13:00,413.6,1,1,663.11483333334,1018019.0,767625.0,0.3275,0,547752.0,188098.0,559469.0,0
206,2020-01-02 01:14:00,413.2,1,1,774.48588888888,1078782.0,783914.0,0.33477777777778,0,622008.0,199546.0,577188.0,0
206,2020-01-02 01:15:00,412.2,1,1,853.60155555556,1152115.0,831741.0,0.34672222222222,0,699816.0,212086.0,646817.0,0
206,2020-01-02 01:16:00,412.0,1,1,878.93105555556,1161372.0,839242.0,0.38997222222222,0,714888.0,213090.0,652213.0,0
206,2020-01-02 01:17:00,411.0,1,1,948.44805555556,1263136.0,876682.0,0.46605555555556,0,773280.0,229970.0,712221.0,0
206,2020-01-02 01:18:00,410.8,1,1,975.23983333334,1299393.0,884872.0,0.47719444444444,0,790476.0,234882.0,715263.0,0
206,2020-01-02 01:19:00,409.4,1,1,1109.90122222222,1407007.0,933817.0,0.50005555555556,0,877236.0,264270.0,763012.0,0
206,2020-01-02 01:20:00,408.0,1,1,1261.42483333334,1550137.0,1013702.0,0.51505555555556,0,975096.0,304676.0,827232.0,0
206,2020-01-02 01:21:00,406.6,1,1,1391.83066666666,1717668.0,1069329.0,0.52652777777778,0,1090560.0,337016.0,869378.0,0
206,2020-01-02 01:22:00,405.2,1,1,1476.67505555556,1809045.0,1115181.0,0.54191666666666,0,1168392.0,358020.0,921794.0,0
206,2020-01-02 01:23:00,403.6,1,1,1619.78983333334,2023610.0,1169547.0,0.64786111111112,0,1268484.0,384157.0,985494.0,0
206,2020-01-02 01:24:00,402.4,1,1,1741.42666666666,2121136.0,1223003.0,0.91586111111112,0,1366596.0,401825.0,1048245.0,0
206,2020-01-02 01:25:00,400.6,1,1,1868.86830555556,2323741.0,1312365.0,0.94672222222222,0,1439976.0,448301.0,1163724.0,0
206,2020-01-02 01:26:00,399.6,1,1,1963.92966666666,2436425.0,1343786.0,1.04913888888888,0,1520412.0,466966.0,1184862.0,0
206,2020-01-02 01:27:00,398.0,1,1,2134.0241666666,2547419.0,1381746.0,1.17097222222222,0,1636764.0,495275.0,1205584.0,0
206,2020-01-02 01:28:00,396.8,1,1,2234.3756666666,2585912.0,1404002.0,1.20997222222222,0,1728493.0,511088.0,1232884.0,0
206,2020-01-02 01:29:00,395.4,1,1,2313.74125,2680968.0,1452960.0,1.23908333333334,0,1792309.0,528708.0,1266685.0,0
206,2020-01-02 01:30:00,394.0,1,1,2451.3698055556,2790753.0,1501814.0,1.23908333333334,0,1917962.0,560268.0,1326992.0,0
206,2020-01-02 01:31:00,392.6,1,1,2557.261,2874408.0,1561744.0,1.24708333333334,0,2023586.0,596384.0,1357282.0,0
206,2020-01-02 01:32:00,391.0,1,1,2710.9846388888,2929893.0,1608193.0,1.32241666666666,0,2184302.0,616629.0,1385622.0,0
206,2020-01-02 01:33:00,389.8,1,1,2845.3043888888,3041121.0,1661285.0,1.34222222222222,0,2293238.0,643231.0,1424635.0,0
206,2020-01-02 01:34:00,388.4,1,1,2957.0413611112,3276174.0,1720266.0,1.37047222222222,0,2402175.0,667339.0,1476232.0,0
206,2020-01-02 01:35:00,387.0,1,1,3055.1625833334,3380200.0,1780781.0,1.37858333333334,0,2484771.0,696784.0,1556495.0,0
206,2020-01-02 01:36:00,385.6,1,1,3183.7105,3531143.0,1815517.0,1.48391666666666,0,2590743.0,721420.0,1603347.0,0
206,2020-01-02 01:37:00,384.2,1,1,3299.6515,3615643.0,1859340.0,1.70475,0,2746251.0,736525.0,1646026.0,0
206,2020-01-02 01:38:00,382.8,1,1,3464.45925,3719539.0,1924379.0,1.89505555555556,0,2888715.0,757698.0,1707399.0,0
206,2020-01-02 01:39:00,382.6,1,1,3473.0608333334,3724557.0,1932335.0,1.90097222222222,0,2897175.0,759022.0,1710948.0,0
206,2020-01-02 01:40:00,382.0,1,1,3561.0203055556,3780522.0,1953500.0,1.99497222222222,0,2966379.0,767654.0,1742500.0,0
206,2020-01-02 01:41:00,381.4,1,1,3565.31802777782,3789765.0,1993670.0,1.99497222222222,0,2968119.0,769643.0,1763586.0,0
206,2020-01-02 01:42:00,381.2,1,1,3580.72952777782,3794302.0,2013301.0,2.0345,0,2977887.0,771447.0,1770645.0,0
206,2020-01-02 01:43:00,381.0,1,1,3587.93461111116,3810280.0,2019307.0,2.0345,0,2982099.0,773067.0,1770645.0,0
206,2020-01-02 01:44:00,380.6,1,1,3672.7153055556,3839179.0,2037169.0,2.21180555555556,0,3049947.0,782512.0,1800168.0,0
206,2020-01-02 01:45:00,379.6,1,1,3735.22500000004,3871757.0,2055330.0,2.244,0,3094888.0,789792.0,1806707.0,0
206,2020-01-02 01:46:00,378.6,1,1,3889.98291666672,3943777.0,2086322.0,2.43,0,3215188.0,815028.0,1835230.0,0
206,2020-01-02 01:47:00,377.0,1,1,4012.95600000004,4059113.0,2133720.0,2.54241666666666,0,3328804.0,843173.0,1886034.0,0
206,2020-01-02 01:48:00,375.6,1,1,4134.7523055556,4152389.0,2183510.0,2.60094444444444,0,3434765.0,874709.0,1962331.0,0
206,2020-01-02 01:49:00,374.2,1,1,4257.5990555556,4279360.0,2252514.0,2.6686111111111,0,3522234.0,900710.0,2014201.0,0
206,2020-01-02 01:50:00,373.0,1,1,4400.11652777782,4383503.0,2318360.0,2.85083333333334,0,3635262.0,923114.0,2033298.0,0
206,2020-01-02 01:51:00,371.4,1,1,4528.3828055556,4495836.0,2392226.0,2.95713888888888,0,3743202.0,944331.0,2083414.0,0
206,2020-01-02 01:52:00,370.2,1,1,4647.29936111116,4642866.0,2469758.0,3.00619444444444,0,3835278.0,972937.0,2196697.0,0
206,2020-01-02 01:53:00,368.6,1,1,4792.95366666672,4743239.0,2527608.0,3.08013888888888,0,3957138.0,1014838.0,2217848.0,0
206,2020-01-02 01:54:00,367.4,1,1,5004.40888888894,4877751.0,2568467.0,3.23497222222222,0,4087219.0,1045634.0,2267898.0,0
206,2020-01-02 01:55:00,365.8,1,1,5168.95936111116,5021063.0,2618920.0,3.38691666666666,0,4190840.0,1067855.0,2302141.0,0
206,2020-01-02 01:56:00,364.6,1,1,5255.30627777782,5168847.0,2666773.0,3.405,0,4267148.0,1093352.0,2333042.0,0
206,2020-01-02 01:57:00,360.2,1,1,5703.6397222222,5699689.0,2961704.0,3.96361111111112,0,4603040.0,1183996.0,2617482.0,0
206,2020-01-02 01:58:00,359.6,1,1,5779.118888889,5850814.0,3005163.0,4.02811111111102,0,4652385.0,1202984.0,2678699.0,0
206,2020-01-02 01:59:00,344.2,1,1,6808.6175555556,7418199.0,3622572.0,4.59261111111102,0,5474733.0,1393732.0,3381960.0,0
206,2020-01-02 02:00:00,343.2,1,1,6900.974638889,7545638.0,3696321.0,4.63058333333342,0,5534853.0,1406889.0,3450067.0,0
206,2020-01-02 02:01:00,329.79999999999995,1,1,8158.9148333334,9362765.0,4373803.0,5.18891666666662,0,6451425.0,1644994.0,4354451.0,0
206,2020-01-02 02:02:00,326.2,1,1,8503.5475277778,9615888.0,4502763.0,5.39308333333342,0,6738177.0,1696718.0,4456423.0,0
206,2020-01-02 02:03:00,324.6,1,1,8608.18925,9727220.0,4572482.0,5.58258333333342,0,6824002.0,1726778.0,4504342.0,0
206,2020-01-02 02:04:00,318.2,1,1,9325.74047222222,10262287.0,4809888.0,6.6916111111112,0,7390366.0,1844142.0,4763692.0,0
206,2020-01-02 02:05:00,316.6,1,1,9505.70094444444,10384708.0,4869376.0,6.78144444444454,0,7568902.0,1877122.0,4799416.0,0
206,2020-01-02 02:06:00,310.2,1,1,10041.13805555556,10695486.0,5076154.0,6.85041666666676,0,8022574.0,1953655.0,4863883.0,0
206,2020-01-02 02:07:00,303.79999999999995,1,1,10605.74252777778,11058407.0,5279136.0,7.01277777777786,0,8563811.0,2043260.0,5016334.0,0
206,2020-01-02 02:08:00,301.79999999999995,1,1,10792.3581666666,11147366.0,5374816.0,7.08491666666676,0,8729711.0,2067440.0,5084363.0,0
206,2020-01-02 02:09:00,297.6,1,1,11136.8101388888,11590653.0,5524043.0,7.16622222222232,0,9021959.0,2140936.0,5263659.0,0
206,2020-01-02 02:10:00,295.79999999999995,1,1,11335.2733055556,11723669.0,5596674.0,7.28558333333342,0,9189767.0,2174866.0,5352345.0,0
206,2020-01-02 02:11:00,295.2,1,1,11393.1782777778,11778282.0,5640822.0,7.31550000000008,0,9227495.0,2188023.0,5371416.0,0
206,2020-01-02 02:12:00,288.79999999999995,1,1,12010.2715277778,12568877.0,5980408.0,7.63183333333342,0,9701172.0,2310560.0,5664541.0,0
206,2020-01-02 02:13:00,287.6,1,1,12115.4038888888,12811808.0,6055730.0,7.68891666666682,0,9781932.0,2328073.0,5731608.0,0
206,2020-01-02 02:14:00,287.2,1,1,12180.1753055556,12905954.0,6081171.0,7.72716666666682,0,9816684.0,2338901.0,5746896.0,0
206,2020-01-02 02:15:00,286.4,1,1,12246.284,12964675.0,6117636.0,7.74427777777782,0,9853368.0,2349593.0,5770335.0,0
206,2020-01-02 02:16:00,285.6,1,1,12335.6304444444,13109807.0,6145261.0,7.79602777777782,0,9940404.0,2365502.0,5880744.0,0
206,2020-01-02 02:17:00,283.6,1,1,12482.0084444444,13381274.0,6259622.0,7.97577777777782,0,10046088.0,2397755.0,5984146.0,0
206,2020-01-02 02:18:00,282.6,1,1,12596.6291944444,13568526.0,6362465.0,8.00875000000002,0,10150908.0,2419111.0,6107971.0,0
206,2020-01-02 02:19:00,280.79999999999995,1,1,12638.6910833334,13770234.0,6511588.0,8.00875000000002,0,10183897.0,2443407.0,6315438.0,0
206,2020-01-02 02:20:00,274.2,1,1,13061.0479722222,14635540.0,6909570.0,8.35730555555562,0,10534201.0,2544997.0,7035079.0,0
206,2020-01-02 02:21:00,271.6,1,1,13332.48975,15150145.0,7060877.0,8.38341666666682,0,10691653.0,2597077.0,7351759.0,0
206,2020-01-02 02:22:00,266.0,1,1,13924.3253333334,15801588.0,7337361.0,8.63116666666682,0,11232229.0,2698869.0,7703085.0,0
206,2020-01-02 02:23:00,260.4,1,1,14475.2959166666,16499324.0,7659956.0,8.92363888888902,0,11681209.0,2800898.0,8004074.0,0
206,2020-01-02 02:24:00,254.8,1,1,14895.9695277778,17090447.0,7923583.0,9.22041666666682,0,11981041.0,2898470.0,8317777.0,0
206,2020-01-02 02:25:00,246.4,1,1,15648.6769444444,17738588.0,8237390.0,9.50266666666682,0,12666049.0,3067734.0,8671312.0,0
206,2020-01-02 02:26:00,244.8,1,1,15784.4844444444,18057972.0,8353935.0,9.57913888888902,0,12764485.0,3135574.0,8821696.0,0
206,2020-01-02 02:27:00,239.2,1,1,16342.93566666676,18606845.0,8586050.0,9.83725000000014,0,13203049.0,3259674.0,9022741.0,0
206,2020-01-02 02:28:00,233.2,1,1,16931.88472222232,19001369.0,8800004.0,9.93019444444458,0,13716721.0,3352670.0,9156654.0,0
206,2020-01-02 02:29:00,231.4,1,1,17281.2177500001,19087975.0,8849612.0,9.93188888888902,0,13993945.0,3391495.0,9193418.0,0
206,2020-01-02 02:30:00,226.6,1,1,17922.0279722224,19474062.0,9047524.0,9.9501666666668,0,14500645.0,3479391.0,9313369.0,0
206,2020-01-02 02:31:00,226.2,1,1,17966.2430277778,19493160.0,9063267.0,9.9501666666668,0,14533693.0,3485296.0,9327409.0,0
206,2020-01-02 02:32:00,220.2,1,1,18885.3449166668,19937475.0,9251117.0,9.95886111111124,0,15232309.0,3599848.0,9476103.0,0
206,2020-01-02 02:33:00,214.2,1,1,19821.608888889,20806915.0,9581759.0,9.9705277777779,0,15832105.0,3730997.0,9809020.0,0
206,2020-01-02 02:34:00,214.0,1,1,19826.1718333334,20819239.0,9589560.0,9.9705277777779,0,15833941.0,3732797.0,9809020.0,0
206,2020-01-02 02:35:00,210.4,1,1,20369.59725,21130992.0,9796715.0,9.9705277777779,0,16190905.0,3798725.0,9978397.0,0
206,2020-01-02 02:36:00,208.4,1,1,20569.4096666668,21310236.0,9912545.0,9.97594444444458,0,16339093.0,3826341.0,10042292.0,0
206,2020-01-02 02:37:00,205.2,1,1,20971.5461666668,21627761.0,10011644.0,9.97594444444458,0,16572301.0,3873445.0,10167300.0,0
206,2020-01-02 02:38:00,202.2,1,1,21404.764388889,21858433.0,10128085.0,9.97594444444458,0,16821661.0,3934433.0,10277059.0,0
206,2020-01-02 02:39:00,196.2,1,1,22205.5746944446,22503246.0,10368911.0,9.98269444444458,0,17331277.0,4040157.0,10521576.0,0
206,2020-01-02 02:40:00,194.0,1,1,22477.884638889,22647598.0,10439631.0,9.98269444444458,0,17484073.0,4080661.0,10594546.0,0
206,2020-01-02 02:41:00,188.0,1,1,23290.1108055556,23057918.0,10687879.0,9.99125000000014,0,18007010.0,4178785.0,10773310.0,0
206,2020-01-02 02:42:00,182.0,1,1,23705.856638889,23318555.0,10886610.0,9.99433333333346,0,18307706.0,4232090.0,10872565.0,0
206,2020-01-02 02:43:00,175.79999999999998,1,1,24443.2204166668,23633285.0,11058873.0,9.99794444444458,0,18747446.0,4329592.0,10945495.0,0
206,2020-01-02 02:44:00,171.59999999999997,1,1,24936.472388889,24048896.0,11183179.0,10.0006666666668,0,19056674.0,4441836.0,11055488.0,0
206,2020-01-02 02:45:00,165.59999999999997,1,1,25814.1314166668,24360129.0,11330209.0,10.00625000000014,0,19627839.0,4538564.0,11130004.0,0
206,2020-01-02 02:46:00,161.59999999999997,1,1,26441.8295555556,24508251.0,11436341.0,10.00625000000014,0,20086455.0,4609001.0,11167561.0,0
206,2020-01-02 02:47:00,157.39999999999998,1,1,26977.8966944446,24779457.0,11588273.0,10.02672222222236,0,20453379.0,4679658.0,11234134.0,0
206,2020-01-02 02:48:00,156.79999999999995,1,1,27106.9589166668,24836163.0,11605940.0,10.04222222222236,0,20549619.0,4693124.0,11242194.0,0
206,2020-01-02 02:49:00,156.59999999999997,1,1,27106.9589166668,24836163.0,11605940.0,10.04222222222236,0,20549619.0,4693124.0,11242195.0,0
206,2020-01-02 02:50:00,154.79999999999995,1,1,27314.8785000002,25302434.0,11770026.0,10.04744444444458,0,20697952.0,4732922.0,11316620.0,0
206,2020-01-02 02:51:00,148.79999999999995,1,1,28209.0495000002,26145107.0,12066271.0,10.05727777777792,0,21234437.0,4848299.0,11500167.0,0
206,2020-01-02 02:52:00,145.2,1,1,28808.4234444446,26366926.0,12172715.0,10.05727777777792,0,21581285.0,4916432.0,11562918.0,0
206,2020-01-02 02:53:00,140.39999999999998,1,1,29453.0713611112,26910521.0,12395484.0,10.07713888888902,0,21994313.0,4981286.0,11716435.0,0
206,2020-01-02 02:54:00,136.39999999999998,1,1,29733.1903611112,27425413.0,12737007.0,10.08608333333346,0,22183949.0,5019234.0,11988525.0,0
206,2020-01-02 02:55:00,136.2,1,1,29733.1903611112,27425413.0,12739256.0,10.08608333333346,0,22183949.0,5019258.0,11988525.0,0
206,2020-01-02 02:56:00,136.0,1,1,29733.9418055556,27426661.0,12743182.0,10.08608333333346,0,22184429.0,5019623.0,11989630.0,0
206,2020-01-02 02:57:00,135.2,1,1,29734.2133611112,27426661.0,12760940.0,10.08608333333346,0,22184429.0,5019799.0,11989630.0,0
206,2020-01-02 02:58:00,129.2,1,1,30448.4078055556,28271623.0,13226041.0,10.69697222222234,0,22604801.0,5090387.0,12540284.0,0
206,2020-01-02 02:59:00,123.0,1,1,31233.2913333334,29342368.0,13581708.0,11.55325000000012,0,23122277.0,5165143.0,13001303.0,0
206,2020-01-02 03:00:00,116.79999999999995,1,1,31990.5990555556,30535664.0,13960359.0,11.57658333333346,0,23570501.0,5303624.0,13319829.0,0
206,2020-01-02 03:01:00,110.0,1,1,32579.6815,31599324.0,14318185.0,11.59213888888902,0,23900189.0,5369264.0,13548590.0,0
206,2020-01-02 03:02:00,104.0,1,1,32993.0777222224,32002272.0,14486821.0,11.5970277777779,0,24130277.0,5414156.0,13652616.0,0
206,2020-01-02 03:03:00,103.39999999999998,1,1,33069.8536944446,32122926.0,14505801.0,11.5970277777779,0,24182717.0,5426021.0,13671479.0,0
206,2020-01-02 03:04:00,100.0,1,1,33377.0786666668,32543333.0,14668080.0,11.59713888888902,0,24439625.0,5484286.0,13809916.0,0
206,2020-01-02 03:05:00,97.79999999999995,1,1,33492.4747222224,32751710.0,14780452.0,11.59713888888902,0,24522233.0,5534079.0,13873577.0,0
206,2020-01-02 03:06:00,97.0,1,1,33589.8433333334,32842814.0,14796598.0,11.60022222222234,0,24593021.0,5548163.0,13918011.0,0
206,2020-01-02 03:07:00,92.39999999999998,1,1,34139.713,33284996.0,14880630.0,11.70355555555568,0,24993365.0,5624416.0,14236758.0,0
206,2020-01-02 03:08:00,92.2,1,1,34139.713,33284997.0,14882307.0,11.70355555555568,0,24993365.0,5624428.0,14237447.0,0
206,2020-01-02 03:09:00,91.59999999999997,1,1,34139.713,33284998.0,14885948.0,11.70355555555568,0,24993365.0,5624452.0,14237447.0,0
206,2020-01-02 03:10:00,85.59999999999997,1,1,34266.59052777778,33452946.0,14996760.0,11.7365277777779,0,25074881.0,5644716.0,14332425.0,0
206,2020-01-02 03:11:00,80.0,1,1,34865.67455555556,34248780.0,15128944.0,11.87755555555568,0,25574945.0,5735784.0,14672011.0,0
206,2020-01-02 03:12:00,79.79999999999995,1,1,34886.637555555564,34280968.0,15143154.0,11.883527777777902,0,25584305.0,5738981.0,14689028.0,0
206,2020-01-02 03:13:00,73.79999999999995,1,1,35349.12483333334,35020785.0,15419131.0,11.883527777777902,0,25854173.0,5796275.0,15135917.0,0
206,2020-01-02 03:14:00,71.0,1,1,35565.004916666665,35020785.0,15426359.0,11.883527777777902,0,25854173.0,5796279.0,15135917.0,0
206,2020-01-02 03:15:00,70.79999999999995,1,1,35595.59930555557,35073357.0,15452281.0,11.883527777777902,0,25863270.0,5800942.0,15155600.0,0
206,2020-01-02 03:16:00,64.59999999999997,1,1,36157.98252777781,36208114.0,15825927.0,11.883527777777902,0,26167722.0,5871119.0,15758033.0,0
206,2020-01-02 03:17:00,60.19999999999999,1,1,36464.830416666606,36833115.0,16051919.0,11.883527777777902,0,26367198.0,5903388.0,16132564.0,0
206,2020-01-02 03:18:00,58.79999999999996,1,1,36609.73605555561,37237987.0,16167229.0,11.883527777777902,0,26427870.0,5922661.0,16274446.0,0
206,2020-01-02 03:19:00,52.599999999999966,1,1,37058.219611111206,38335175.0,16474393.0,11.892666666666791,0,26711574.0,6004443.0,16922835.0,0
206,2020-01-02 03:20:00,48.0,1,1,37352.14950000001,39191836.0,16691676.0,11.892666666666791,0,26926386.0,6099144.0,17197200.0,0
206,2020-01-02 03:21:00,45.599999999999966,1,1,37494.89058333341,39485376.0,16781246.0,11.892666666666791,0,27019578.0,6178645.0,17300121.0,0
206,2020-01-02 03:22:00,45.0,1,1,37524.60008333341,39580978.0,16813447.0,11.892666666666791,0,27035814.0,6200117.0,17331646.0,0
206,2020-01-02 03:23:00,44.599999999999966,1,1,37552.55172222221,39628077.0,16840435.0,11.892666666666791,0,27050958.0,6210885.0,17353369.0,0
206,2020-01-02 03:24:00,38.599999999999966,1,1,37861.3600555556,40981053.0,17019536.0,11.892666666666791,0,27199530.0,6347413.0,17567401.0,0
206,2020-01-02 03:25:00,32.599999999999966,1,1,38113.712916666605,41908720.0,17180372.0,11.8985277777779,0,27369378.0,6478287.0,17718513.0,0
206,2020-01-02 03:26:00,26.59999999999997,1,1,38392.1343611112,42493122.0,17357927.0,11.905250000000118,0,27661446.0,6570691.0,17826075.0,0
206,2020-01-02 03:27:00,16.599999999999966,1,1,39050.3476666666,45226723.0,17633216.0,11.905277777777895,0,28157826.0,6864235.0,17956478.0,0
206,2020-01-02 03:28:00,15.599999999999966,1,1,39092.79355555549,45395866.0,17693289.0,11.905277777777895,0,28181754.0,6880115.0,17978188.0,0
206,2020-01-02 03:29:00,7.599999999999966,1,1,39536.914027777726,48056758.0,17950832.0,11.905277777777895,0,28493226.0,7101568.0,18128754.0,0
206,2020-01-02 03:30:00,7.199999999999989,1,1,39538.56661111105,48062764.0,17975402.0,11.905277777777895,0,28493454.0,7103440.0,18129456.0,0
206,2020-01-02 03:31:00,5.0,1,1,40027.42024999994,49286142.0,18034734.0,11.905277777777895,0,28676251.0,7231144.0,18168651.0,0
228,2020-01-02 03:33:00,480.2,1,1,51.139916666666,3050008.0,457146.0,0.0,0,40081.0,315525.0,251108.0,1
228,2020-01-02 03:34:00,478.6,1,1,92.425777777778,5561492.0,543999.0,0.0175,0,81025.0,560955.0,346438.0,1
228,2020-01-02 03:35:00,478.4,1,1,101.986555555556,6125029.0,571208.0,0.021083333333334,0,89785.0,610367.0,383748.0,1
228,2020-01-02 03:36:00,477.2,1,1,121.337472222222,8048835.0,654863.0,0.025,0,139261.0,744721.0,485188.0,1
228,2020-01-02 03:37:00,476.0,1,1,158.387916666666,11308845.0,780027.0,0.025,0,195085.0,1006750.0,573315.0,1
228,2020-01-02 03:38:00,474.6,1,1,194.976194444444,13603670.0,904749.0,0.025,0,214477.0,1197951.0,669463.0,1
228,2020-01-02 03:39:00,474.4,1,1,200.889472222222,14304786.0,904749.0,0.025,0,230029.0,1237547.0,687780.0,1
228,2020-01-02 03:40:00,474.2,1,1,203.20155555556,14527112.0,921948.0,0.025,0,233509.0,1246959.0,730264.0,1
228,2020-01-02 03:41:00,473.4,1,1,238.15930555556,16347073.0,987755.0,0.025,0,257246.0,1385509.0,757318.0,1
228,2020-01-02 03:42:00,473.2,1,1,243.55036111112,16621529.0,1021971.0,0.025,0,258890.0,1430813.0,820511.0,1
228,2020-01-02 03:43:00,471.8,1,1,269.74761111112,17968576.0,1113842.0,0.030472222222222,0,276374.0,1531550.0,907885.0,1
228,2020-01-02 03:44:00,470.4,1,1,321.14491666666,21689151.0,1217686.0,0.030472222222222,0,314810.0,1814399.0,1164739.0,1
228,2020-01-02 03:45:00,469.0,1,1,357.77847222222,24764691.0,1289420.0,0.034472222222222,0,347570.0,2051091.0,1221874.0,1
228,2020-01-02 03:46:00,467.4,1,1,396.67630555556,26899811.0,1327172.0,0.034472222222222,0,370442.0,2231447.0,1237825.0,1
228,2020-01-02 03:47:00,466.2,1,1,440.17966666666,30729273.0,1415520.0,0.128944444444444,0,468686.0,2421503.0,1323690.0,1
228,2020-01-02 03:48:00,464.8,1,1,481.94902777778,33939129.0,1531064.0,0.21677777777778,0,547610.0,2573871.0,1383347.0,1
228,2020-01-02 03:49:00,463.4,1,1,530.42647222222,36999693.0,1583494.0,0.36902777777778,0,621554.0,2720967.0,1579764.0,1
228,2020-01-02 03:50:00,462.0,1,1,574.24430555556,40176087.0,1682060.0,0.36902777777778,0,660950.0,2959663.0,1645882.0,1
228,2020-01-02 03:51:00,460.6,1,1,629.39591666666,42988169.0,1757798.0,0.4015,0,713486.0,3136347.0,1731383.0,1
228,2020-01-02 03:52:00,459.2,1,1,669.42302777778,45622294.0,1849786.0,0.40152777777778,0,753231.0,3329775.0,1825997.0,1
228,2020-01-02 03:53:00,457.8,1,1,693.70402777778,46856137.0,1875136.0,0.40152777777778,0,775071.0,3414699.0,1867533.0,1
228,2020-01-02 03:54:00,456.4,1,1,796.62863888888,50765224.0,1938914.0,0.44358333333334,0,861447.0,3612152.0,1984585.0,1
228,2020-01-02 03:55:00,455.0,1,1,828.25205555556,53206234.0,1998896.0,0.44358333333334,0,905163.0,3778928.0,2041980.0,1
228,2020-01-02 03:56:00,453.6,1,1,850.21041666666,55177593.0,2077442.0,0.44358333333334,0,928431.0,3951257.0,2097555.0,1
228,2020-01-02 03:57:00,452.0,1,1,895.75205555556,58193152.0,2144743.0,0.49113888888888,0,990819.0,4071298.0,2237188.0,1
228,2020-01-02 03:58:00,451.6,1,1,911.22633333334,59809378.0,2161253.0,0.51225,0,1030815.0,4160799.0,2282103.0,1
228,2020-01-02 03:59:00,451.2,1,1,911.22633333334,59809378.0,2163398.0,0.51225,0,1030815.0,4160799.0,2282103.0,1
228,2020-01-02 04:00:00,450.8,1,1,932.736388888896,60591965.0,2198745.0,0.5295833333333334,0,1048311.0,4212932.0,2335741.0,1
228,2020-01-02 04:01:00,449.4,1,1,971.608027777784,62713097.0,2259676.0,0.543333333333334,0,1070955.0,4377704.0,2378759.0,1
228,2020-01-02 04:02:00,448.8,1,1,983.7779722222282,63464679.0,2296791.0,0.543333333333334,0,1081600.0,4419956.0,2416537.0,1
228,2020-01-02 04:03:00,448.0,1,1,992.869527777784,63769750.0,2308959.0,0.543333333333334,0,1084756.0,4452737.0,2431409.0,1
228,2020-01-02 04:04:00,446.6,1,1,1048.817416666674,66184500.0,2403794.0,0.615777777777778,0,1127764.0,4605441.0,2518847.0,1
228,2020-01-02 04:05:00,443.8,1,1,1140.43322222222,70333489.0,2610040.0,0.624166666666666,0,1177924.0,4920533.0,2679462.0,1
228,2020-01-02 04:06:00,442.4,1,1,1162.9030833333402,72431364.0,2684023.0,0.630555555555556,0,1202524.0,5100431.0,2737871.0,1
228,2020-01-02 04:07:00,441.0,1,1,1186.8283333333402,74270981.0,2772060.0,0.672444444444444,0,1218316.0,5285787.0,2793733.0,1
228,2020-01-02 04:08:00,439.6,1,1,1222.7064722222203,75743908.0,2815948.0,0.672444444444444,0,1241980.0,5389371.0,2837712.0,1
228,2020-01-02 04:09:00,437.8,1,1,1243.5879166666805,77744556.0,2890256.0,0.681277777777778,0,1275268.0,5556096.0,2861749.0,1
228,2020-01-02 04:10:00,435.4,1,1,1359.8083333333402,82580713.0,3049597.0,0.697611111111112,0,1351480.0,5858872.0,2979503.0,1
228,2020-01-02 04:11:00,434.0,1,1,1395.4043055555603,83977199.0,3120096.0,0.697611111111112,0,1364656.0,5977244.0,3013616.0,1
228,2020-01-02 04:12:00,432.6,1,1,1442.3436388889004,86082588.0,3237083.0,0.697611111111112,0,1407412.0,6160897.0,3048027.0,1
228,2020-01-02 04:13:00,431.6,1,1,1462.3910555555603,87415049.0,3264617.0,0.7098888888888898,0,1437100.0,6272294.0,3067631.0,1
228,2020-01-02 04:14:00,431.2,1,1,1485.3394722222204,88865940.0,3297169.0,0.7098888888888898,0,1453084.0,6382370.0,3136466.0,1
228,2020-01-02 04:15:00,430.2,1,1,1504.7034444444605,90275842.0,3369904.0,0.7098888888888898,0,1473556.0,6505684.0,3172229.0,1
228,2020-01-02 04:16:00,428.8,1,1,1538.8450000000005,92767643.0,3470836.0,0.71277777777778,0,1507768.0,6739256.0,3255065.0,1
228,2020-01-02 04:17:00,427.4,1,1,1601.4077222222202,95279881.0,3586770.0,0.71930555555556,0,1548040.0,6947642.0,3395127.0,1
228,2020-01-02 04:18:00,426.0,1,1,1626.65541666668,96405005.0,3673389.0,0.71930555555556,0,1558564.0,7056515.0,3529080.0,1
228,2020-01-02 04:19:00,424.6,1,1,1685.23672222222,99126374.0,3961638.0,0.71930555555556,0,1605532.0,7235599.0,3675525.0,1
228,2020-01-02 04:20:00,422.8,1,1,1717.7331388889002,101937468.0,4246586.0,0.72016666666666,0,1640368.0,7484236.0,3808412.0,1
228,2020-01-02 04:21:00,421.4,1,1,1740.11452777778,104833816.0,4282817.0,0.7482222222222198,0,1703044.0,7717237.0,3874322.0,1
228,2020-01-02 04:22:00,420.2,1,1,1808.27819444446,106982717.0,4365419.0,0.7482222222222198,0,1734352.0,7877118.0,3958081.0,1
228,2020-01-02 04:23:00,420.0,1,1,1815.86330555556,107216535.0,4402391.0,0.7482222222222198,0,1737520.0,7884542.0,3988865.0,1
228,2020-01-02 04:24:00,419.0,1,1,1858.88425,109448973.0,4466975.0,0.7484999999999998,0,1777252.0,8059958.0,4051291.0,1
228,2020-01-02 04:25:00,417.6,1,1,1892.4043888889,112500307.0,4560068.0,0.7582777777777798,0,1853104.0,8277878.0,4165262.0,1
228,2020-01-02 04:26:00,416.8,1,1,1940.70730555556,114101413.0,4799190.0,0.7582777777777798,0,1885204.0,8382974.0,4261150.0,1
228,2020-01-02 04:27:00,416.2,1,1,1941.54980555556,114101413.0,4822058.0,0.7582777777777798,0,1885228.0,8385642.0,4267026.0,1
228,2020-01-02 04:28:00,414.8,1,1,1961.37161111112,116414698.0,4983233.0,0.7582777777777798,0,1905676.0,8563390.0,4341919.0,1
228,2020-01-02 04:29:00,413.2,1,1,1981.52658333334,117613246.0,5054538.0,0.76877777777778,0,1930996.0,8650699.0,4404657.0,1
228,2020-01-02 04:30:00,412.0,1,1,2013.69002777778,121017985.0,5154443.0,0.80538888888888,0,2006476.0,8869722.0,4544342.0,1
228,2020-01-02 04:31:00,410.4,1,1,2060.90472222222,124370607.0,5229934.0,0.82722222222222,0,2088736.0,9047958.0,4662863.0,1
228,2020-01-02 04:32:00,409.2,1,1,2107.50336111112,126613718.0,5441470.0,0.82722222222222,0,2131240.0,9174130.0,4798544.0,1
228,2020-01-02 04:33:00,407.6,1,1,2180.35744444446,129014519.0,5656685.0,0.82802777777778,0,2200852.0,9296446.0,4906574.0,1
228,2020-01-02 04:34:00,406.2,1,1,2236.1317500000005,132451849.0,5785853.0,0.83605555555556,0,2275469.0,9501980.0,5006037.0,1
228,2020-01-02 04:35:00,406.0,1,1,2241.2696944444606,132535439.0,5806991.0,0.83605555555556,0,2276825.0,9506290.0,5024627.0,1
228,2020-01-02 04:36:00,405.0,1,1,2277.3184722222204,135342491.0,5883392.0,0.98016666666666,0,2345645.0,9613462.0,5178456.0,1
228,2020-01-02 04:37:00,404.2,1,1,2313.87558333334,137514454.0,5967450.0,1.01838888888888,0,2403245.0,9723762.0,5319324.0,1
228,2020-01-02 04:38:00,403.6,1,1,2315.2633888888954,137514454.0,6000119.0,1.01838888888888,0,2403269.0,9726739.0,5335197.0,1
228,2020-01-02 04:39:00,402.0,1,1,2333.394222222229,139869275.0,6192428.0,1.0414166666666582,0,2446505.0,9956443.0,5388692.0,1
228,2020-01-02 04:40:00,400.8,1,1,2359.459666666674,142636156.0,6268543.0,1.04363888888888,0,2506157.0,10149447.0,5451872.0,1
228,2020-01-02 04:41:00,399.4,1,1,2408.064166666674,145248012.0,6360479.0,1.0532777777777682,0,2543813.0,10334956.0,5514129.0,1
228,2020-01-02 04:42:00,396.4,1,1,2478.413611111118,150661511.0,6516531.0,1.0698888888888802,0,2629877.0,10777073.0,5737275.0,1
228,2020-01-02 04:43:00,395.0,1,1,2521.80522222222,153855299.0,6586602.0,1.0894722222222142,0,2702069.0,10956165.0,5833163.0,1
228,2020-01-02 04:44:00,393.8,1,1,2586.64975,156497640.0,6638355.0,1.096583333333324,0,2735550.0,11165325.0,5898410.0,1
228,2020-01-02 04:45:00,392.2,1,1,2617.51883333334,159725488.0,6675978.0,1.097722222222214,0,2805522.0,11402918.0,5965919.0,1
228,2020-01-02 04:46:00,390.8,1,1,2680.38827777778,163450976.0,6751807.0,1.112972222222214,0,2879502.0,11668459.0,6017321.0,1
228,2020-01-02 04:47:00,389.6,1,1,2715.69061111112,164834995.0,6812868.0,1.112972222222214,0,2901438.0,11769083.0,6084492.0,1
228,2020-01-02 04:48:00,388.2,1,1,2781.18980555556,167526684.0,6894651.0,1.119722222222214,0,2942226.0,11967220.0,6136726.0,1
228,2020-01-02 04:49:00,386.6,1,1,2806.35333333334,169805636.0,7014511.0,1.122833333333324,0,2968974.0,12183680.0,6197176.0,1
228,2020-01-02 04:50:00,385.4,1,1,2845.97777777778,172805620.0,7090535.0,1.159055555555546,0,3030486.0,12343724.0,6318167.0,1
228,2020-01-02 04:51:00,383.8,1,1,2900.98983333334,177118474.0,7165402.0,1.20027777777777,0,3138402.0,12595324.0,6513453.0,1
228,2020-01-02 04:52:00,383.2,1,1,2920.13533333334,178737455.0,7181886.0,1.20027777777777,0,3152922.0,12737438.0,6531731.0,1
228,2020-01-02 04:53:00,382.4,1,1,2938.73330555556,180043656.0,7206378.0,1.20027777777777,0,3168246.0,12855088.0,6558446.0,1
228,2020-01-02 04:54:00,381.2,1,1,2951.64402777778,181225954.0,7236681.0,1.20027777777777,0,3177726.0,12982960.0,6572668.0,1
228,2020-01-02 04:55:00,381.0,1,1,2953.08769444446,181232533.0,7248798.0,1.20027777777777,0,3177858.0,12985097.0,6583614.0,1
228,2020-01-02 04:56:00,378.2,1,1,3067.4521388889,185842593.0,7333454.0,1.2405,0,3247506.0,13288905.0,6907899.0,1
228,2020-01-02 04:57:00,376.8,1,1,3104.76433333334,187753762.0,7376718.0,1.2405,0,3268542.0,13449954.0,6927607.0,1
228,2020-01-02 04:58:00,375.4,1,1,3134.92819444446,190193459.0,7475428.0,1.2405,0,3304398.0,13671744.0,7010833.0,1
228,2020-01-02 04:59:00,373.8,1,1,3180.86602777778,192875034.0,7522254.0,1.2405,0,3344682.0,13955897.0,7061456.0,1
228,2020-01-02 05:00:00,372.6,1,1,3200.36547222222,194503947.0,7578336.0,1.24875,0,3393210.0,14084665.0,7089978.0,1
228,2020-01-02 05:01:00,371.2,1,1,3231.50175,196970931.0,7632351.0,1.24875,0,3430339.0,14296753.0,7137415.0,1
228,2020-01-02 05:02:00,369.8,1,1,3280.65383333334,199611231.0,7786583.0,1.24875,0,3453115.0,14495302.0,7242364.0,1
228,2020-01-02 05:03:00,368.4,1,1,3291.66986111112,200551937.0,7827663.0,1.24875,0,3462224.0,14583602.0,7247694.0,1
228,2020-01-02 05:04:00,366.8,1,1,3322.3236388889,203598695.0,7858278.0,1.26077777777776,0,3534705.0,14805639.0,7285576.0,1
228,2020-01-02 05:05:00,365.6,1,1,3361.97566666668,206565282.0,7895913.0,1.26877777777776,0,3613569.0,14964463.0,7369517.0,1
228,2020-01-02 05:06:00,364.2,1,1,3406.52386111112,209819936.0,7970586.0,1.30069444444444,0,3695901.0,15136347.0,7479601.0,1
228,2020-01-02 05:07:00,362.8,1,1,3438.69380555556,212032575.0,8018244.0,1.30069444444444,0,3751137.0,15295057.0,7517951.0,1
228,2020-01-02 05:08:00,361.4,1,1,3465.86758333334,214170269.0,8086611.0,1.30069444444444,0,3775581.0,15518249.0,7551426.0,1
228,2020-01-02 05:09:00,360.0,1,1,3506.27780555556,216503770.0,8171736.0,1.30069444444444,0,3819657.0,15710022.0,7589126.0,1
228,2020-01-02 05:10:00,358.6,1,1,3568.41669444446,219600462.0,8232694.0,1.30069444444444,0,3874294.0,15924810.0,7705047.0,1
228,2020-01-02 05:11:00,357.2,1,1,3605.96608333334,222252307.0,8306443.0,1.36066666666666,0,3940294.0,16085050.0,7769306.0,1
228,2020-01-02 05:12:00,355.8,1,1,3643.6539444444593,225106899.0,8447143.0,1.36402777777776,0,4031747.0,16255471.0,7904675.0,1
228,2020-01-02 05:13:00,354.4,1,1,3683.07494444446,226108289.0,8501769.0,1.3779444444444402,0,4060547.0,16300756.0,7931650.0,1
228,2020-01-02 05:14:00,354.0,1,1,3684.620138888901,226108289.0,8520476.0,1.3779444444444402,0,4060559.0,16302152.0,7936941.0,1
228,2020-01-02 05:15:00,353.0,1,1,3685.5745,226108289.0,8619705.0,1.3779444444444402,0,4060667.0,16304713.0,7945730.0,1
228,2020-01-02 05:16:00,351.4,1,1,3734.76827777778,228389932.0,8664776.0,1.3779444444444402,0,4094184.0,16444378.0,8038017.0,1
228,2020-01-02 05:17:00,350.2,1,1,3752.33955555556,229992299.0,8800314.0,1.3779444444444402,0,4135729.0,16569983.0,8092839.0,1
228,2020-01-02 05:18:00,347.2,1,1,3833.41775,236048908.0,8950269.0,1.4602777777777602,0,4279381.0,16969843.0,8265206.0,1
228,2020-01-02 05:19:00,346.2,1,1,3871.63644444446,238327847.0,9044259.0,1.4851111111111002,0,4339789.0,17135315.0,8296705.0,1
228,2020-01-02 05:20:00,345.6,1,1,3883.19705555556,238869635.0,9089135.0,1.4851111111111002,0,4349221.0,17179559.0,8327697.0,1
228,2020-01-02 05:21:00,344.8,1,1,3887.12372222224,239035281.0,9146283.0,1.4851111111111002,0,4350589.0,17204367.0,8350110.0,1
228,2020-01-02 05:22:00,343.4,1,1,3930.47622222224,242301830.0,9278051.0,1.5095,0,4443073.0,17339936.0,8475184.0,1
228,2020-01-02 05:23:00,342.0,1,1,3961.2118888889,243542186.0,9327308.0,1.5095,0,4468021.0,17456617.0,8594056.0,1
228,2020-01-02 05:24:00,340.4,1,1,3973.54716666668,244635785.0,9402981.0,1.5095,0,4476697.0,17554290.0,8657366.0,1
228,2020-01-02 05:25:00,339.0,1,1,4025.17369444446,247690110.0,9496464.0,1.52825,0,4564825.0,17699038.0,8806827.0,1
228,2020-01-02 05:26:00,337.4,1,1,4043.19230555556,249576631.0,9553716.0,1.53133333333332,0,4590877.0,17849046.0,8844566.0,1
228,2020-01-02 05:27:00,336.2,1,1,4082.39875,252209846.0,9642090.0,1.55963888888888,0,4655629.0,17983851.0,8966948.0,1
228,2020-01-02 05:28:00,334.8,1,1,4130.09041666668,255416348.0,9721286.0,1.59197222222222,0,4739017.0,18070751.0,9070234.0,1
228,2020-01-02 05:29:00,332.0,1,1,4154.104777777779,257016076.0,9921512.0,1.59197222222222,0,4758217.0,18218752.0,9196568.0,1
228,2020-01-02 05:30:00,330.6,1,1,4204.40502777778,259818239.0,10047261.0,1.65555555555554,0,4830517.0,18311820.0,9395546.0,1
228,2020-01-02 05:31:00,329.2,1,1,4243.37394444446,261859967.0,10216768.0,1.73313888888888,0,4882453.0,18388057.0,9665010.0,1
228,2020-01-02 05:32:00,327.8,1,1,4280.24908333334,264583494.0,10343037.0,1.7711111111111002,0,4958389.0,18452730.0,9762290.0,1
228,2020-01-02 05:33:00,326.6,1,1,4314.205,267282827.0,10413068.0,1.78716666666666,0,5020885.0,18652394.0,9805593.0,1
228,2020-01-02 05:34:00,325.0,1,1,4363.56422222214,270159428.0,10513285.0,1.79894444444444,0,5064217.0,18854002.0,9880538.0,1
228,2020-01-02 05:35:00,323.8,1,1,4408.071444444539,272900869.0,10602361.0,1.79894444444444,0,5115254.0,19041290.0,9955899.0,1
228,2020-01-02 05:36:00,321.0,1,1,4482.723722222139,277556222.0,10699484.0,1.79894444444444,0,5192895.0,19441942.0,10032950.0,1
228,2020-01-02 05:37:00,318.0,1,1,4560.432527777738,281701663.0,10857538.0,1.82477777777776,0,5257935.0,19676294.0,10117867.0,1
228,2020-01-02 05:38:00,317.8,1,1,4565.617999999961,281920193.0,10872657.0,1.82477777777776,0,5261619.0,19678507.0,10122274.0,1
228,2020-01-02 05:39:00,312.6,1,1,4715.238555555517,292582715.0,11125039.0,1.85177777777776,0,5487651.0,20350155.0,10434340.0,1
228,2020-01-02 05:40:00,311.0,1,1,4754.305083333296,295167401.0,11151507.0,1.897972222222204,0,5530275.0,20489180.0,10482206.0,1
228,2020-01-02 05:41:00,309.4,1,1,4788.014777777739,297101827.0,11218184.0,1.91977777777776,0,5576607.0,20576925.0,10582072.0,1
228,2020-01-02 05:42:00,308.4,1,1,4808.929583333298,299337645.0,11293065.0,1.928611111111094,0,5609655.0,20702385.0,10720184.0,1
228,2020-01-02 05:43:00,307.0,1,1,4841.348083333299,302934095.0,11344337.0,1.938583333333316,0,5688111.0,20932881.0,10794869.0,1
228,2020-01-02 05:44:00,305.6,1,1,4858.847472222178,304272549.0,11420816.0,1.938583333333316,0,5705271.0,21021938.0,10831529.0,1
228,2020-01-02 05:45:00,304.2,1,1,4913.46224999996,307552163.0,11496697.0,1.943305555555538,0,5789499.0,21136073.0,10948646.0,1
228,2020-01-02 05:46:00,302.8,1,1,4962.791388888859,310799498.0,11608211.0,1.947083333333316,0,5855535.0,21314037.0,11157881.0,1
228,2020-01-02 05:47:00,301.4,1,1,5000.637388888859,312524910.0,11717087.0,1.947083333333316,0,5884875.0,21435954.0,11196751.0,1
228,2020-01-02 05:48:00,300.0,1,1,5039.882638888859,315425002.0,11777108.0,1.947388888888872,0,5962155.0,21591403.0,11259606.0,1
228,2020-01-02 05:49:00,298.6,1,1,5080.93261111108,318514335.0,11835361.0,1.9611111111110944,0,6045639.0,21701316.0,11394741.0,1
228,2020-01-02 05:50:00,297.0,1,1,5130.78499999996,321278174.0,11931743.0,1.9611111111110944,0,6108772.0,21901378.0,11459001.0,1
228,2020-01-02 05:51:00,294.4,1,1,5195.08674999996,325473924.0,12087769.0,1.9760555555555384,0,6180712.0,22214114.0,11589170.0,1
228,2020-01-02 05:52:00,293.0,1,1,5234.65824999996,328390370.0,12174349.0,1.9760555555555384,0,6204257.0,22383622.0,11635359.0,1
228,2020-01-02 05:53:00,291.6,1,1,5254.000305555521,329682089.0,12254130.0,1.976138888888872,0,6234221.0,22486430.0,11668106.0,1
228,2020-01-02 05:54:00,290.0,1,1,5279.378166666621,331343879.0,12326112.0,1.976138888888872,0,6252258.0,22657430.0,11686332.0,1
228,2020-01-02 05:55:00,289.4,1,1,5296.048138888861,332137607.0,12357806.0,1.984944444444426,0,6266058.0,22715595.0,11717402.0,1
228,2020-01-02 05:56:00,288.8,1,1,5304.934555555521,332335974.0,12404528.0,1.984944444444426,0,6269395.0,22735856.0,11741674.0,1
228,2020-01-02 05:57:00,287.4,1,1,5328.361722222181,334273455.0,12459804.0,1.984944444444426,0,6294883.0,22892732.0,11781493.0,1
228,2020-01-02 05:58:00,286.0,1,1,5372.181972222181,337397615.0,12519994.0,2.09477777777776,0,6359647.0,23058249.0,11842788.0,1
228,2020-01-02 05:59:00,283.2,1,1,5461.417194444401,344013705.0,12682702.0,2.13380555555554,0,6484603.0,23383238.0,11971137.0,1
228,2020-01-02 06:00:00,281.8,1,1,5486.802722222181,345549564.0,12829356.0,2.13380555555554,0,6502447.0,23519103.0,12046524.0,1
228,2020-01-02 06:01:00,279.0,1,1,5553.019666666621,348906060.0,13007613.0,2.14369444444442,0,6556111.0,23761415.0,12175238.0,1
228,2020-01-02 06:02:00,277.4,1,1,5594.429777777741,351365530.0,13286138.0,2.14369444444442,0,6600031.0,23849435.0,12281448.0,1
228,2020-01-02 06:03:00,271.8,1,1,5702.540638888861,357532691.0,13629507.0,2.14369444444442,0,6730675.0,24281059.0,12485197.0,1
228,2020-01-02 06:04:00,270.6,1,1,5737.255999999961,359973818.0,13717804.0,2.15019444444442,0,6786763.0,24419743.0,12575847.0,1
228,2020-01-02 06:05:00,269.2,1,1,5744.951166666621,360321165.0,13802187.0,2.15019444444442,0,6791323.0,24459603.0,12601158.0,1
228,2020-01-02 06:06:00,267.8,1,1,5772.483999999961,362344200.0,13918901.0,2.15019444444442,0,6817471.0,24605783.0,12671748.0,1
228,2020-01-02 06:07:00,266.2,1,1,5800.237361111082,364393442.0,14056402.0,2.17055555555554,0,6856927.0,24768007.0,12722630.0,1
228,2020-01-02 06:08:00,264.8,1,1,5830.444055555522,366826367.0,14176275.0,2.17055555555554,0,6902167.0,24919615.0,12858714.0,1
228,2020-01-02 06:09:00,263.6,1,1,5872.184805555521,369373483.0,14284552.0,2.19533333333332,0,6975139.0,25026587.0,12958398.0,1
228,2020-01-02 06:10:00,260.4,1,1,5891.543888888861,370797490.0,14418621.0,2.20041666666664,0,7007347.0,25126812.0,13039102.0,1
228,2020-01-02 06:11:00,259.2,1,1,5902.166999999961,371779289.0,14474184.0,2.20041666666664,0,7032859.0,25193392.0,13070250.0,1
228,2020-01-02 06:12:00,258.0,1,1,5907.468388888861,372094916.0,14506763.0,2.20041666666664,0,7035739.0,25204400.0,13077543.0,1
228,2020-01-02 06:13:00,255.2,1,1,5967.954027777741,376095601.0,14701880.0,2.33266666666664,0,7124996.0,25434022.0,13294929.0,1
228,2020-01-02 06:14:00,253.8,1,1,5996.401388888861,378212911.0,14742388.0,2.33266666666664,0,7153496.0,25604266.0,13323256.0,1
228,2020-01-02 06:15:00,252.0,1,1,6010.262361111081,379689945.0,14834194.0,2.33266666666664,0,7188104.0,25736047.0,13347684.0,1
228,2020-01-02 06:16:00,249.0,1,1,6025.174944444401,380868772.0,14893227.0,2.3499722222222,0,7215212.0,25843999.0,13364714.0,1
228,2020-01-02 06:17:00,248.2,1,1,6028.6073333333015,380938296.0,14929705.0,2.3499722222222,0,7215884.0,25850592.0,13374243.0,1
228,2020-01-02 06:18:00,246.8,1,1,6045.193027777742,382914530.0,15002856.0,2.35005555555554,0,7258628.0,25996172.0,13393600.0,1
228,2020-01-02 06:19:00,246.0,1,1,6063.088166666642,384304647.0,15051321.0,2.36652777777776,0,7294004.0,26062385.0,13450891.0,1
228,2020-01-02 06:20:00,245.4,1,1,6064.098277777742,384304647.0,15065933.0,2.36652777777776,0,7294077.0,26064377.0,13460563.0,1
228,2020-01-02 06:21:00,243.8,1,1,6091.597638888862,386309377.0,15121729.0,2.36652777777776,0,7318569.0,26234337.0,13497197.0,1
228,2020-01-02 06:22:00,242.6,1,1,6123.986388888862,388653161.0,15174886.0,2.3742222222222,0,7344777.0,26427701.0,13585701.0,1
228,2020-01-02 06:23:00,241.2,1,1,6142.670361111082,391035788.0,15255343.0,2.3742222222222,0,7379806.0,26610371.0,13636973.0,1
228,2020-01-02 06:24:00,239.8,1,1,6172.916138888862,392404571.0,15305185.0,2.3742222222222,0,7393510.0,26728260.0,13689675.0,1
228,2020-01-02 06:25:00,238.4,1,1,6198.444249999962,394673280.0,15362216.0,2.3856944444444204,0,7422922.0,26872952.0,13768884.0,1
228,2020-01-02 06:26:00,236.6,1,1,6225.500749999962,396472662.0,15454829.0,2.3949166666666404,0,7453630.0,26952568.0,13819857.0,1
228,2020-01-02 06:27:00,235.4,1,1,6235.070277777742,397219213.0,15519830.0,2.3949166666666404,0,7466446.0,26976561.0,13866905.0,1
228,2020-01-02 06:28:00,234.0,1,1,6260.341666666643,398738965.0,15611376.0,2.3949166666666404,0,7497982.0,27061517.0,13904956.0,1
228,2020-01-02 06:29:00,232.6,1,1,6292.704361111082,400577881.0,15649089.0,2.3949166666666404,0,7526650.0,27163158.0,13929903.0,1
228,2020-01-02 06:30:00,231.2,1,1,6323.047972222184,402304502.0,15710202.0,2.3949166666666404,0,7562266.0,27302774.0,13990718.0,1
228,2020-01-02 06:31:00,230.0,1,1,6329.009555555523,402978825.0,15753597.0,2.3949166666666404,0,7574086.0,27350990.0,14024596.0,1
228,2020-01-02 06:32:00,228.6,1,1,6353.874611111083,405026741.0,15841595.0,2.4027499999999806,0,7623262.0,27475935.0,14126516.0,1
228,2020-01-02 06:33:00,227.2,1,1,6392.760194444403,408278964.0,15911249.0,2.4318333333333206,0,7697303.0,27542380.0,14214409.0,1
228,2020-01-02 06:34:00,225.8,1,1,6432.562666666642,411593002.0,15946596.0,2.4998333333333207,0,7791444.0,27755440.0,14283439.0,1
228,2020-01-02 06:35:00,225.6,1,1,6438.962722222183,412029191.0,15960559.0,2.4998333333333207,0,7796016.0,27774989.0,14285662.0,1
228,2020-01-02 06:36:00,224.4,1,1,6461.331222222182,413362770.0,16010843.0,2.4998333333333207,0,7817304.0,27832022.0,14315302.0,1
228,2020-01-02 06:37:00,223.0,1,1,6491.602416666642,415438467.0,16094537.0,2.4998333333333207,0,7855188.0,28001278.0,14347945.0,1
228,2020-01-02 06:38:00,220.2,1,1,6543.151583333302,419095523.0,16241385.0,2.506361111111101,0,7932864.0,28199951.0,14451776.0,1
228,2020-01-02 06:39:00,218.8,1,1,6565.443583333304,420698592.0,16308049.0,2.5258055555555408,0,7963800.0,28251549.0,14494351.0,1
228,2020-01-02 06:40:00,217.4,1,1,6602.005555555544,422861714.0,16379991.0,2.596444444444421,0,8025012.0,28368373.0,14602758.0,1
228,2020-01-02 06:41:00,216.0,1,1,6628.130749999943,425020156.0,16474332.0,2.596444444444421,0,8074884.0,28500730.0,14639509.0,1
228,2020-01-02 06:42:00,214.4,1,1,6663.477194444343,427859811.0,16538969.0,2.6323611111111007,0,8158812.0,28625534.0,14682630.0,1
228,2020-01-02 06:43:00,212.8,1,1,6694.632777777742,430198472.0,16660208.0,2.6323611111111007,0,8198269.0,28738895.0,14760136.0,1
228,2020-01-02 06:44:00,211.4,1,1,6724.757694444344,431675415.0,16720645.0,2.6323611111111007,0,8229253.0,28868915.0,14795431.0,1
228,2020-01-02 06:45:00,211.2,1,1,6725.261305555543,431675415.0,16751455.0,2.6323611111111007,0,8229253.0,28871323.0,14802256.0,1
228,2020-01-02 06:46:00,210.4,1,1,6739.485277777744,432242631.0,16869560.0,2.6323611111111007,0,8235025.0,28942120.0,14883767.0,1
228,2020-01-02 06:47:00,209.0,1,1,6759.355138888943,433682316.0,16941125.0,2.6323611111111007,0,8247841.0,29069100.0,14911028.0,1
228,2020-01-02 06:48:00,207.6,1,1,6774.337416666544,434256812.0,17018618.0,2.6323611111111007,0,8258737.0,29118188.0,14951887.0,1
228,2020-01-02 06:49:00,206.0,1,1,6803.629111111144,436818995.0,17128390.0,2.640722222222201,0,8331133.0,29387349.0,15008736.0,1
228,2020-01-02 06:50:00,204.8,1,1,6820.468027777744,437923970.0,17221938.0,2.640722222222201,0,8342773.0,29518513.0,15055692.0,1
228,2020-01-02 06:51:00,203.2,1,1,6860.868083333344,439822607.0,17326640.0,2.640722222222201,0,8369401.0,29696005.0,15170092.0,1
228,2020-01-02 06:52:00,202.0,1,1,6886.398138888944,440964163.0,17452871.0,2.660861111111101,0,8410309.0,29778299.0,15275704.0,1
228,2020-01-02 06:53:00,200.6,1,1,6911.877555555544,442841415.0,17584275.0,2.660861111111101,0,8456581.0,29924615.0,15346593.0,1
228,2020-01-02 06:54:00,199.2,1,1,6939.2460277777445,444613160.0,17783474.0,2.6809444444444206,0,8502625.0,30014592.0,15424762.0,1
228,2020-01-02 06:55:00,197.6,1,1,6954.592111111144,445500371.0,17885862.0,2.6809444444444206,0,8526661.0,30088004.0,15458601.0,1
228,2020-01-02 06:56:00,195.0,1,1,7004.559277777744,448851472.0,18148385.0,2.693138888888881,0,8641021.0,30300444.0,15821562.0,1
228,2020-01-02 06:57:00,190.4,1,1,7159.543722222144,456269012.0,18537358.0,2.725194444444421,0,8887334.0,30882766.0,16260572.0,1
228,2020-01-02 06:58:00,190.0,1,1,7171.062388888944,457019086.0,18567414.0,2.725194444444421,0,8896154.0,30975434.0,16306917.0,1
228,2020-01-02 06:59:00,184.4,1,1,7221.075972222144,459072970.0,18795993.0,2.737833333333321,0,8982194.0,31196510.0,16591877.0,1
228,2020-01-02 07:00:00,171.8,1,1,7414.826388888944,468547136.0,19419577.0,2.857749999999981,0,9231386.0,31990614.0,17425684.0,1
228,2020-01-02 07:01:00,168.0,1,1,7508.638444444342,473717964.0,19697166.0,2.9532499999999806,0,9402722.0,32386982.0,17885416.0,1
228,2020-01-02 07:02:00,167.0,1,1,7513.084861111144,473820521.0,19732397.0,2.9532499999999806,0,9403478.0,32409746.0,17923455.0,1
228,2020-01-02 07:03:00,160.8,1,1,7748.164805555544,484216712.0,20126700.0,3.099583333333321,0,9670695.0,32957236.0,18392690.0,1
228,2020-01-02 07:04:00,140.0,1,1,8135.404694444344,501578888.0,21615577.0,3.311694444444421,0,10117059.0,34683928.0,19653014.0,1
228,2020-01-02 07:05:00,131.2,1,1,8309.969999999945,505628635.0,22337467.0,3.350027777777761,0,10219071.0,35235338.0,20370640.0,1
228,2020-01-02 07:06:00,125.8,1,1,8389.016611111145,508399182.0,22946634.0,3.350027777777761,0,10275747.0,35413707.0,20789799.0,1
228,2020-01-02 07:07:00,118.8,1,1,8584.840166666543,517691765.0,23927224.0,3.535055555555541,0,10519803.0,36072320.0,21893019.0,1
228,2020-01-02 07:08:00,108.8,1,1,8781.828777777742,527361490.0,25487718.0,3.550083333333321,0,10749471.0,36819852.0,23772741.0,1
228,2020-01-02 07:09:00,97.8,1,1,8781.828777777742,537297767.0,26652713.0,3.550083333333321,0,11036019.0,37828084.0,25496619.0,1
228,2020-01-02 07:10:00,85.80000000000001,1,1,8781.828777777742,542772912.0,27372276.0,3.550083333333321,0,11285391.0,38507396.0,27343503.0,1
228,2020-01-02 07:11:00,85.19999999999999,1,1,8781.828777777742,543229407.0,27420038.0,3.550083333333321,0,11311887.0,38595418.0,27453119.0,1
228,2020-01-02 07:12:00,81.60000000000002,1,1,8782.828777777742,544941585.0,27619836.0,3.550083333333321,0,11447667.0,38952267.0,28494146.0,1
228,2020-01-02 07:13:00,80.80000000000001,1,1,8782.828777777742,545508138.0,27663399.0,3.550083333333321,0,11474512.0,39106263.0,28732969.0,1
228,2020-01-02 07:14:00,79.80000000000001,1,1,8782.828777777742,545614297.0,27700527.0,3.550083333333321,0,11479444.0,39129291.0,28763233.0,1
228,2020-01-02 07:15:00,68.19999999999999,1,1,8782.828777777742,547395206.0,28733793.0,3.550083333333321,0,11780032.0,39792308.0,31878943.0,1
228,2020-01-02 07:16:00,59.0,1,1,8783.828777777742,547557849.0,29498518.0,3.550083333333321,0,11870429.0,40472737.0,33666573.0,1
228,2020-01-02 07:17:00,55.60000000000002,1,1,8783.828777777742,547597421.0,29828094.0,3.550083333333321,0,11905073.0,40660658.0,34660449.0,1
228,2020-01-02 07:18:00,53.60000000000002,1,1,8783.828777777742,547599644.0,29991843.0,3.550083333333321,0,11913222.0,40736142.0,34972943.0,1
228,2020-01-02 07:19:00,52.80000000000001,1,1,8783.828777777742,547599644.0,30012604.0,3.550083333333321,0,11913306.0,40737618.0,34986398.0,1
228,2020-01-02 07:20:00,45.80000000000001,1,1,8783.828777777742,547739901.0,31048822.0,3.550083333333321,0,12052290.0,41273419.0,37991271.0,1
228,2020-01-02 07:21:00,40.60000000000002,1,1,8783.828777777742,547866703.0,31638619.0,3.550083333333321,0,12175375.0,41775567.0,40813246.0,1
228,2020-01-02 07:22:00,40.39999999999998,1,1,8783.828777777742,547877987.0,31648707.0,3.550083333333321,0,12175747.0,41781460.0,40836568.0,1
228,2020-01-02 07:23:00,31.19999999999999,1,1,8783.828777777742,559971198.0,32581926.0,3.550083333333321,0,12461827.0,42550782.0,41530768.0,1
228,2020-01-02 07:24:00,19.19999999999999,1,1,8783.828777777742,576431201.0,33435922.0,3.550083333333321,0,12822272.0,43476720.0,42207743.0,1
228,2020-01-02 07:25:00,7.199999999999989,1,1,8784.828777777742,593783406.0,34167341.0,3.550083333333321,0,13205588.0,44537084.0,42878920.0,1
228,2020-01-02 07:26:00,3.8000000000000114,1,1,8784.828777777742,597933136.0,34398403.0,3.550083333333321,0,13290992.0,44747896.0,43340589.0,1
228,2020-01-02 07:27:00,2.800000000000012,1,1,8784.828777777742,598212090.0,34444684.0,3.550083333333321,0,13291832.0,44777901.0,43354070.0,1
234,2020-01-02 07:28:00,451.8,1,0,564.3432777777689,4008875.0,306020.0,0.0016666666666666,0,185857.0,71008.0,197106.0,1
234,2020-01-02 07:29:00,451.4,1,0,658.434888888889,4805476.0,324116.0,0.0016666666666666,0,227965.0,78475.0,223691.0,1
234,2020-01-02 07:30:00,450.0,1,0,819.497083333329,6601413.0,366249.0,0.0074722222222222,0,315709.0,102083.0,302354.0,1
234,2020-01-02 07:31:00,448.6,1,0,1003.3195277777688,7942974.0,421565.0,0.0074722222222222,0,392017.0,122919.0,360464.0,1
234,2020-01-02 07:32:00,447.2000000000001,1,0,1232.1403055555488,9483903.0,458277.0,0.0074722222222222,0,473137.0,142584.0,441012.0,1
234,2020-01-02 07:33:00,445.8,1,0,1405.955333333329,11291527.0,500774.0,0.0080277777777778,0,557089.0,166777.0,488007.0,1
234,2020-01-02 07:34:00,444.4,1,0,1586.849083333329,13427986.0,555933.0,0.0096944444444444,0,654698.0,200205.0,585884.0,1
234,2020-01-02 07:35:00,443.0,1,0,1960.2236944444487,15503683.0,608467.0,0.0096944444444444,0,765146.0,232188.0,663494.0,1
234,2020-01-02 07:36:00,441.6,1,0,2110.093111111089,17010799.0,640746.0,0.0096944444444444,0,829694.0,253304.0,716599.0,1
234,2020-01-02 07:37:00,440.2000000000001,1,0,2260.132472222289,18696470.0,678017.0,0.0096944444444444,0,905462.0,272533.0,761957.0,1
234,2020-01-02 07:38:00,438.8,1,0,2460.121250000089,20451184.0,702002.0,0.0100833333333334,0,986918.0,293435.0,892919.0,1
234,2020-01-02 07:39:00,437.2000000000001,1,0,2616.211472222289,22003775.0,731759.0,0.0175555555555556,0,1051095.0,311711.0,933882.0,1
234,2020-01-02 07:40:00,435.8,1,0,2764.0210555554886,23667034.0,758318.0,0.0175555555555556,0,1129323.0,333552.0,988742.0,1
234,2020-01-02 07:41:00,434.8,1,0,2819.893222222289,24228972.0,785306.0,0.0175555555555556,0,1153503.0,341034.0,1002041.0,1
234,2020-01-02 07:42:00,434.6,1,0,2861.5082222222886,24519392.0,794627.0,0.0175555555555556,0,1164627.0,346722.0,1022516.0,1
234,2020-01-02 07:43:00,433.2000000000001,1,0,3015.330250000089,25926187.0,827959.0,0.0175555555555556,0,1229175.0,367539.0,1055900.0,1
234,2020-01-02 07:44:00,430.4,1,0,3410.249805555489,28446549.0,890593.0,0.023972222222222,0,1380819.0,396904.0,1128830.0,1
234,2020-01-02 07:45:00,429.0,1,0,3632.570638888889,29858973.0,920792.0,0.038583333333334,0,1464075.0,414184.0,1164359.0,1
234,2020-01-02 07:46:00,427.6,1,0,3840.524416666689,31543916.0,952032.0,0.038583333333334,0,1547091.0,434037.0,1214162.0,1
234,2020-01-02 07:47:00,426.2000000000001,1,0,4023.8588333332896,33105385.0,981568.0,0.038583333333334,0,1647400.0,450110.0,1254748.0,1
234,2020-01-02 07:48:00,424.8,1,0,4191.512805555489,34501208.0,1020113.0,0.038583333333334,0,1720108.0,473160.0,1291044.0,1
234,2020-01-02 07:49:00,423.4,1,0,4366.663722222289,36369243.0,1066731.0,0.038972222222222,0,1811104.0,503277.0,1339911.0,1
234,2020-01-02 07:50:00,422.4,1,0,4474.213194444489,37251735.0,1104159.0,0.064138888888888,0,1860472.0,516187.0,1383812.0,1
234,2020-01-02 07:51:00,422.0,1,0,4569.973361111089,37904959.0,1123282.0,0.078833333333334,0,1904896.0,522724.0,1406692.0,1
234,2020-01-02 07:52:00,420.6,1,0,4704.33025000009,39939914.0,1148424.0,0.078833333333334,0,2001436.0,546458.0,1439452.0,1
234,2020-01-02 07:53:00,419.2000000000001,1,0,4864.229000000088,41370005.0,1173241.0,0.079805555555556,0,2058808.0,567026.0,1463411.0,1
234,2020-01-02 07:54:00,416.2000000000001,1,0,4866.557666666689,41420991.0,1232495.0,0.079805555555556,0,2058833.0,569946.0,1479999.0,1
234,2020-01-02 07:55:00,413.6,1,0,5057.482222222289,44114916.0,1282935.0,0.079805555555556,0,2159850.0,609531.0,1533468.0,1
234,2020-01-02 07:56:00,412.2000000000001,1,0,5201.990222222289,46010940.0,1300212.0,0.079805555555556,0,2230698.0,633592.0,1566410.0,1
234,2020-01-02 07:57:00,410.8,1,0,5338.546444444489,47504562.0,1317944.0,0.080222222222222,0,2286379.0,659384.0,1616902.0,1
234,2020-01-02 07:58:00,409.4,1,0,5445.6394722222885,49097661.0,1344946.0,0.080222222222222,0,2359135.0,683338.0,1647973.0,1
234,2020-01-02 07:59:00,408.0,1,0,5641.331333333289,50888762.0,1380280.0,0.080222222222222,0,2439007.0,709535.0,1687571.0,1
234,2020-01-02 08:00:00,406.6,1,0,5803.011666666689,52466078.0,1404070.0,0.080222222222222,0,2513899.0,727395.0,1726857.0,1
234,2020-01-02 08:01:00,405.2000000000001,1,0,5915.312472222289,53185212.0,1417863.0,0.080222222222222,0,2541607.0,740641.0,1743822.0,1
234,2020-01-02 08:02:00,403.8,1,0,6191.738027777689,55340677.0,1445475.0,0.080222222222222,0,2644195.0,765210.0,1787203.0,1
234,2020-01-02 08:03:00,402.4,1,0,6336.4005833332885,56986646.0,1466379.0,0.080555555555556,0,2714239.0,789023.0,1838761.0,1
234,2020-01-02 08:04:00,401.0,1,0,6586.446222222289,58520347.0,1492951.0,0.080555555555556,0,2793571.0,810003.0,1896949.0,1
234,2020-01-02 08:05:00,393.0,1,0,7687.123805555488,67958048.0,1764365.0,0.089638888888888,0,3221155.0,937332.0,2216099.0,1
234,2020-01-02 08:06:00,388.2000000000001,1,0,8241.55755555549,72696899.0,1980828.0,0.116861111111112,0,3444679.0,1015220.0,2492609.0,1
234,2020-01-02 08:07:00,386.8,1,0,8539.90175000009,74641348.0,2055149.0,0.116861111111112,0,3533767.0,1048541.0,2594854.0,1
234,2020-01-02 08:08:00,380.0,1,0,9646.37286111109,83558178.0,2327135.0,0.127027777777778,0,3953287.0,1232581.0,3143754.0,1
234,2020-01-02 08:09:00,369.8,1,0,10903.74586111109,97011398.0,2940372.0,0.194944444444444,0,4602115.0,1491273.0,3959153.0,1
234,2020-01-02 08:10:00,363.4,1,0,11535.54163888889,105033009.0,3222004.0,0.36005555555556,0,4974631.0,1614465.0,4281398.0,1
234,2020-01-02 08:11:00,357.40000000000003,1,0,12267.71600000009,112325047.0,3517911.0,0.51022222222222,0,5333132.0,1772862.0,4599846.0,1
234,2020-01-02 08:12:00,356.8,1,0,12267.71600000009,112325048.0,3524749.0,0.51022222222222,0,5333132.0,1772883.0,4599846.0,1
234,2020-01-02 08:13:00,356.20000000000005,1,0,12268.13888888889,112327414.0,3533628.0,0.51022222222222,0,5333264.0,1773343.0,4601978.0,1
234,2020-01-02 08:14:00,350.0,1,0,12825.035972222233,120499539.0,4077444.0,0.534666666666664,0,5645708.0,1909745.0,5303146.0,1
234,2020-01-02 08:15:00,343.6,1,0,13406.089833333332,128804823.0,4748478.0,0.583055555555554,0,5988009.0,2064145.0,5937624.0,1
234,2020-01-02 08:16:00,342.40000000000003,1,0,13558.262611111111,130874697.0,4817339.0,0.583055555555554,0,6083901.0,2108546.0,6016768.0,1
234,2020-01-02 08:17:00,336.0,1,0,14599.05836111109,139350684.0,5442639.0,0.6399722222222202,0,6574161.0,2222359.0,6428751.0,1
234,2020-01-02 08:18:00,331.20000000000005,1,0,15378.89083333329,146600875.0,5905049.0,0.661166666666664,0,6920541.0,2398617.0,6797873.0,1
234,2020-01-02 08:19:00,329.40000000000003,1,0,15581.582388888892,148832780.0,6041328.0,0.661166666666664,0,7017778.0,2443418.0,6972359.0,1
234,2020-01-02 08:20:00,323.0,1,0,16658.300805555493,159088870.0,7235612.0,0.6815277777777762,0,7573642.0,2631902.0,7780309.0,1
234,2020-01-02 08:21:00,322.20000000000005,1,0,16782.936000000092,160095461.0,7432978.0,0.6815277777777762,0,7623334.0,2649043.0,7832218.0,1
234,2020-01-02 08:22:00,321.20000000000005,1,0,16994.322027777693,161803180.0,7519974.0,0.6815277777777762,0,7708127.0,2685703.0,7890913.0,1
234,2020-01-02 08:23:00,315.0,1,0,17888.754444444494,169772168.0,8862940.0,0.6815277777777762,0,8120279.0,2853643.0,8598555.0,1
234,2020-01-02 08:24:00,314.0,1,0,18061.871166666697,171154848.0,9107535.0,0.6834444444444422,0,8185295.0,2873447.0,8760314.0,1
234,2020-01-02 08:25:00,313.20000000000005,1,0,18063.60613888889,171163116.0,9123213.0,0.6834444444444422,0,8185463.0,2874515.0,8768595.0,1
234,2020-01-02 08:26:00,311.0,1,0,18369.798527777697,173652733.0,9885520.0,0.6834444444444422,0,8327891.0,2914192.0,9500339.0,1
234,2020-01-02 08:27:00,305.0,1,0,19092.87447222229,180259840.0,11341026.0,0.6834444444444422,0,8666591.0,3026373.0,11047313.0,1
234,2020-01-02 08:28:00,300.0,1,0,19670.51752777769,184895809.0,12373382.0,0.6834444444444422,0,8926295.0,3098791.0,12084440.0,1
234,2020-01-02 08:29:00,299.8,1,0,19670.51752777769,184895809.0,12376502.0,0.6834444444444422,0,8926295.0,3098815.0,12084544.0,1
234,2020-01-02 08:30:00,294.20000000000005,1,0,20045.32230555549,184895809.0,12384354.0,0.684333333333332,0,8926295.0,3098959.0,12084544.0,1
234,2020-01-02 08:31:00,293.6,1,0,20099.58186111109,185783709.0,12471883.0,0.684333333333332,0,8969099.0,3119311.0,12112130.0,1
234,2020-01-02 08:32:00,283.8,1,0,21457.075500000097,198801623.0,14169826.0,0.68672222222222,0,9613403.0,3312971.0,13128002.0,1
234,2020-01-02 08:33:00,282.40000000000003,1,0,21662.387361111098,200431811.0,14469710.0,0.68672222222222,0,9700583.0,3341967.0,13376576.0,1
234,2020-01-02 08:34:00,282.20000000000005,1,0,21738.27369444449,200640500.0,14480617.0,0.68672222222222,0,9715427.0,3344035.0,13414198.0,1
234,2020-01-02 08:35:00,276.6,1,0,22196.949444444497,207111250.0,15080242.0,0.720527777777776,0,9976475.0,3426863.0,14099389.0,1
234,2020-01-02 08:36:00,271.0,1,0,22810.670250000057,214347167.0,15648953.0,0.721777777777776,0,10263155.0,3546055.0,14965748.0,1
234,2020-01-02 08:37:00,265.0,1,0,23614.173000000057,222058286.0,16580936.0,0.727611111111108,0,10612991.0,3676695.0,15842000.0,1
234,2020-01-02 08:38:00,259.0,1,0,24479.93627777789,230167504.0,17952319.0,0.727999999999998,0,11008763.0,3816007.0,17040132.0,1
234,2020-01-02 08:39:00,255.40000000000003,1,0,24958.71969444449,234897346.0,18969414.0,0.735444444444442,0,11237076.0,3895027.0,17752701.0,1
234,2020-01-02 08:40:00,251.00000000000003,1,0,25725.748083333296,241442937.0,20225695.0,0.741166666666664,0,11603604.0,4014475.0,18684632.0,1
234,2020-01-02 08:41:00,250.00000000000003,1,0,25818.41152777789,242172913.0,20376872.0,0.741166666666664,0,11650320.0,4025592.0,18784134.0,1
234,2020-01-02 08:42:00,244.00000000000003,1,0,26641.74319444449,248643325.0,22061308.0,0.741166666666664,0,11995932.0,4159040.0,19833429.0,1
234,2020-01-02 08:43:00,238.00000000000003,1,0,27590.44572222229,256005525.0,23763048.0,0.762833333333332,0,12387900.0,4285304.0,21182400.0,1
234,2020-01-02 08:44:00,234.2,1,0,28020.086750000097,260172519.0,25172925.0,0.762833333333332,0,12614304.0,4351144.0,21893566.0,1
234,2020-01-02 08:45:00,233.00000000000003,1,0,28020.086750000097,260172520.0,25185015.0,0.762833333333332,0,12614304.0,4351248.0,21902159.0,1
234,2020-01-02 08:46:00,196.0,1,0,28032.13133333344,260563326.0,25915459.0,0.762833333333332,0,12615180.0,4376476.0,22362685.0,1
234,2020-01-02 08:47:00,194.8,1,0,28054.39719444454,261434846.0,25993290.0,0.762833333333332,0,12625872.0,4394200.0,22431910.0,1
234,2020-01-02 08:48:00,194.20000000000005,1,0,28054.39719444454,261434846.0,25999179.0,0.762833333333332,0,12625873.0,4394276.0,22433470.0,1
234,2020-01-02 08:49:00,188.0,1,0,28260.396305555656,267250682.0,26401724.0,0.762833333333332,0,12701629.0,4510392.0,22717507.0,1
234,2020-01-02 08:50:00,185.8,1,0,28287.89313888899,267571730.0,26568008.0,0.762833333333332,0,12706081.0,4527097.0,22837913.0,1
234,2020-01-02 08:51:00,178.40000000000003,1,0,28469.19452777788,272770066.0,27003989.0,0.7716388888888878,0,12782617.0,4645870.0,23496389.0,1
234,2020-01-02 08:52:00,178.20000000000005,1,0,28484.937138889,273349918.0,27011243.0,0.7716388888888878,0,12791257.0,4668694.0,23612531.0,1
234,2020-01-02 08:53:00,176.40000000000003,1,0,28532.61452777787,275208957.0,27109783.0,0.7716388888888878,0,12832441.0,4700955.0,23914326.0,1
234,2020-01-02 08:54:00,168.8,1,0,28766.86747222231,279657857.0,27745483.0,0.7716388888888878,0,12917149.0,4858083.0,25067868.0,1
234,2020-01-02 08:55:00,166.20000000000005,1,0,28785.162750000098,279842666.0,27955771.0,0.7716388888888878,0,12922069.0,4869789.0,25369507.0,1
234,2020-01-02 08:56:00,160.20000000000005,1,0,29025.78077777788,283744071.0,28867708.0,0.7716388888888878,0,12984733.0,5045725.0,27633210.0,1
234,2020-01-02 08:57:00,160.0,1,0,29025.78077777788,283744071.0,28877107.0,0.7716388888888878,0,12984733.0,5045768.0,27633210.0,1
234,2020-01-02 08:58:00,145.8,1,0,29444.20288888899,293497282.0,30227795.0,0.7920555555555542,0,13231129.0,5317412.0,29718553.0,1
234,2020-01-02 08:59:00,144.40000000000003,1,0,29485.683916666767,295383543.0,30307173.0,0.79947222222222,0,13280593.0,5334572.0,29767433.0,1
234,2020-01-02 09:00:00,135.0,1,0,29801.09636111121,308116927.0,30691596.0,0.8808888888888862,0,13686325.0,5445677.0,30311860.0,1
234,2020-01-02 09:01:00,132.0,1,0,29889.050694444548,312196990.0,30824054.0,0.8820833333333322,0,13803673.0,5483600.0,30485098.0,1
234,2020-01-02 09:02:00,118.60000000000002,1,0,30079.11927777789,319204485.0,31379570.0,0.8963055555555542,0,13989793.0,5585297.0,31318905.0,1
234,2020-01-02 09:03:00,117.8,1,0,30129.600944444548,321052227.0,31461757.0,0.9011944444444422,0,14057701.0,5598413.0,31401690.0,1
234,2020-01-02 09:04:00,109.40000000000003,1,0,30419.57366666677,333644963.0,32026828.0,0.9323888888888862,0,14533213.0,5690631.0,31956492.0,1
234,2020-01-02 09:05:00,106.60000000000002,1,0,30508.594916666767,337273549.0,32263936.0,0.9331388888888862,0,14692358.0,5719483.0,32230259.0,1
234,2020-01-02 09:06:00,102.8,1,0,30643.58350000012,342120170.0,32556150.0,0.9436388888888864,0,14935526.0,5762911.0,32803754.0,1
234,2020-01-02 09:07:00,98.40000000000003,1,0,30713.60563888899,345525130.0,32864705.0,0.9436388888888864,0,15096938.0,5797688.0,33180273.0,1
234,2020-01-02 09:08:00,92.60000000000002,1,0,30909.971194444548,353612482.0,33130711.0,0.9436388888888864,0,15530042.0,5866713.0,33960078.0,1
234,2020-01-02 09:09:00,79.0,1,0,31234.43811111121,366631306.0,33626544.0,0.9439444444444424,0,16197014.0,5988978.0,35530738.0,1
234,2020-01-02 09:10:00,74.20000000000005,1,0,31377.918250000108,372737432.0,33778332.0,0.951638888888886,0,16449506.0,6035122.0,35900094.0,1
234,2020-01-02 09:11:00,61.200000000000045,1,0,31760.306805555567,388616932.0,34235244.0,0.9788888888888864,0,17037770.0,6141307.0,36368081.0,1
234,2020-01-02 09:12:00,59.200000000000045,1,0,31831.488694444568,391845431.0,34299231.0,0.9822777777777764,0,17143226.0,6161283.0,36413386.0,1
234,2020-01-02 09:13:00,55.0,1,0,31891.171555555567,392669905.0,34436576.0,0.9822777777777764,0,17154950.0,6179664.0,36571830.0,1
234,2020-01-02 09:14:00,53.400000000000034,1,0,31942.972138888967,393453870.0,34506412.0,0.9822777777777764,0,17165186.0,6193936.0,36681303.0,1
234,2020-01-02 09:15:00,52.80000000000001,1,0,31943.852194444524,393453870.0,34518996.0,0.9822777777777764,0,17165258.0,6194396.0,36687647.0,1
234,2020-01-02 09:16:00,46.80000000000001,1,0,32135.356805555635,401698236.0,34763032.0,0.9849722222222206,0,17451842.0,6254372.0,37015144.0,1
234,2020-01-02 09:17:00,46.400000000000034,1,0,32150.59225000009,402482552.0,34776968.0,0.9849722222222206,0,17467791.0,6262236.0,37046448.0,1
234,2020-01-02 09:18:00,40.200000000000045,1,0,32343.915388888967,410357484.0,35202419.0,0.9991111111111096,0,17757183.0,6314905.0,37522638.0,1
234,2020-01-02 09:19:00,36.0,1,0,32486.29391666676,416611927.0,35397354.0,1.0105277777777764,0,17977455.0,6353746.0,37793116.0,1
234,2020-01-02 09:20:00,35.0,1,0,32506.124944444528,417431473.0,35442816.0,1.0105277777777764,0,18006975.0,6362615.0,37857453.0,1
234,2020-01-02 09:21:00,34.60000000000002,1,0,32506.94550000009,417431473.0,35463551.0,1.0105277777777764,0,18007023.0,6363259.0,37857453.0,1
234,2020-01-02 09:22:00,28.600000000000023,1,0,32693.03136111119,424855565.0,35782663.0,1.0165555555555543,0,18361251.0,6431515.0,38478164.0,1
234,2020-01-02 09:23:00,23.200000000000045,1,0,32821.82902777785,429151246.0,36062202.0,1.0165555555555543,0,18567591.0,6484935.0,39058926.0,1
234,2020-01-02 09:24:00,17.200000000000045,1,0,32974.70894444453,435979275.0,36318510.0,1.0169444444444424,0,18885207.0,6545816.0,39832088.0,1
234,2020-01-02 09:25:00,14.600000000000025,1,0,33051.10244444453,438810857.0,36389776.0,1.0169444444444424,0,19006743.0,6572221.0,40129606.0,1
234,2020-01-02 09:26:00,13.600000000000025,1,0,33083.530666666746,440076784.0,36478657.0,1.0169444444444424,0,19049320.0,6587430.0,40314740.0,1
234,2020-01-02 09:27:00,13.0,1,0,33099.114305555624,440732621.0,36493685.0,1.0169444444444424,0,19073332.0,6594695.0,40371017.0,1
234,2020-01-02 09:28:00,12.800000000000011,1,0,33099.114305555624,440732621.0,36493685.0,1.0169444444444424,0,19073332.0,6594695.0,40371018.0,1
234,2020-01-02 09:29:00,12.600000000000025,1,0,33100.12077777785,440732621.0,36516994.0,1.0169444444444424,0,19073404.0,6595416.0,40371019.0,1
234,2020-01-02 09:30:00,11.600000000000025,1,0,33116.059916666745,441802469.0,36833453.0,1.0169444444444424,0,19125820.0,6606364.0,40576939.0,1
234,2020-01-02 09:31:00,8.600000000000023,1,0,33221.53555555562,445608219.0,37155593.0,1.0169444444444424,0,19303948.0,6643092.0,40924066.0,1
234,2020-01-02 09:32:00,4.600000000000023,1,0,33326.00855555562,449455296.0,37521712.0,1.0169444444444424,0,19485628.0,6679652.0,41282164.0,1
234,2020-01-02 09:33:00,3.6000000000000227,1,0,33351.2550833334,450294992.0,37625335.0,1.0169444444444424,0,19525372.0,6684752.0,41323400.0,1
234,2020-01-02 09:34:00,0.2000000000000454,1,0,33480.6205833334,454885943.0,37755153.0,1.0169444444444424,0,19700812.0,6718484.0,41539330.0,1
241,2020-01-02 10:58:00,417.8,1,0,101.4036944444442,1907959.0,226057.0,0.0001944444444444,0,46152.0,47864.0,289848.0,1
241,2020-01-02 10:59:00,417.6,1,0,120.6470000000002,2533597.0,235352.0,0.0001944444444444,0,71184.0,60401.0,319800.0,1
241,2020-01-02 11:00:00,417.4,1,0,147.3380000000002,2876056.0,245843.0,0.0030555555555556,0,82548.0,63597.0,331409.0,1
241,2020-01-02 11:01:00,415.8,1,0,243.4886944444422,5414657.0,330759.0,0.031722222222222,0,159024.0,106621.0,439843.0,1
241,2020-01-02 11:02:00,413.8,1,0,334.9633055555622,8023250.0,408473.0,0.057361111111112,0,233532.0,138045.0,510485.0,1
241,2020-01-02 11:03:00,411.8,1,0,465.13055555556224,10825153.0,550174.0,0.075111111111112,0,315384.0,180489.0,640134.0,1
241,2020-01-02 11:04:00,399.0,1,0,1133.1189166666622,25168352.0,1095901.0,0.150361111111112,0,744108.0,420321.0,1412971.0,1
241,2020-01-02 11:05:00,388.8,1,0,1642.2998055555422,38027732.0,1675454.0,0.209555555555556,0,1010305.0,714354.0,2661192.0,1
241,2020-01-02 11:06:00,381.4,1,0,2047.629750000002,47921707.0,2051245.0,0.268305555555556,0,1248709.0,925970.0,3184403.0,1
241,2020-01-02 11:07:00,375.8,1,0,2342.002694444442,54543102.0,2239811.0,0.286583333333334,0,1423885.0,1074458.0,3512146.0,1
241,2020-01-02 11:08:00,368.8,1,0,2702.5365833333217,63624746.0,2635752.0,0.327444444444446,0,1708369.0,1207458.0,4051815.0,1
241,2020-01-02 11:09:00,368.4,1,0,2733.404250000002,64124011.0,2690274.0,0.335944444444446,0,1722913.0,1222154.0,4113019.0,1
241,2020-01-02 11:10:00,367.4,1,0,2760.337638888882,65113519.0,2733278.0,0.335944444444446,0,1741201.0,1245338.0,4147066.0,1
241,2020-01-02 11:11:00,366.8,1,0,2798.867972222222,65953943.0,2768105.0,0.335944444444446,0,1762837.0,1269430.0,4229473.0,1
241,2020-01-02 11:12:00,358.8,1,0,3210.4860000000617,74632952.0,3207649.0,0.356083333333332,0,2057761.0,1422200.0,4914118.0,1
241,2020-01-02 11:13:00,356.6,1,0,3291.463166666662,76685484.0,3413231.0,0.356083333333332,0,2092633.0,1480281.0,5057183.0,1
241,2020-01-02 11:14:00,351.8,1,0,3595.5785555554617,84772420.0,3718913.0,0.356083333333332,0,2344477.0,1617893.0,5470102.0,1
241,2020-01-02 11:15:00,349.0,1,0,3822.344000000062,89785870.0,3887666.0,0.356499999999992,0,2535181.0,1685926.0,5665843.0,1
241,2020-01-02 11:16:00,348.8,1,0,3842.6179166666616,90332234.0,3913185.0,0.356499999999992,0,2547769.0,1700166.0,5697356.0,1
241,2020-01-02 11:17:00,339.6,1,0,4382.140166666662,103320326.0,4409512.0,0.364166666666672,0,2918773.0,1973062.0,6340245.0,1
241,2020-01-02 11:18:00,332.6,1,0,4683.813361111062,110779011.0,4679743.0,0.364166666666672,0,3053029.0,2197067.0,6673318.0,1
241,2020-01-02 11:19:00,331.0,1,0,4782.961944444462,110779011.0,4679744.0,0.372611111111112,0,3053029.0,2197069.0,6673318.0,1
241,2020-01-02 11:20:00,330.8,1,0,4782.961944444462,110825980.0,4679744.0,0.372611111111112,0,3053030.0,2197085.0,6685187.0,1
241,2020-01-02 11:21:00,324.0,1,0,5095.3671388889015,117836061.0,4948558.0,0.3771666666666676,0,3234122.0,2375573.0,7030532.0,1
241,2020-01-02 11:22:00,318.8,1,0,5388.290333333342,124899638.0,5230268.0,0.392000000000001,0,3436370.0,2530178.0,7667129.0,1
241,2020-01-02 11:23:00,317.40000000000003,1,0,5481.467861111121,127082547.0,5268475.0,0.39513888888889,0,3504662.0,2562722.0,7731440.0,1
241,2020-01-02 11:24:00,311.0,1,0,5829.929611111122,135517714.0,5529606.0,0.419305555555556,0,3735554.0,2740155.0,8058338.0,1
241,2020-01-02 11:25:00,310.40000000000003,1,0,5832.102138888902,135601434.0,5545401.0,0.419305555555556,0,3736454.0,2748199.0,8066151.0,1
241,2020-01-02 11:26:00,310.0,1,0,5843.477083333342,135969698.0,5557167.0,0.419305555555556,0,3740558.0,2756601.0,8092918.0,1
241,2020-01-02 11:27:00,303.40000000000003,1,0,6258.314666666683,145490028.0,5812383.0,0.4304444444444462,0,3965606.0,2952298.0,8522802.0,1
241,2020-01-02 11:28:00,303.20000000000005,1,0,6282.024722222242,146198411.0,5843115.0,0.4304444444444462,0,3975710.0,2975418.0,8559878.0,1
241,2020-01-02 11:29:00,302.0,1,0,6332.416055555584,148179325.0,5881985.0,0.4347222222222242,0,4038974.0,2993554.0,8591806.0,1
241,2020-01-02 11:30:00,296.20000000000005,1,0,6670.147777777802,157098873.0,6208792.0,0.4636944444444462,0,4279826.0,3159235.0,9067099.0,1
241,2020-01-02 11:31:00,295.0,1,0,6712.837277777802,158224452.0,6273363.0,0.4636944444444462,0,4300371.0,3198651.0,9164911.0,1
241,2020-01-02 11:32:00,289.8,1,0,6942.006638888864,164231128.0,6575002.0,0.4669722222222242,0,4444323.0,3324312.0,9513468.0,1
241,2020-01-02 11:33:00,286.6,1,0,7104.753666666662,167543177.0,6743560.0,0.4735833333333342,0,4527495.0,3401040.0,9785181.0,1
241,2020-01-02 11:34:00,284.40000000000003,1,0,7202.552611111062,170155606.0,6921400.0,0.4735833333333342,0,4587483.0,3451844.0,10113236.0,1
241,2020-01-02 11:35:00,278.0,1,0,7536.337500000062,178563070.0,7400021.0,0.499611111111112,0,4814128.0,3635053.0,10576231.0,1
241,2020-01-02 11:36:00,271.20000000000005,1,0,7895.992277777861,187806161.0,7800903.0,0.5114444444444461,0,5094040.0,3814085.0,11162232.0,1
241,2020-01-02 11:37:00,265.6,1,0,8219.741166666661,197459662.0,8136992.0,0.566111111111112,0,5369296.0,3935435.0,11514025.0,1
241,2020-01-02 11:38:00,262.8,1,0,8380.70788888886,201899267.0,8262065.0,0.566111111111112,0,5456380.0,4035991.0,11763742.0,1
241,2020-01-02 11:39:00,262.6,1,0,8380.70788888886,201899267.0,8267135.0,0.566111111111112,0,5456380.0,4036075.0,11763937.0,1
241,2020-01-02 11:40:00,260.0,1,0,8546.79741666666,206214461.0,8358981.0,0.571944444444446,0,5577820.0,4103468.0,11933795.0,1
241,2020-01-02 11:41:00,259.8,1,0,8568.07972222226,206764413.0,8366326.0,0.571944444444446,0,5592364.0,4114400.0,11946743.0,1
241,2020-01-02 11:42:00,259.20000000000005,1,0,8604.911527777862,207655654.0,8392027.0,0.5730833333333322,0,5614348.0,4130369.0,11975812.0,1
241,2020-01-02 11:43:00,257.8,1,0,8649.63055555564,208991313.0,8449851.0,0.5740555555555544,0,5653529.0,4152989.0,12033883.0,1
241,2020-01-02 11:44:00,252.2,1,0,8921.230972222302,217307413.0,8659372.0,0.580472222222221,0,5850282.0,4282109.0,12400093.0,1
241,2020-01-02 11:45:00,246.6,1,0,9216.197972222302,224135546.0,8889589.0,0.6273888888888882,0,6018774.0,4444706.0,12663122.0,1
241,2020-01-02 11:46:00,240.40000000000003,1,0,9568.341888888985,232936091.0,9228408.0,0.6333333333333322,0,6237822.0,4623590.0,12972327.0,1
241,2020-01-02 11:47:00,234.40000000000003,1,0,9864.100416666744,240664760.0,9514915.0,0.6333333333333322,0,6388518.0,4825435.0,13373144.0,1
241,2020-01-02 11:48:00,232.8,1,0,9994.293861111202,243241945.0,9619136.0,0.6364166666666662,0,6454302.0,4873295.0,13586279.0,1
241,2020-01-02 11:49:00,227.8,1,0,10262.411722222305,249786704.0,9930850.0,0.6364166666666662,0,6583122.0,5051053.0,14065576.0,1
241,2020-01-02 11:50:00,227.00000000000003,1,0,10317.143472222302,250896605.0,10010514.0,0.6458888888888882,0,6613494.0,5072048.0,14141899.0,1
241,2020-01-02 11:51:00,226.00000000000003,1,0,10360.726527777862,251922331.0,10063177.0,0.6458888888888882,0,6633450.0,5104324.0,14205924.0,1
241,2020-01-02 11:52:00,219.00000000000003,1,0,10737.580250000065,260835586.0,10474848.0,0.6526666666666662,0,6869742.0,5295488.0,14816898.0,1
241,2020-01-02 11:53:00,212.40000000000003,1,0,10974.995638889062,267979723.0,10811743.0,0.661388888888888,0,7017378.0,5450365.0,15329553.0,1
241,2020-01-02 11:54:00,210.6,1,0,11095.074777777863,270508275.0,10945409.0,0.661388888888888,0,7080126.0,5511206.0,15495043.0,1
241,2020-01-02 11:55:00,205.40000000000003,1,0,11299.560416666664,276380401.0,11380220.0,0.66811111111111,0,7201675.0,5678811.0,15989550.0,1
241,2020-01-02 11:56:00,202.6,1,0,11464.574527777864,280500894.0,11557865.0,0.675277777777776,0,7294159.0,5798176.0,16262719.0,1
241,2020-01-02 11:57:00,201.8,1,0,11520.841500000064,281749479.0,11615325.0,0.68647222222222,0,7325564.0,5826708.0,16377353.0,1
241,2020-01-02 11:58:00,199.8,1,0,11576.043638889065,283785942.0,11727490.0,0.68647222222222,0,7371224.0,5868568.0,16569741.0,1
241,2020-01-02 11:59:00,199.6,1,0,11577.986833333463,283795120.0,11739724.0,0.68647222222222,0,7371693.0,5869381.0,16574837.0,1
241,2020-01-02 12:00:00,196.2,1,0,11701.533972222263,288058704.0,11998567.0,0.693055555555554,0,7476597.0,5952406.0,16878153.0,1
241,2020-01-02 12:01:00,196.00000000000003,1,0,11702.533972222263,288058704.0,12000231.0,0.693055555555554,0,7476597.0,5952446.0,16878335.0,1
241,2020-01-02 12:02:00,190.00000000000003,1,0,11950.432333333463,288058704.0,12000231.0,0.693055555555554,0,7476597.0,5952448.0,16878335.0,1
241,2020-01-02 12:03:00,184.40000000000003,1,0,12187.058277777864,294865713.0,12368742.0,0.693055555555554,0,7646601.0,6127492.0,17267568.0,1
241,2020-01-02 12:04:00,181.00000000000003,1,0,12352.229833333466,299495884.0,12508271.0,0.702333333333332,0,7774365.0,6229813.0,17452415.0,1
241,2020-01-02 12:05:00,175.00000000000003,1,0,12684.461750000066,307550398.0,12743415.0,0.702333333333332,0,7971033.0,6430681.0,17765988.0,1
241,2020-01-02 12:06:00,169.00000000000003,1,0,12971.926500000069,315281433.0,13005820.0,0.706527777777776,0,8142621.0,6594494.0,18064091.0,1
241,2020-01-02 12:07:00,168.8,1,0,12973.667666666666,315361422.0,13019730.0,0.706527777777776,0,8143437.0,6596754.0,18066236.0,1
241,2020-01-02 12:08:00,162.8,1,0,13301.019722222269,323823148.0,13293887.0,0.706527777777776,0,8295117.0,6881098.0,18457887.0,1
241,2020-01-02 12:09:00,156.40000000000003,1,0,13665.375055555663,332487401.0,13593160.0,0.726638888888888,0,8581113.0,7063454.0,18963418.0,1
241,2020-01-02 12:10:00,152.20000000000005,1,0,13899.610472222266,338400672.0,13824820.0,0.731388888888888,0,8714217.0,7236438.0,19442338.0,1
241,2020-01-02 12:11:00,150.20000000000005,1,0,14053.292027777868,341376567.0,13950179.0,0.731388888888888,0,8766393.0,7359250.0,19840099.0,1
241,2020-01-02 12:12:00,143.8,1,0,14322.175944444463,348929957.0,14399186.0,0.737527777777776,0,8972205.0,7553966.0,20434654.0,1
241,2020-01-02 12:13:00,137.8,1,0,14613.670333333466,356946290.0,14843748.0,0.741833333333332,0,9210226.0,7758766.0,21198027.0,1
241,2020-01-02 12:14:00,131.8,1,0,14915.411611111267,363901108.0,15500209.0,0.7762222222222122,0,9444802.0,7921414.0,22023150.0,1
241,2020-01-02 12:15:00,130.60000000000002,1,0,14960.182305555669,365407990.0,15615623.0,0.7771111111111122,0,9488819.0,7950734.0,22140293.0,1
241,2020-01-02 12:16:00,129.0,1,0,15061.382111111268,367732975.0,15760079.0,0.784694444444452,0,9562187.0,8000202.0,22308266.0,1
241,2020-01-02 12:17:00,122.60000000000002,1,0,15348.081555555666,374804248.0,16184698.0,0.794416666666672,0,9748307.0,8147659.0,22812458.0,1
241,2020-01-02 12:18:00,115.8,1,0,15697.001388889064,383606262.0,16625113.0,0.794638888888892,0,10006619.0,8327315.0,23310333.0,1
241,2020-01-02 12:19:00,110.0,1,0,15958.286777777865,390950495.0,16895760.0,0.801722222222212,0,10202915.0,8503448.0,23654430.0,1
241,2020-01-02 12:20:00,104.0,1,0,16275.283555555665,398732295.0,17186102.0,0.801722222222212,0,10408643.0,8671604.0,24093934.0,1
241,2020-01-02 12:21:00,102.40000000000003,1,0,16374.354527777865,401523812.0,17267742.0,0.814499999999992,0,10477943.0,8724364.0,24204759.0,1
241,2020-01-02 12:22:00,97.0,1,0,16618.611194444526,407274609.0,17494670.0,0.81852777777777,0,10645535.0,8823884.0,24530994.0,1
241,2020-01-02 12:23:00,95.60000000000002,1,0,16664.830750000085,408427527.0,17523452.0,0.81852777777777,0,10666187.0,8843766.0,24626987.0,1
241,2020-01-02 12:24:00,89.20000000000005,1,0,16958.328750000084,415803545.0,17870149.0,0.81852777777777,0,10902059.0,8972264.0,25037397.0,1
241,2020-01-02 12:25:00,87.40000000000003,1,0,17064.811583333423,418238497.0,17980610.0,0.81852777777777,0,10976963.0,9023853.0,25228992.0,1
241,2020-01-02 12:26:00,87.0,1,0,17098.975138888964,419052856.0,18002606.0,0.81852777777777,0,10991447.0,9048397.0,25293381.0,1
241,2020-01-02 12:27:00,84.20000000000005,1,0,17254.984750000083,422971524.0,18182032.0,0.847472222222214,0,11156423.0,9095285.0,25569813.0,1
241,2020-01-02 12:28:00,78.0,1,0,17605.627611111202,431650351.0,18470983.0,0.8514999999999918,0,11406492.0,9266293.0,26295668.0,1
241,2020-01-02 12:29:00,72.20000000000005,1,0,17877.647527777863,439175440.0,18919600.0,0.8645277777777698,0,11568349.0,9477113.0,27003570.0,1
241,2020-01-02 12:30:00,66.0,1,0,18192.94755555564,447040739.0,19385845.0,0.8766944444444364,0,11765833.0,9658018.0,27490069.0,1
241,2020-01-02 12:31:00,59.80000000000001,1,0,18471.66800000008,455991733.0,19945781.0,0.8805277777777698,0,12018913.0,9818066.0,28045416.0,1
241,2020-01-02 12:32:00,53.80000000000001,1,0,18816.69141666674,464539065.0,20368489.0,0.9326111111111038,0,12264193.0,10024190.0,28524336.0,1
241,2020-01-02 12:33:00,52.400000000000034,1,0,18875.13791666674,466494980.0,20463181.0,0.9370277777777698,0,12322922.0,10056654.0,28624423.0,1
241,2020-01-02 12:34:00,51.400000000000034,1,0,18911.7811111112,467330399.0,20504924.0,0.9370277777777698,0,12378158.0,10066799.0,28746363.0,1
241,2020-01-02 12:35:00,49.60000000000002,1,0,19017.49875000008,469585509.0,20641515.0,0.9370277777777698,0,12414386.0,10143937.0,28929637.0,1
241,2020-01-02 12:36:00,48.400000000000034,1,0,19055.06619444452,470846210.0,20666878.0,0.9370277777777698,0,12434462.0,10179646.0,28980129.0,1
241,2020-01-02 12:37:00,46.60000000000002,1,0,19168.0682222223,473242734.0,20770436.0,0.9370277777777698,0,12473270.0,10267446.0,29095348.0,1
241,2020-01-02 12:38:00,42.400000000000034,1,0,19487.447138888983,479651747.0,21066823.0,0.9500555555555478,0,12652994.0,10405298.0,29395206.0,1
241,2020-01-02 12:39:00,42.200000000000045,1,0,19495.374888888982,479797075.0,21070411.0,0.9500555555555478,0,12654770.0,10414930.0,29402681.0,1
241,2020-01-02 12:40:00,36.0,1,0,19761.02600000008,486562340.0,21319894.0,0.9501388888888818,0,12781766.0,10611795.0,29792772.0,1
241,2020-01-02 12:41:00,30.0,1,0,20093.320444444464,494708400.0,21608676.0,0.9769166666666578,0,12977834.0,10806465.0,30100391.0,1
241,2020-01-02 12:42:00,25.600000000000023,1,0,20379.206666666665,501555045.0,21946326.0,0.9936944444444358,0,13115534.0,10978234.0,30555131.0,1
241,2020-01-02 12:43:00,24.0,1,0,20420.884472222264,502494971.0,22010871.0,0.9936944444444358,0,13133498.0,10998960.0,30595353.0,1
241,2020-01-02 12:44:00,23.0,1,0,20446.683805555665,503082038.0,22054018.0,0.9936944444444358,0,13139931.0,11023069.0,30645741.0,1
241,2020-01-02 12:45:00,20.600000000000023,1,0,20545.088527777865,505197099.0,22182341.0,0.9936944444444358,0,13192492.0,11070515.0,30735103.0,1
241,2020-01-02 12:46:00,14.800000000000011,1,0,20857.763666666666,513134041.0,22551880.0,0.9937222222222136,0,13429792.0,11217191.0,31244612.0,1
241,2020-01-02 12:47:00,8.800000000000011,1,0,21247.227222222267,522040770.0,22854130.0,1.0234999999999916,0,13689545.0,11414995.0,31679163.0,1
241,2020-01-02 12:48:00,3.8000000000000114,1,0,21541.02391666667,529318859.0,23175425.0,1.0234999999999916,0,13857677.0,11634733.0,32102574.0,1
241,2020-01-02 12:49:00,0.8000000000000114,1,0,21721.436361111268,533930154.0,23336508.0,1.0234999999999916,0,13964069.0,11794418.0,32370206.0,1
255,2020-01-02 13:56:00,480.2,1,0,16.525138888888883,871013.0,327028.0,0.0,0,10428.0,35716.0,157834.0,0
255,2020-01-02 13:57:00,476.4,1,0,80.77977777777689,4263909.0,590473.0,0.0,0,30984.0,118888.0,473513.0,0
255,2020-01-02 13:58:00,473.0,1,0,145.30697222222287,8412222.0,820573.0,0.0026111111111112,0,48864.0,194205.0,697139.0,0
255,2020-01-02 13:59:00,450.2,1,0,423.5496944444488,27319969.0,1953185.0,0.039722222222222,0,181164.0,551285.0,1773370.0,0
255,2020-01-02 14:00:00,443.8,1,0,539.7591388888889,36870614.0,2346435.0,0.048194444444444,0,277872.0,700485.0,2172483.0,0
255,2020-01-02 14:01:00,433.8,1,0,676.9945555555488,44927351.0,3042026.0,0.048194444444444,0,354660.0,900818.0,3255916.0,0
255,2020-01-02 14:02:00,426.8,1,0,751.2849444444488,49086572.0,3534687.0,0.053416666666666,0,377952.0,1022907.0,3869321.0,0
255,2020-01-02 14:03:00,421.4,1,0,817.3369722222288,54179153.0,4134182.0,0.070722222222222,0,397848.0,1151760.0,4497286.0,0
255,2020-01-02 14:04:00,421.2,1,0,825.7115277777688,54363844.0,4179188.0,0.070722222222222,0,399060.0,1163144.0,4538912.0,0
255,2020-01-02 14:05:00,407.4,1,0,1006.3762222222288,67480948.0,5280613.0,0.26813888888888,0,473952.0,1413357.0,5915937.0,0
255,2020-01-02 14:06:00,405.8,1,0,1024.4270555555488,68853748.0,5346302.0,0.26813888888888,0,478752.0,1433745.0,6017779.0,0
255,2020-01-02 14:07:00,399.4,1,0,1119.722305555549,75168394.0,5725031.0,0.27463888888888,0,530460.0,1543071.0,6328167.0,0
255,2020-01-02 14:08:00,386.8,1,0,1190.659944444449,79386959.0,5944042.0,0.27463888888888,0,540384.0,1634612.0,6512248.0,0
255,2020-01-02 14:09:00,382.8,1,0,1243.2138611111088,82626612.0,6099640.0,0.28661111111112,0,559488.0,1704516.0,6716114.0,0
255,2020-01-02 14:10:00,378.2,1,0,1331.8271111111087,88957248.0,6382365.0,0.28661111111112,0,573756.0,1816056.0,6940507.0,0
255,2020-01-02 14:11:00,373.6,1,0,1425.4784166666689,95542204.0,6762148.0,0.29094444444444,0,597876.0,1942749.0,7273100.0,0
255,2020-01-02 14:12:00,373.4,1,0,1425.4784166666689,95542204.0,6764917.0,0.29094444444444,0,597876.0,1942821.0,7273100.0,0
255,2020-01-02 14:13:00,367.0,1,0,1520.613444444447,102871513.0,7181892.0,0.29094444444444,0,626028.0,2092009.0,7841642.0,0
255,2020-01-02 14:14:00,360.6,1,0,1593.3235555555589,106602657.0,7661813.0,0.29094444444444,0,647833.0,2192261.0,8560113.0,0
255,2020-01-02 14:15:00,354.2,1,0,1651.889472222229,111890056.0,7988542.0,0.29094444444444,0,704941.0,2288306.0,9097676.0,0
255,2020-01-02 14:16:00,347.4,1,0,1744.386277777789,116749586.0,8673421.0,0.29094444444444,0,733153.0,2428590.0,10290608.0,0
255,2020-01-02 14:17:00,342.79999999999995,1,0,1818.127638888889,121875643.0,9182020.0,0.29094444444444,0,768422.0,2532594.0,10889479.0,0
255,2020-01-02 14:18:00,342.2,1,0,1819.3797777777888,121917556.0,9197283.0,0.29094444444444,0,768626.0,2534154.0,10891845.0,0
255,2020-01-02 14:19:00,338.0,1,0,1885.9046944444488,125008514.0,9523882.0,0.29094444444444,0,808622.0,2599278.0,11259537.0,0
255,2020-01-02 14:20:00,332.4,1,0,1938.3182222222288,126678690.0,9877638.0,0.29094444444444,0,815318.0,2662335.0,11612604.0,0
255,2020-01-02 14:22:00,317.0,1,0,2173.0781388888886,138920284.0,10641128.0,0.30194444444444,0,880694.0,2919965.0,12401444.0,0
255,2020-01-02 14:23:00,315.6,1,0,2189.220916666669,139200500.0,10699407.0,0.30194444444444,0,881522.0,2939669.0,12466743.0,0
255,2020-01-02 14:24:00,314.79999999999995,1,0,2218.750916666669,139938406.0,10740240.0,0.30194444444444,0,883430.0,2962793.0,12525516.0,0
255,2020-01-02 14:25:00,308.6,1,0,2296.684222222229,144325282.0,11022002.0,0.30194444444444,0,906830.0,3067970.0,12824854.0,0
255,2020-01-02 14:26:00,302.6,1,0,2392.5978611111086,148657247.0,11419048.0,0.30194444444444,0,928490.0,3197219.0,13327603.0,0
255,2020-01-02 14:27:00,296.6,1,0,2474.263138888889,155854177.0,11811245.0,0.30194444444444,0,987806.0,3313483.0,13724012.0,0
255,2020-01-02 14:28:00,290.2,1,0,2577.8838333333288,162694153.0,12341437.0,0.30194444444444,0,1083770.0,3441516.0,14304332.0,0
255,2020-01-02 14:29:00,283.4,1,0,2648.734555555549,165551527.0,12715941.0,0.30194444444444,0,1154786.0,3508149.0,14718993.0,0
255,2020-01-02 14:30:00,277.4,1,0,2754.421527777789,174220656.0,13219068.0,0.30194444444444,0,1231131.0,3646626.0,15206870.0,0
255,2020-01-02 14:31:00,273.4,1,0,2836.820000000009,179260301.0,13505666.0,0.30194444444444,0,1316835.0,3719090.0,15556297.0,0
255,2020-01-02 14:32:00,269.2,1,0,2899.9916388888887,183952339.0,14065966.0,0.30194444444444,0,1342971.0,3820814.0,16022542.0,0
255,2020-01-02 14:33:00,263.0,1,0,2982.919527777789,189440991.0,14525035.0,0.30194444444444,0,1468420.0,3898322.0,16472563.0,0
255,2020-01-02 14:34:00,256.79999999999995,1,0,3076.730555555569,194918762.0,15089014.0,0.30194444444444,0,1579156.0,3998410.0,16824500.0,0
255,2020-01-02 14:35:00,254.0,1,0,3119.1313611111086,196177318.0,15184681.0,0.30194444444444,0,1590436.0,4039819.0,16984270.0,0
255,2020-01-02 14:36:00,248.0,1,0,3215.589305555569,203048573.0,15490792.0,0.30194444444444,0,1698436.0,4167837.0,17374309.0,0
255,2020-01-02 14:37:00,241.0,1,0,3283.084000000009,206706422.0,15719163.0,0.30194444444444,0,1739332.0,4247190.0,17522081.0,0
255,2020-01-02 14:38:00,237.0,1,0,3338.8630833333286,210059603.0,15894988.0,0.30344444444444,0,1800136.0,4303571.0,17701845.0,0
255,2020-01-02 14:39:00,230.6,1,0,3435.486222222269,219088857.0,16170627.0,0.30344444444444,0,1848604.0,4445391.0,17930814.0,0
255,2020-01-02 14:40:00,226.0,1,0,3498.6665277778698,222767727.0,16437582.0,0.30344444444444,0,1876252.0,4531132.0,18206323.0,0
255,2020-01-02 14:41:00,225.6,1,0,3506.640722222269,223165046.0,16479078.0,0.30344444444444,0,1878088.0,4538845.0,18248677.0,0
255,2020-01-02 14:42:00,220.2,1,0,3584.804083333269,230034623.0,16768588.0,0.30344444444444,0,1909552.0,4671087.0,18584623.0,0
255,2020-01-02 14:43:00,219.2,1,0,3601.3595277778686,231606882.0,16834849.0,0.30344444444444,0,1919885.0,4694488.0,18699712.0,0
255,2020-01-02 14:44:00,217.0,1,0,3639.062722222269,233895142.0,17199461.0,0.30344444444444,0,1972469.0,4729700.0,18909948.0,0
255,2020-01-02 14:45:00,210.6,1,0,3696.85944444447,237694418.0,17806601.0,0.30344444444444,0,1998245.0,4814917.0,19583947.0,0
255,2020-01-02 14:46:00,204.6,1,0,3829.991583333269,242146853.0,18376508.0,0.30344444444444,0,2046809.0,4966845.0,20623765.0,0
255,2020-01-02 14:47:00,202.2,1,0,3868.721333333269,244055565.0,18827101.0,0.30344444444444,0,2105825.0,5007445.0,21179801.0,0
255,2020-01-02 14:48:00,201.4,1,0,3879.786500000069,244257468.0,19019436.0,0.30344444444444,0,2107709.0,5027541.0,21378377.0,0
255,2020-01-02 14:49:00,201.2,1,0,3880.786500000069,244257469.0,19030564.0,0.30344444444444,0,2107709.0,5027953.0,21378377.0,0
255,2020-01-02 14:50:00,198.4,1,0,3930.9745555556256,247184303.0,19333659.0,0.30344444444444,0,2133965.0,5087757.0,21768637.0,0
255,2020-01-02 14:51:00,190.6,1,0,3995.9215555556257,251522221.0,20111371.0,0.30344444444444,0,2214617.0,5156838.0,22562469.0,0
255,2020-01-02 14:52:00,188.0,1,0,4047.348416666736,253481308.0,20349622.0,0.30344444444444,0,2237957.0,5211202.0,22785653.0,0
255,2020-01-02 14:53:00,185.4,1,0,4097.181861111189,256021872.0,20549666.0,0.30344444444444,0,2265533.0,5259618.0,22980042.0,0
255,2020-01-02 14:54:00,179.59999999999997,1,0,4182.466583333409,260842636.0,20805481.0,0.30344444444444,0,2285657.0,5349530.0,23298672.0,0
255,2020-01-02 14:55:00,173.39999999999998,1,0,4293.690972222289,268353529.0,21070590.0,0.30344444444444,0,2339285.0,5481438.0,23680548.0,0
255,2020-01-02 14:56:00,167.39999999999998,1,0,4387.982111111189,271492926.0,21330889.0,0.30344444444444,0,2356853.0,5599250.0,24004157.0,0
255,2020-01-02 14:57:00,163.59999999999997,1,0,4458.836805555628,277232400.0,21531986.0,0.30344444444444,0,2382545.0,5715134.0,24321344.0,0
255,2020-01-02 14:58:00,163.0,1,0,4465.478888888949,277832090.0,21545363.0,0.30344444444444,0,2384261.0,5725862.0,24334175.0,0
255,2020-01-02 14:59:00,159.8,1,0,4516.220416666729,281343065.0,21798330.0,0.30344444444444,0,2401649.0,5787830.0,24558997.0,0
255,2020-01-02 15:00:00,153.8,1,0,4613.212888888949,286375404.0,22243671.0,0.30344444444444,0,2418473.0,5923526.0,25056000.0,0
255,2020-01-02 15:01:00,150.39999999999998,1,0,4680.284444444509,290346748.0,22471015.0,0.30344444444444,0,2461457.0,5993307.0,25339439.0,0
255,2020-01-02 15:02:00,144.59999999999997,1,0,4752.959611111189,295511986.0,23055456.0,0.30344444444444,0,2549105.0,6088112.0,26126615.0,0
255,2020-01-02 15:03:00,137.8,1,0,4842.038638888949,301331150.0,23795676.0,0.30344444444444,0,2655773.0,6187585.0,26810857.0,0
255,2020-01-02 15:04:00,133.39999999999998,1,0,4914.272444444509,305163953.0,24150005.0,0.30344444444444,0,2696573.0,6305773.0,27170944.0,0
255,2020-01-02 15:05:00,133.2,1,0,4914.272444444509,305163953.0,24152930.0,0.30344444444444,0,2696573.0,6305818.0,27170944.0,0
255,2020-01-02 15:06:00,129.2,1,0,4962.553694444509,308388161.0,24482793.0,0.30344444444444,0,2721473.0,6377958.0,27440200.0,0
255,2020-01-02 15:07:00,128.8,1,0,4972.834527777849,308544798.0,24527163.0,0.30344444444444,0,2722482.0,6391542.0,27497856.0,0
255,2020-01-02 15:08:00,127.2,1,0,4996.40572222229,310042386.0,24627822.0,0.30344444444444,0,2735694.0,6428114.0,27577039.0,0
255,2020-01-02 15:09:00,121.0,1,0,5104.498500000069,316595296.0,24896467.0,0.30344444444444,0,2821794.0,6546551.0,27941793.0,0
255,2020-01-02 15:10:00,118.2,1,0,5142.915666666729,318686515.0,25110356.0,0.30344444444444,0,2837370.0,6607219.0,28193954.0,0
255,2020-01-02 15:11:00,112.2,1,0,5243.434361111189,323666191.0,25388192.0,0.30344444444444,0,2897718.0,6741104.0,28450314.0,0
255,2020-01-02 15:12:00,110.59999999999997,1,0,5281.236666666729,326107175.0,25481234.0,0.30344444444444,0,2907006.0,6792758.0,28590662.0,0
255,2020-01-02 15:13:00,103.8,1,0,5403.912555555628,333605745.0,25748423.0,0.30344444444444,0,3043134.0,6944784.0,28957405.0,0
255,2020-01-02 15:14:00,102.8,1,0,5416.4204444445095,333871374.0,25797407.0,0.30344444444444,0,3044274.0,6957865.0,28976125.0,0
255,2020-01-02 15:15:00,96.8,1,0,5490.695361111176,337090357.0,26117441.0,0.30344444444444,0,3086838.0,7042494.0,29212452.0,0
255,2020-01-02 15:16:00,91.0,1,0,5563.708861111176,337090358.0,26117441.0,0.30344444444444,0,3086838.0,7042495.0,29212452.0,0
255,2020-01-02 15:17:00,90.2,1,0,5563.93994444451,337090358.0,26117441.0,0.30344444444444,0,3086838.0,7042496.0,29212452.0,0
255,2020-01-02 15:18:00,84.59999999999997,1,0,5671.22325000007,341929699.0,26373502.0,0.30344444444444,0,3107250.0,7186532.0,29518147.0,0
255,2020-01-02 15:19:00,81.80000000000001,1,0,5717.58636111117,343411855.0,26517633.0,0.30344444444444,0,3137142.0,7224488.0,29626060.0,0
255,2020-01-02 15:20:00,80.39999999999998,1,0,5737.12852777785,344405198.0,26582556.0,0.30344444444444,0,3162918.0,7230866.0,29715227.0,0
255,2020-01-02 15:21:00,74.39999999999998,1,0,5849.90336111117,350010968.0,26988729.0,0.30344444444444,0,3223062.0,7354836.0,30240246.0,0
255,2020-01-02 15:22:00,68.39999999999998,1,0,5969.34188888895,357625030.0,27373932.0,0.30344444444444,0,3280770.0,7575052.0,30934732.0,0
255,2020-01-02 15:23:00,62.39999999999998,1,0,6059.68561111117,360011999.0,27744029.0,0.30344444444444,0,3300175.0,7712060.0,31572798.0,0
255,2020-01-02 15:24:00,60.599999999999966,1,0,6090.616638888952,361810367.0,27996802.0,0.30344444444444,0,3311083.0,7767576.0,31769969.0,0
255,2020-01-02 15:25:00,56.39999999999998,1,0,6172.510638888951,364650997.0,28305370.0,0.30344444444444,0,3348799.0,7876832.0,32280986.0,0
255,2020-01-02 15:26:00,56.19999999999999,1,0,6176.30866666673,364758871.0,28320827.0,0.30344444444444,0,3350839.0,7880384.0,32316255.0,0
255,2020-01-02 15:27:00,54.599999999999966,1,0,6188.22983333339,365746468.0,28411541.0,0.30344444444444,0,3361351.0,7896196.0,32905442.0,0
255,2020-01-02 15:28:00,50.599999999999966,1,0,6256.32252777785,370303644.0,28655863.0,0.30344444444444,0,3420883.0,7985972.0,33415809.0,0
255,2020-01-02 15:29:00,45.19999999999999,1,0,6327.77950000007,373917592.0,28986505.0,0.30344444444444,0,3468883.0,8076137.0,33822189.0,0
255,2020-01-02 15:30:00,42.0,1,0,6384.52511111117,377185727.0,29151852.0,0.3088888888888844,0,3521479.0,8148429.0,33999549.0,0
255,2020-01-02 15:31:00,35.599999999999966,1,0,6492.0377222222905,381438612.0,29461187.0,0.3088888888888844,0,3574399.0,8270961.0,34397804.0,0
255,2020-01-02 15:32:00,29.59999999999997,1,0,6570.288611111171,384427403.0,29733746.0,0.3088888888888844,0,3603727.0,8367938.0,34666410.0,0
255,2020-01-02 15:33:00,22.80000000000001,1,0,6632.250305555631,386663286.0,29961324.0,0.3088888888888844,0,3632803.0,8435714.0,34803131.0,0
255,2020-01-02 15:34:00,16.80000000000001,1,0,6683.937555555631,388517203.0,30243451.0,0.3088888888888844,0,3646411.0,8501639.0,35126896.0,0
255,2020-01-02 15:35:00,10.599999999999966,1,0,6770.098305555631,392383351.0,30541060.0,0.3088888888888844,0,3705175.0,8601357.0,35399675.0,0
255,2020-01-02 15:36:00,5.0,1,0,6849.875027777851,394931910.0,31028092.0,0.3088888888888844,0,3724735.0,8687609.0,36508055.0,0
255,2020-01-02 15:37:00,1.1999999999999886,1,0,6931.179583333391,397688898.0,31507026.0,0.3088888888888844,0,3743371.0,8782243.0,37184471.0,0
269,2020-01-02 15:38:00,479.2,1,0,14.56622222222232,117117.0,442065.0,0.0,1,1777.0,25549.0,156429.0,0
269,2020-01-02 15:39:00,469.0,1,0,382.9778055555512,746824.0,981956.0,0.067083333333334,1,437342.0,251501.0,631904.0,0
269,2020-01-02 15:40:00,468.4,1,0,394.4214999999912,769119.0,1003341.0,0.067083333333334,1,443750.0,260702.0,655746.0,0
269,2020-01-02 15:41:00,442.8,1,0,1481.727499999991,2279043.0,2194401.0,0.184111111111112,1,1402814.0,713758.0,1611857.0,0
269,2020-01-02 15:42:00,437.0,1,0,1779.304388888871,2954835.0,2447836.0,0.314083333333334,1,1707170.0,870546.0,1827423.0,0
269,2020-01-02 15:43:00,436.6,1,0,1790.8180555555512,3063957.0,2481129.0,0.314083333333334,1,1719242.0,880971.0,1848314.0,0
269,2020-01-02 15:44:00,436.2,1,0,1790.8180555555512,3063958.0,2483950.0,0.314083333333334,1,1719242.0,880973.0,1848314.0,0
269,2020-01-02 15:45:00,434.4,1,0,1947.9514444444312,3266693.0,2612442.0,0.314083333333334,1,1818266.0,933893.0,1932645.0,0
269,2020-01-02 15:46:00,425.6,1,0,2336.0980277777708,4333265.0,3340819.0,0.331361111111114,1,2111414.0,1139333.0,2663544.0,0
269,2020-01-02 15:47:00,420.8,1,0,2500.2444166665914,4749005.0,3754648.0,0.331361111111114,1,2228654.0,1227937.0,3020537.0,0
269,2020-01-02 15:48:00,420.6,1,0,2500.2444166665914,4749006.0,3754648.0,0.331361111111114,1,2228654.0,1227938.0,3020537.0,0
269,2020-01-02 15:49:00,420.0,1,0,2519.3416666665908,4795755.0,3815307.0,0.331361111111114,1,2257310.0,1236138.0,3083054.0,0
269,2020-01-02 15:50:00,416.6,1,0,2636.11897222219,5137772.0,4220270.0,0.331361111111114,1,2342306.0,1308664.0,3411161.0,0
269,2020-01-02 15:51:00,416.4,1,0,2637.945555555591,5140775.0,4237053.0,0.331361111111114,1,2342870.0,1309313.0,3427190.0,0
269,2020-01-02 15:52:00,416.0,1,0,2669.73497222219,5167165.0,4271503.0,0.331361111111114,1,2363703.0,1321330.0,3440047.0,0
269,2020-01-02 15:53:00,412.8,1,0,2865.9182222221907,5497690.0,4545361.0,0.331361111111114,1,2532807.0,1392906.0,3694132.0,0
269,2020-01-02 15:54:00,411.8,1,0,2919.653305555591,5609880.0,4626196.0,0.331361111111114,1,2564199.0,1427626.0,3753347.0,0
269,2020-01-02 15:55:00,411.6,1,0,2926.5773333333914,5631551.0,4640392.0,0.331361111111114,1,2568027.0,1430851.0,3768674.0,0
269,2020-01-02 15:56:00,405.0,1,0,3204.0110833333906,6097380.0,4958308.0,0.331361111111114,1,2799279.0,1581204.0,3977195.0,0
269,2020-01-02 15:57:00,403.0,1,0,3307.717055555591,6248778.0,5052259.0,0.331361111111114,1,2885416.0,1637493.0,4041779.0,0
269,2020-01-02 15:58:00,396.8,1,0,3549.3821111111906,6574740.0,5281384.0,0.331361111111114,1,3079264.0,1789505.0,4261765.0,0
269,2020-01-02 15:59:00,396.4,1,0,3574.71208333339,6596086.0,5299376.0,0.331361111111114,1,3091096.0,1801978.0,4266770.0,0
269,2020-01-02 16:00:00,396.2,1,0,3578.7284722221907,6600857.0,5300819.0,0.331361111111114,1,3093892.0,1804087.0,4266770.0,0
269,2020-01-02 16:01:00,395.6,1,0,3578.7284722221907,6600857.0,5307488.0,0.331361111111114,1,3093892.0,1804087.0,4266770.0,0
269,2020-01-02 16:02:00,389.4,1,0,3824.69749999993,6934814.0,5612065.0,0.331361111111114,1,3298072.0,1933795.0,4560453.0,0
269,2020-01-02 16:03:00,388.6,1,0,3846.8444999999306,6963609.0,5621191.0,0.331361111111114,1,3312652.0,1948295.0,4572179.0,0
269,2020-01-02 16:04:00,374.6,1,0,4411.14058333325,7853290.0,6168972.0,0.331361111111114,1,3734032.0,2189155.0,5188938.0,0
269,2020-01-02 16:05:00,374.4,1,0,4411.14058333325,7853290.0,6184910.0,0.331361111111114,1,3734032.0,2189287.0,5188938.0,0
269,2020-01-02 16:06:00,368.6,1,0,4615.38711111103,8258305.0,6490059.0,0.331361111111114,1,3869284.0,2302424.0,5404739.0,0
269,2020-01-02 16:07:00,360.6,1,0,4949.34444444437,9198816.0,7039738.0,0.331361111111114,1,4118716.0,2481632.0,5897973.0,0
269,2020-01-02 16:08:00,359.79999999999995,1,0,5005.0596944443705,9324253.0,7184701.0,0.331361111111114,1,4152736.0,2506284.0,5988791.0,0
269,2020-01-02 16:09:00,353.6,1,0,5167.604138888811,9673316.0,7586687.0,0.331361111111114,1,4286957.0,2574429.0,6318602.0,0
269,2020-01-02 16:10:00,347.2,1,0,5388.107583333251,10285396.0,7989974.0,0.331361111111114,1,4493789.0,2671825.0,6932202.0,0
269,2020-01-02 16:12:00,338.79999999999995,1,0,5648.939888888791,10807775.0,8562079.0,0.331361111111114,1,4738169.0,2815251.0,7382939.0,0
269,2020-01-02 16:13:00,338.2,1,0,5650.848749999991,10807775.0,8599870.0,0.331361111111114,1,4738757.0,2816831.0,7385071.0,0
269,2020-01-02 16:14:00,332.6,1,0,5841.47424999999,11118774.0,8923089.0,0.3317777777777806,1,4909889.0,2927877.0,7658644.0,0
269,2020-01-02 16:15:00,323.4,1,0,6168.83491666659,11671040.0,9395185.0,0.338111111111114,1,5189970.0,3108217.0,8071589.0,0
269,2020-01-02 16:17:00,316.6,1,0,6370.00841666659,12246980.0,9636804.0,0.338111111111114,1,5345166.0,3231519.0,8316132.0,0
269,2020-01-02 16:18:00,315.2,1,0,6409.585749999924,12269366.0,9689468.0,0.338111111111114,1,5370354.0,3250027.0,8367118.0,0
269,2020-01-02 16:19:00,309.6,1,0,6632.52155555547,12575400.0,9899808.0,0.338111111111114,1,5527326.0,3370796.0,8566811.0,0
269,2020-01-02 16:20:00,303.6,1,0,6834.052361111029,12975748.0,10165152.0,0.338111111111114,1,5673090.0,3491044.0,8806687.0,0
269,2020-01-02 16:21:00,301.79999999999995,1,0,6906.48552777771,13195656.0,10260845.0,0.338111111111114,1,5732526.0,3536445.0,8890394.0,0
269,2020-01-02 16:22:00,294.79999999999995,1,0,7242.07397222215,13792421.0,10640770.0,0.338111111111114,1,6000162.0,3688977.0,9144284.0,0
269,2020-01-02 16:23:00,288.6,1,0,7451.68994444437,14296042.0,11106820.0,0.338111111111114,1,6144090.0,3807786.0,9629899.0,0
269,2020-01-02 16:24:00,288.2,1,0,7468.3234999999295,14333625.0,11134289.0,0.338111111111114,1,6154542.0,3819434.0,9657395.0,0
269,2020-01-02 16:25:00,287.79999999999995,1,0,7471.514194444369,14351656.0,11161771.0,0.338111111111114,1,6154950.0,3821162.0,9674126.0,0
269,2020-01-02 16:26:00,281.79999999999995,1,0,7674.93497222215,14812246.0,11480310.0,0.338111111111114,1,6308130.0,3925558.0,10031418.0,0
269,2020-01-02 16:27:00,275.79999999999995,1,0,7935.81077777771,15525700.0,11893528.0,0.338111111111114,1,6499698.0,4084774.0,10583047.0,0
269,2020-01-02 16:28:00,269.6,1,0,8171.85827777771,16012888.0,12331472.0,0.338111111111114,1,6692550.0,4223408.0,11010071.0,0
269,2020-01-02 16:29:00,265.0,1,0,8327.27724999993,16541533.0,12582099.0,0.338111111111114,1,6796290.0,4314441.0,11261933.0,0
269,2020-01-02 16:30:00,262.4,1,0,8386.27994444439,16708778.0,12728323.0,0.338111111111114,1,6875670.0,4356079.0,11354558.0,0
269,2020-01-02 16:31:00,256.4,1,0,8660.88330555539,17458813.0,12977494.0,0.338111111111114,1,7105999.0,4525907.0,11681183.0,0
269,2020-01-02 16:32:00,250.6,1,0,8913.02386111099,18091783.0,13224338.0,0.338111111111114,1,7277359.0,4657204.0,11976322.0,0
269,2020-01-02 16:33:00,244.4,1,0,9181.245527777788,18675587.0,13438877.0,0.3553888888888918,1,7543423.0,4812508.0,12210465.0,0
269,2020-01-02 16:35:00,237.2,1,0,9414.870083333188,19229894.0,13735667.0,0.3553888888888918,1,7716908.0,4954573.0,12488535.0,0
269,2020-01-02 16:36:00,231.2,1,0,9609.354555555388,19736374.0,14027933.0,0.3553888888888918,1,7884092.0,5069749.0,12786561.0,0
269,2020-01-02 16:37:00,225.8,1,0,9781.086527777788,20127440.0,14279041.0,0.3553888888888918,1,8010476.0,5182245.0,13024877.0,0
269,2020-01-02 16:38:00,219.8,1,0,9931.988083333188,20447695.0,14672188.0,0.3553888888888918,1,8139129.0,5292749.0,13254392.0,0
269,2020-01-02 16:39:00,213.4,1,0,10149.122972222189,21140270.0,15128345.0,0.367222222222226,1,8293041.0,5417322.0,13779293.0,0
269,2020-01-02 16:40:00,207.4,1,0,10274.872305555387,21557726.0,15526717.0,0.367222222222226,1,8417049.0,5494094.0,14317025.0,0
269,2020-01-02 16:41:00,201.4,1,0,10571.418083333188,22432132.0,16003635.0,0.367222222222226,1,8624397.0,5676386.0,15018934.0,0
269,2020-01-02 16:42:00,196.6,1,0,10755.51630555539,22892007.0,16380570.0,0.367222222222226,1,8846565.0,5764734.0,15274826.0,0
269,2020-01-02 16:43:00,195.4,1,0,10789.36697222219,22953692.0,16512742.0,0.367222222222226,1,8871129.0,5786466.0,15402057.0,0
269,2020-01-02 16:44:00,195.2,1,0,10789.949444444412,22956006.0,16527536.0,0.367222222222226,1,8871345.0,5786826.0,15403396.0,0
269,2020-01-02 16:45:00,189.2,1,0,11018.348583333309,23503228.0,17018728.0,0.367222222222226,1,9081394.0,5903858.0,15965048.0,0
269,2020-01-02 16:46:00,182.6,1,0,11199.02169444441,24014596.0,17443594.0,0.367222222222226,1,9248218.0,6028738.0,16313045.0,0
269,2020-01-02 16:47:00,176.59999999999997,1,0,11451.65888888885,24452202.0,17754060.0,0.367222222222226,1,9484138.0,6148764.0,16538218.0,0
269,2020-01-02 16:48:00,164.2,1,0,11885.910166666628,25250870.0,18306248.0,0.367222222222226,1,9860806.0,6378950.0,17109724.0,0
269,2020-01-02 16:49:00,162.8,1,0,11925.84419444441,25333810.0,18351671.0,0.367222222222226,1,9886810.0,6410911.0,17150648.0,0
269,2020-01-02 16:50:00,161.39999999999998,1,0,11982.17677777775,25421209.0,18425160.0,0.367222222222226,1,9915310.0,6445667.0,17200217.0,0
269,2020-01-02 16:51:00,160.8,1,0,12003.85161111107,25454372.0,18461339.0,0.367222222222226,1,9928618.0,6468013.0,17225139.0,0
269,2020-01-02 16:52:00,158.0,1,0,12109.17469444441,25620356.0,18592743.0,0.367222222222226,1,10007866.0,6523793.0,17373482.0,0
269,2020-01-02 16:53:00,151.8,1,0,12348.137777777749,26223348.0,18959109.0,0.3683055555555592,1,10174570.0,6614794.0,17683350.0,0
269,2020-01-02 16:54:00,151.39999999999998,1,0,12367.384777777748,26273178.0,18994417.0,0.3683055555555592,1,10188730.0,6625644.0,17720635.0,0
269,2020-01-02 16:55:00,151.0,1,0,12370.494499999968,26282525.0,19004519.0,0.3683055555555592,1,10190027.0,6627797.0,17735351.0,0
269,2020-01-02 16:56:00,147.2,1,0,12485.434499999968,26552887.0,19227079.0,0.3721111111111148,1,10292699.0,6681457.0,17897721.0,0
269,2020-01-02 16:58:00,138.8,1,0,12763.133944444407,27350593.0,20076500.0,0.3721111111111148,1,10470383.0,6859674.0,18611941.0,0
269,2020-01-02 16:59:00,129.2,1,0,12992.454055555529,27988412.0,20559268.0,0.4204722222222252,1,10679399.0,6977214.0,19105005.0,0
269,2020-01-02 17:00:00,123.2,1,0,13214.950805555529,28555628.0,20931900.0,0.4204722222222252,1,10830923.0,7060639.0,19409908.0,0
269,2020-01-02 17:01:00,122.0,1,0,13264.763694444408,28623670.0,21002464.0,0.4204722222222252,1,10862891.0,7076948.0,19461284.0,0
269,2020-01-02 17:02:00,121.59999999999997,1,0,13266.145638888847,28626375.0,21035329.0,0.4204722222222252,1,10863071.0,7077891.0,19470527.0,0
269,2020-01-02 17:03:00,115.0,1,0,13510.517527777729,29160117.0,21385341.0,0.4204722222222252,1,11050068.0,7207441.0,19837426.0,0
269,2020-01-02 17:04:00,109.0,1,0,13733.420194444408,29626857.0,21693415.0,0.4204722222222252,1,11268132.0,7327437.0,20043749.0,0
269,2020-01-02 17:05:00,103.0,1,0,13949.347999999967,29999008.0,21931276.0,0.4204722222222252,1,11441832.0,7443191.0,20237774.0,0
269,2020-01-02 17:06:00,99.8,1,0,14066.826361111069,30256746.0,22110195.0,0.4204722222222252,1,11555185.0,7500947.0,20450559.0,0
269,2020-01-02 17:07:00,99.59999999999997,1,0,14067.826361111069,30256746.0,22112223.0,0.4204722222222252,1,11555186.0,7501024.0,20451040.0,0
269,2020-01-02 17:08:00,99.39999999999998,1,0,14068.843999999966,30261114.0,22128708.0,0.4204722222222252,1,11555595.0,7501980.0,20455291.0,0
269,2020-01-02 17:09:00,93.2,1,0,14285.319555555508,30864002.0,22331222.0,0.4204722222222252,1,11715123.0,7615980.0,20738301.0,0
269,2020-01-02 17:10:00,87.19999999999999,1,0,14512.980166666626,31216628.0,22557643.0,0.4204722222222252,1,11865531.0,7727952.0,20978984.0,0
269,2020-01-02 17:11:00,84.19999999999999,1,0,14615.111472222186,31394754.0,22672642.0,0.4204722222222252,1,11953275.0,7797336.0,21130096.0,0
269,2020-01-02 17:12:00,83.39999999999998,1,0,14631.938972222186,31424953.0,22744767.0,0.4204722222222252,1,11968131.0,7807452.0,21221005.0,0
269,2020-01-02 17:13:00,82.59999999999997,1,0,14663.825111111066,31501302.0,22828526.0,0.4204722222222252,1,12004167.0,7818952.0,21358532.0,0
269,2020-01-02 17:14:00,82.0,1,0,14679.747277777726,31553823.0,22871114.0,0.4204722222222252,1,12009507.0,7838017.0,21372091.0,0
269,2020-01-02 17:15:00,81.19999999999999,1,0,14708.872611111066,31595450.0,22954990.0,0.4204722222222252,1,12034624.0,7858041.0,21418631.0,0
269,2020-01-02 17:16:00,75.0,1,0,14925.094722222186,32068663.0,23301999.0,0.4204722222222252,1,12175072.0,7972937.0,21621119.0,0
269,2020-01-02 17:17:00,69.0,1,0,15158.948833333285,32627221.0,23777461.0,0.4906666666666692,1,12329416.0,8063254.0,21985288.0,0
269,2020-01-02 17:18:00,63.0,1,0,15347.510027777646,33175379.0,24130892.0,0.4906666666666692,1,12492868.0,8156503.0,22407789.0,0
269,2020-01-02 17:19:00,56.80000000000001,1,0,15521.337250000046,33639609.0,24591157.0,0.4906666666666692,1,12689260.0,8242063.0,22662810.0,0
269,2020-01-02 17:20:00,50.80000000000001,1,0,15707.099361111046,34195411.0,25063694.0,0.4906666666666692,1,12829577.0,8353571.0,23101288.0,0
269,2020-01-02 17:21:00,48.39999999999998,1,0,15772.282333333244,34435001.0,25188611.0,0.4906666666666692,1,12871277.0,8392267.0,23224476.0,0
269,2020-01-02 17:22:00,46.19999999999999,1,0,15889.049055555446,34636709.0,25323863.0,0.4906666666666692,1,12956442.0,8442264.0,23310875.0,0
269,2020-01-02 17:23:00,45.599999999999966,1,0,15889.049055555446,34636709.0,25334198.0,0.4906666666666692,1,12956514.0,8442476.0,23310875.0,0
269,2020-01-02 17:24:00,42.599999999999966,1,0,15970.927388888846,34833530.0,25558409.0,0.4906666666666692,1,13026258.0,8513296.0,23422142.0,0
269,2020-01-02 17:25:00,40.0,1,0,16052.753833333243,35006287.0,25737589.0,0.4906666666666692,1,13080690.0,8568789.0,23624774.0,0
269,2020-01-02 17:26:00,32.599999999999966,1,0,16322.737250000046,35564767.0,26126159.0,0.4906666666666692,1,13280994.0,8710873.0,23925373.0,0
269,2020-01-02 17:27:00,25.399999999999977,1,0,16575.129000000044,36100771.0,26441565.0,0.4906666666666692,1,13491222.0,8854601.0,24214766.0,0
269,2020-01-02 17:28:00,13.0,1,0,16944.375888888848,36900947.0,26969483.0,0.4906666666666692,1,13717422.0,9102874.0,24664293.0,0
269,2020-01-02 17:29:00,12.0,1,0,16969.609416666648,36955755.0,27014047.0,0.4906666666666692,1,13732866.0,9117582.0,24706686.0,0
269,2020-01-02 17:30:00,11.800000000000011,1,0,16969.96150000005,36955755.0,27021678.0,0.4906666666666692,1,13732866.0,9118326.0,24719842.0,0
269,2020-01-02 17:31:00,11.399999999999975,1,0,16995.02319444445,36998760.0,27048159.0,0.4906666666666692,1,13740919.0,9130794.0,24743528.0,0
269,2020-01-02 17:32:00,4.800000000000011,1,0,17214.93550000005,37353894.0,27275256.0,0.7995833333333452,1,13958611.0,9216434.0,24943949.0,0
269,2020-01-02 17:33:00,0.1999999999999886,1,0,17398.47372222225,37750186.0,27518382.0,0.9437222222222252,1,14138587.0,9301672.0,25080735.0,0
273,2020-01-02 17:34:00,344.6,1,1,155.13966666666713,385021.0,467883.0,0.0,0,217680.0,70424.0,458316.0,0
273,2020-01-02 17:35:00,343.20000000000005,1,1,200.39186111111115,477919.0,563160.0,0.0,0,302760.0,94252.0,598379.0,0
273,2020-01-02 17:36:00,343.0,1,1,216.8529444444511,500878.0,573886.0,0.0,0,337032.0,98396.0,616684.0,0
273,2020-01-02 17:37:00,342.0,1,1,275.2252499999911,748944.0,638535.0,0.0155833333333334,0,458005.0,132676.0,680553.0,0
273,2020-01-02 17:38:00,341.8,1,1,294.5205833333311,802933.0,647050.0,0.0155833333333334,0,467197.0,149157.0,696465.0,0
273,2020-01-02 17:39:00,340.40000000000003,1,1,332.9886388888911,864930.0,742249.0,0.0155833333333334,0,556669.0,170894.0,756694.0,0
273,2020-01-02 17:40:00,339.20000000000005,1,1,367.4723888888912,960208.0,906634.0,0.0155833333333334,0,638257.0,188123.0,815792.0,0
273,2020-01-02 17:41:00,337.6,1,1,431.0719999999912,1059489.0,985115.0,0.0155833333333334,0,738049.0,215144.0,864608.0,0
273,2020-01-02 17:42:00,336.20000000000005,1,1,489.8076666666712,1166947.0,1076180.0,0.0155833333333334,0,836641.0,237885.0,918662.0,0
273,2020-01-02 17:43:00,334.8,1,1,557.4336388888911,1232064.0,1186394.0,0.0155833333333334,0,1003717.0,256225.0,961250.0,0
273,2020-01-02 17:44:00,333.6,1,1,608.1901111111112,1312196.0,1239850.0,0.0155833333333334,0,1102729.0,278197.0,1011508.0,0
273,2020-01-02 17:45:00,333.40000000000003,1,1,611.0151666666712,1314939.0,1240591.0,0.0155833333333334,0,1108141.0,278467.0,1016592.0,0
273,2020-01-02 17:46:00,332.20000000000005,1,1,690.0146111111111,1474033.0,1325546.0,0.0155833333333334,0,1238341.0,308075.0,1101807.0,0
273,2020-01-02 17:47:00,330.6,1,1,721.9130277777712,1508873.0,1396526.0,0.0155833333333334,0,1319881.0,322599.0,1119526.0,0
273,2020-01-02 17:48:00,329.6,1,1,756.0510277777712,1561250.0,1497172.0,0.020138888888888,0,1455289.0,334503.0,1148035.0,0
273,2020-01-02 17:49:00,329.20000000000005,1,1,771.6424999999912,1577669.0,1511654.0,0.020138888888888,0,1473805.0,343336.0,1154873.0,0
273,2020-01-02 17:50:00,329.0,1,1,787.9388055555511,1633127.0,1544388.0,0.020138888888888,0,1479505.0,353809.0,1233029.0,0
273,2020-01-02 17:51:00,328.0,1,1,820.9869444444511,1701611.0,1599964.0,0.020138888888888,0,1502017.0,370626.0,1296859.0,0
273,2020-01-02 17:52:00,326.20000000000005,1,1,865.8968611111112,1776075.0,1671425.0,0.020138888888888,0,1626913.0,390628.0,1358076.0,0
273,2020-01-02 17:53:00,324.6,1,1,916.9583888888912,1995737.0,1744927.0,0.020138888888888,0,1693021.0,425204.0,1432254.0,0
273,2020-01-02 17:54:00,323.6,1,1,952.6767777777712,2015250.0,1768132.0,0.020138888888888,0,1788925.0,440068.0,1465066.0,0
273,2020-01-02 17:55:00,322.40000000000003,1,1,1057.342388888891,2099100.0,1826242.0,0.020138888888888,0,1951321.0,469280.0,1506874.0,0
273,2020-01-02 17:56:00,321.0,1,1,1095.857888888891,2114947.0,1857364.0,0.020138888888888,0,2002693.0,491008.0,1534395.0,0
273,2020-01-02 17:57:00,319.40000000000003,1,1,1147.379638888891,2240930.0,1950977.0,0.020138888888888,0,2181926.0,507837.0,1581351.0,0
273,2020-01-02 17:58:00,318.20000000000005,1,1,1243.8084444444469,2281750.0,2037232.0,0.0203055555555546,0,2394254.0,524577.0,1607052.0,0
273,2020-01-02 17:59:00,316.8,1,1,1296.4723611111108,2313301.0,2059852.0,0.0203055555555546,0,2460602.0,540153.0,1642594.0,0
273,2020-01-02 18:00:00,316.20000000000005,1,1,1320.4882500000108,2334205.0,2089726.0,0.0203055555555546,0,2585534.0,548782.0,1668373.0,0
273,2020-01-02 18:01:00,315.20000000000005,1,1,1372.8695555555507,2364781.0,2141245.0,0.0203055555555546,0,2630138.0,564982.0,1715667.0,0
273,2020-01-02 18:02:00,314.0,1,1,1421.8945277777707,2397698.0,2190749.0,0.0203055555555546,0,2743226.0,585018.0,1772738.0,0
273,2020-01-02 18:03:00,312.6,1,1,1475.311638888891,2453533.0,2348999.0,0.031499999999999,0,2900510.0,594947.0,1959743.0,0
273,2020-01-02 18:04:00,310.6,1,1,1514.8774722222306,2480899.0,2379003.0,0.031499999999999,0,3011990.0,608316.0,1974615.0,0
273,2020-01-02 18:05:00,309.6,1,1,1545.107388888891,2492768.0,2416703.0,0.031499999999999,0,3066590.0,635261.0,2067253.0,0
273,2020-01-02 18:06:00,308.40000000000003,1,1,1586.2423333333309,2549422.0,2523485.0,0.031499999999999,0,3196130.0,644237.0,2148660.0,0
273,2020-01-02 18:07:00,307.20000000000005,1,1,1630.7118888888908,2594402.0,2552372.0,0.031499999999999,0,3269342.0,662585.0,2204547.0,0
273,2020-01-02 18:08:00,307.0,1,1,1639.2727222222306,2601488.0,2573393.0,0.031499999999999,0,3277586.0,666422.0,2225113.0,0
273,2020-01-02 18:09:00,305.20000000000005,1,1,1698.7980000000107,2670258.0,2674624.0,0.031499999999999,0,3398450.0,685147.0,2457566.0,0
273,2020-01-02 18:10:00,304.20000000000005,1,1,1732.7176388888906,2716577.0,2793652.0,0.031499999999999,0,3475754.0,695987.0,2802989.0,0
273,2020-01-02 18:11:00,303.6,1,1,1776.5691388888906,2766042.0,2812723.0,0.031499999999999,0,3500174.0,715191.0,2818979.0,0
273,2020-01-02 18:12:00,303.40000000000003,1,1,1777.5691388888906,2766042.0,2812723.0,0.031499999999999,0,3500174.0,715193.0,2818979.0,0
273,2020-01-02 18:13:00,303.0,1,1,1777.5691388888906,2766043.0,2817117.0,0.031499999999999,0,3500174.0,715289.0,2818980.0,0
273,2020-01-02 18:14:00,302.8,1,1,1789.146916666671,2768644.0,2831404.0,0.031499999999999,0,3512210.0,716794.0,2820904.0,0
273,2020-01-02 18:15:00,301.40000000000003,1,1,1884.8207500000108,2801534.0,2967657.0,0.031499999999999,0,3700491.0,738474.0,2883200.0,0
273,2020-01-02 18:16:00,299.40000000000003,1,1,1944.7406388888908,2879105.0,3057812.0,0.0385277777777768,0,3807759.0,765438.0,2944417.0,0
273,2020-01-02 18:17:00,298.6,1,1,1986.1828611111112,2899853.0,3086296.0,0.0385277777777768,0,3905884.0,782523.0,2979517.0,0
273,2020-01-02 18:18:00,297.20000000000005,1,1,2090.381111111111,2956832.0,3174930.0,0.0385277777777768,0,4171085.0,802985.0,3019648.0,0
273,2020-01-02 18:19:00,295.8,1,1,2133.5220833333306,3077381.0,3262108.0,0.0385277777777768,0,4187213.0,828649.0,3154666.0,0
273,2020-01-02 18:20:00,294.40000000000003,1,1,2164.0035277777706,3100781.0,3301654.0,0.0385277777777768,0,4247201.0,847917.0,3168459.0,0
273,2020-01-02 18:21:00,292.8,1,1,2224.739694444451,3150155.0,3392953.0,0.0385277777777768,0,4412381.0,873121.0,3232991.0,0
273,2020-01-02 18:22:00,291.6,1,1,2264.008444444451,3254753.0,3429483.0,0.0385277777777768,0,4423637.0,894917.0,3320377.0,0
273,2020-01-02 18:23:00,289.8,1,1,2285.218666666671,3324368.0,3491636.0,0.0385277777777768,0,4428269.0,908549.0,3389238.0,0
273,2020-01-02 18:24:00,287.20000000000005,1,1,2501.680833333331,3450429.0,3690276.0,0.0385277777777768,0,4852481.0,957765.0,3480109.0,0
273,2020-01-02 18:25:00,283.8,1,1,2648.508250000011,3688083.0,4016914.0,0.0385277777777768,0,5137038.0,1024094.0,3642882.0,0
273,2020-01-02 18:26:00,283.40000000000003,1,1,2648.508250000011,3688084.0,4035985.0,0.0385277777777768,0,5137038.0,1024110.0,3644871.0,0
273,2020-01-02 18:27:00,283.20000000000005,1,1,2674.5252777777905,3706363.0,4056798.0,0.0385277777777768,0,5170026.0,1031410.0,3659158.0,0
273,2020-01-02 18:28:00,282.0,1,1,2732.0615555555505,3753931.0,4257661.0,0.0385277777777768,0,5366070.0,1052396.0,3706634.0,0
273,2020-01-02 18:29:00,280.20000000000005,1,1,2782.3729722222306,3844008.0,4384632.0,0.0385277777777768,0,5422350.0,1081141.0,3787910.0,0
273,2020-01-02 18:30:00,280.0,1,1,2782.3729722222306,3844009.0,4389208.0,0.0385277777777768,0,5422351.0,1081141.0,3787910.0,0
273,2020-01-02 18:31:00,279.6,1,1,2782.3729722222306,3844009.0,4395175.0,0.0385277777777768,0,5422352.0,1081206.0,3787910.0,0
273,2020-01-02 18:32:00,279.0,1,1,2790.3594722222306,3860753.0,4490023.0,0.0385277777777768,0,5428869.0,1083594.0,3815535.0,0
273,2020-01-02 18:33:00,276.0,1,1,2878.7553888888906,4074382.0,4740117.0,0.0681944444444438,0,5670441.0,1119399.0,4050276.0,0
273,2020-01-02 18:34:00,273.0,1,1,2980.5571944444505,4231071.0,4889383.0,0.0804999999999998,0,5953618.0,1142259.0,4145190.0,0
273,2020-01-02 18:35:00,268.6,1,1,3089.5300277776905,4547192.0,5303212.0,0.097083333333332,0,6225358.0,1191423.0,4288437.0,0
273,2020-01-02 18:36:00,268.0,1,1,3100.6605833332906,4593186.0,5338351.0,0.097083333333332,0,6226366.0,1197366.0,4356934.0,0
273,2020-01-02 18:37:00,267.40000000000003,1,1,3128.5290000000905,4616495.0,5416728.0,0.097083333333332,0,6269734.0,1203019.0,4403734.0,0
273,2020-01-02 18:38:00,264.6,1,1,3267.8717500000907,4786561.0,5601134.0,0.106944444444444,0,6667522.0,1233775.0,4552389.0,0
273,2020-01-02 18:39:00,256.0,1,1,3567.531805555651,5218551.0,6126256.0,0.14175,0,7337374.0,1323128.0,4940205.0,0
273,2020-01-02 18:40:00,249.40000000000003,1,1,3774.2466944445296,5544943.0,6518596.0,0.190388888888888,0,7810774.0,1380837.0,5216300.0,0
273,2020-01-02 18:41:00,243.00000000000003,1,1,3928.1075000000906,5805268.0,6769054.0,0.210944444444444,0,7962791.0,1445763.0,5444853.0,0
273,2020-01-02 18:42:00,236.8,1,1,4105.001583333432,6212922.0,6983346.0,0.240027777777778,0,8314487.0,1510944.0,5821879.0,0
273,2020-01-02 18:43:00,236.6,1,1,4106.239083333432,6213494.0,6987649.0,0.240027777777778,0,8314883.0,1512528.0,5821879.0,0
273,2020-01-02 18:44:00,231.00000000000003,1,1,4202.865916666752,6526521.0,7229163.0,0.279138888888888,0,8552951.0,1546505.0,6161895.0,0
273,2020-01-02 18:45:00,228.2,1,1,4324.021750000091,6640505.0,7421459.0,0.330277777777784,0,8832443.0,1571877.0,6315776.0,0
273,2020-01-02 18:46:00,222.8,1,1,4462.61625000009,6854992.0,7646658.0,0.341250000000004,0,9104723.0,1621890.0,6532083.0,0
273,2020-01-02 18:47:00,209.6,1,1,4829.869138888991,7528470.0,8540915.0,0.404777777777784,0,9977771.0,1766694.0,7076823.0,0
273,2020-01-02 18:48:00,203.40000000000003,1,1,4961.996861111211,7874712.0,8920528.0,0.404777777777784,0,10313051.0,1837118.0,7382037.0,0
273,2020-01-02 18:49:00,200.2,1,1,5041.848222222311,8100301.0,9078023.0,0.407388888888884,0,10515683.0,1880195.0,7610187.0,0
273,2020-01-02 18:50:00,195.8,1,1,5137.993833333432,8329621.0,9451188.0,0.408416666666664,0,10768727.0,1938172.0,7829862.0,0
273,2020-01-02 18:51:00,193.2,1,1,5170.564083333431,8429721.0,9558555.0,0.411138888888884,0,10851131.0,1950776.0,7891443.0,0
273,2020-01-02 18:52:00,191.00000000000003,1,1,5207.752472222312,8543822.0,9743467.0,0.421138888888884,0,10937640.0,1970356.0,7954467.0,0
273,2020-01-02 18:53:00,190.40000000000003,1,1,5207.752472222312,8548308.0,9755063.0,0.421138888888884,0,10937640.0,1970660.0,7960369.0,0
273,2020-01-02 18:54:00,186.2,1,1,5336.478166666691,8883552.0,10059367.0,0.438138888888884,0,11167512.0,2074342.0,8229001.0,0
273,2020-01-02 18:55:00,180.6,1,1,5489.513305555691,9058974.0,10504617.0,0.438138888888884,0,11471616.0,2123156.0,8553598.0,0
273,2020-01-02 18:56:00,180.40000000000003,1,1,5491.627722222291,9067333.0,10512339.0,0.438138888888884,0,11500380.0,2127276.0,8558941.0,0
273,2020-01-02 18:57:00,179.60000000000002,1,1,5508.363194444491,9076680.0,10547179.0,0.438138888888884,0,11530896.0,2138656.0,8568977.0,0
273,2020-01-02 18:58:00,179.00000000000003,1,1,5529.361111111291,9132112.0,10565002.0,0.438138888888884,0,11548776.0,2148581.0,8593821.0,0
273,2020-01-02 18:59:00,177.40000000000003,1,1,5608.415638888891,9218419.0,10690582.0,0.438138888888884,0,11703469.0,2184182.0,8649435.0,0
273,2020-01-02 19:00:00,175.20000000000002,1,1,5657.011000000091,9318363.0,10904342.0,0.438138888888884,0,11857177.0,2211243.0,8842225.0,0
273,2020-01-02 19:01:00,174.8,1,1,5658.011000000091,9318363.0,10912116.0,0.438138888888884,0,11857177.0,2211335.0,8842225.0,0
273,2020-01-02 19:02:00,169.20000000000002,1,1,5776.523750000091,9594457.0,11419637.0,0.438138888888884,0,12133489.0,2242088.0,9098846.0,0
273,2020-01-02 19:03:00,168.60000000000002,1,1,5786.121694444491,9759804.0,11493945.0,0.438138888888884,0,12150445.0,2242953.0,9244823.0,0
273,2020-01-02 19:04:00,163.8,1,1,5924.190777777891,10171124.0,12005586.0,0.438138888888884,0,12420314.0,2272329.0,9676150.0,0
273,2020-01-02 19:05:00,163.60000000000002,1,1,5936.713277777891,10212243.0,12018677.0,0.438138888888884,0,12438711.0,2272937.0,9677255.0,0
273,2020-01-02 19:06:00,157.60000000000002,1,1,6056.200138888891,10917844.0,12523727.0,0.438138888888884,0,12718815.0,2304265.0,10253857.0,0
273,2020-01-02 19:08:00,150.60000000000002,1,1,6222.208722222291,11237020.0,13102527.0,0.445111111111104,0,13110160.0,2346682.0,10735078.0,0
273,2020-01-02 19:09:00,144.00000000000003,1,1,6380.35933333349,11558601.0,13984707.0,0.456944444444444,0,13485688.0,2385938.0,11050523.0,0
273,2020-01-02 19:10:00,131.8,1,1,6613.01058333349,12274953.0,15416787.0,0.476166666666664,0,14056192.0,2448807.0,11616647.0,0
273,2020-01-02 19:11:00,125.20000000000002,1,1,6815.04675000009,12652772.0,16175181.0,0.482944444444444,0,14513512.0,2478939.0,11992062.0,0
273,2020-01-02 19:12:00,125.00000000000004,1,1,6828.15377777789,12742238.0,16185841.0,0.482944444444444,0,14517100.0,2481927.0,12047715.0,0
273,2020-01-02 19:13:00,124.8,1,1,6828.55691666669,12742239.0,16210515.0,0.482944444444444,0,14517244.0,2482179.0,12059493.0,0
273,2020-01-02 19:14:00,120.8,1,1,6919.67338888889,12930791.0,16631754.0,0.482944444444444,0,14741320.0,2501099.0,12269183.0,0
273,2020-01-02 19:15:00,114.8,1,1,7047.346472222291,13357348.0,17071713.0,0.488305555555564,0,15078389.0,2556356.0,12483501.0,0
273,2020-01-02 19:16:00,108.8,1,1,7189.89902777789,13646234.0,17395218.0,0.503361111111104,0,15348749.0,2609890.0,12742643.0,0
273,2020-01-02 19:17:00,102.8,1,1,7304.77205555569,13843990.0,17776170.0,0.508083333333324,0,15610349.0,2661211.0,12979803.0,0
273,2020-01-02 19:18:00,96.8,1,1,7561.17238888889,14095137.0,18098232.0,0.508611111111104,0,16059713.0,2740624.0,13333793.0,0
273,2020-01-02 19:19:00,95.20000000000002,1,1,7620.38911111129,14150673.0,18177948.0,0.508611111111104,0,16198985.0,2759689.0,13371376.0,0
273,2020-01-02 19:20:00,94.40000000000003,1,1,7638.94961111129,14196420.0,18204338.0,0.508611111111104,0,16205801.0,2771017.0,13388250.0,0
273,2020-01-02 19:21:00,88.40000000000003,1,1,7778.26602777789,14342475.0,18442498.0,0.508611111111104,0,16440953.0,2847885.0,13616465.0,0
273,2020-01-02 19:22:00,82.40000000000003,1,1,7977.19083333349,14645765.0,18717384.0,0.508611111111104,0,16801961.0,2937038.0,14008298.0,0
273,2020-01-02 19:23:00,76.20000000000005,1,1,8141.89013888889,14872953.0,19145513.0,0.5100277777777842,0,17200193.0,3015071.0,14284470.0,0
273,2020-01-02 19:24:00,71.40000000000003,1,1,8286.08991666669,15156054.0,19446892.0,0.5100277777777842,0,17488061.0,3070315.0,14456902.0,0
273,2020-01-02 19:25:00,67.60000000000002,1,1,8439.230083333488,15309805.0,19698000.0,0.5116666666666642,0,17802089.0,3104559.0,14581871.0,0
273,2020-01-02 19:26:00,66.20000000000005,1,1,8486.714000000087,15397893.0,19754551.0,0.5209166666666643,0,17901521.0,3127576.0,14636784.0,0
273,2020-01-02 19:27:00,59.0,1,1,8594.729083333488,15720072.0,20084738.0,0.5352777777777842,0,18169265.0,3183792.0,14835619.0,0
273,2020-01-02 19:28:00,53.0,1,1,8595.729083333488,16260352.0,20646689.0,0.5352777777777842,0,18544049.0,3293468.0,15179781.0,0
273,2020-01-02 19:29:00,48.200000000000045,1,1,8595.729083333488,16611833.0,21305152.0,0.5352777777777842,0,18731993.0,3367494.0,15425845.0,0
273,2020-01-02 19:30:00,44.0,1,1,8595.729083333488,16895324.0,21842598.0,0.5352777777777842,0,18876041.0,3451790.0,15566909.0,0
273,2020-01-02 19:31:00,38.0,1,1,8596.729083333488,17289848.0,22262772.0,0.5352777777777842,0,19240925.0,3578027.0,15794188.0,0
273,2020-01-02 19:32:00,33.60000000000002,1,1,8597.729083333488,17447005.0,22565919.0,0.5352777777777842,0,19370609.0,3645996.0,15891987.0,0
273,2020-01-02 19:33:00,33.400000000000034,1,1,8597.729083333488,17455026.0,22566699.0,0.5352777777777842,0,19372649.0,3647981.0,15891987.0,0
273,2020-01-02 19:34:00,29.80000000000001,1,1,8598.729083333488,17600145.0,22743967.0,0.5352777777777842,0,19664765.0,3668058.0,15961368.0,0
273,2020-01-02 19:35:00,23.80000000000001,1,1,8598.729083333488,18014780.0,23114584.0,0.5352777777777842,0,19902161.0,3711606.0,16662692.0,0
273,2020-01-02 19:36:00,21.400000000000038,1,1,8598.729083333488,18161733.0,23265852.0,0.5352777777777842,0,19912242.0,3728314.0,16815858.0,0
273,2020-01-02 19:37:00,15.400000000000034,1,1,8598.729083333488,19012337.0,23688106.0,0.5352777777777842,0,19913239.0,3769750.0,17704187.0,0
273,2020-01-02 19:38:00,9.400000000000034,1,1,8598.729083333488,19363415.0,24103651.0,0.5352777777777842,0,19913239.0,3803686.0,18181833.0,0
273,2020-01-02 19:39:00,7.400000000000034,1,1,8598.729083333488,19532701.0,24281751.0,0.5352777777777842,0,19913239.0,3812386.0,18374961.0,0
273,2020-01-02 19:40:00,7.0,1,1,8598.729083333488,19587484.0,24308583.0,0.5352777777777842,0,19913239.0,3817934.0,18389560.0,0
273,2020-01-02 19:41:00,3.200000000000045,1,1,8598.729083333488,19763153.0,24776414.0,0.5352777777777842,0,19913240.0,3842186.0,18617931.0,0
273,2020-01-02 19:42:00,3.0,1,1,8599.729083333488,19774554.0,24776414.0,0.5352777777777842,0,19913240.0,3842722.0,18624249.0,0
273,2020-01-02 19:43:00,2.800000000000012,1,1,8599.729083333488,19791090.0,24798644.0,0.5352777777777842,0,19913240.0,3843846.0,18628734.0,0
273,2020-01-02 19:44:00,2.6000000000000227,1,1,8599.729083333488,19791090.0,24802284.0,0.5352777777777842,0,19913240.0,3843890.0,18628735.0,0
273,2020-01-02 19:45:00,1.0,1,1,8674.109361111266,19830636.0,24974807.0,0.5352777777777842,0,19913240.0,3851138.0,18761881.0,0
690,2020-01-04 01:48:00,299.8,1,1,3.4184999999999404,6292.0,68406.0,0.0,0,0.0,6768.0,10270.0,1
690,2020-01-04 01:49:00,294.40000000000003,1,1,897.1522499999934,720408.0,369681.0,0.0005555555555554,0,400849.0,660632.0,146420.0,1
690,2020-01-04 01:50:00,291.2,1,1,1312.2478888888934,943098.0,564083.0,0.0005555555555554,0,550034.0,915952.0,240904.0,1
690,2020-01-04 01:51:00,289.0,1,1,1613.2635555555537,1113425.0,679146.0,0.0005555555555554,0,685250.0,1169677.0,338170.0,1
690,2020-01-04 01:52:00,288.6,1,1,1658.2349722222334,1134836.0,708305.0,0.050083333333334,0,703994.0,1194221.0,349909.0,1
690,2020-01-04 01:53:00,284.8,1,1,2466.267138888933,1407862.0,815984.0,0.067694444444444,0,1038650.0,1761414.0,438777.0,1
690,2020-01-04 01:54:00,284.2,1,1,2542.6632222221333,1426114.0,834626.0,0.068222222222222,0,1073798.0,1797674.0,453740.0,1
690,2020-01-04 01:55:00,281.6,1,1,2986.400388888934,1574197.0,930098.0,0.068222222222222,0,1238102.0,2075850.0,528946.0,1
690,2020-01-04 01:56:00,280.2,1,1,3086.4516111111334,1603253.0,964145.0,0.071027777777778,0,1288334.0,2165703.0,554699.0,1
690,2020-01-04 01:57:00,278.0,1,1,3556.1228611111333,1697491.0,1043991.0,0.091472222222222,0,1469678.0,2444751.0,612055.0,1
690,2020-01-04 01:58:00,274.8,1,1,4115.048972222134,1797162.0,1102699.0,0.382,0,1760715.0,2846907.0,653162.0,1
690,2020-01-04 01:59:00,274.2,1,1,4222.788583333246,1824098.0,1164735.0,0.419277777777778,0,1809052.0,2935227.0,675028.0,1
690,2020-01-04 02:00:00,270.40000000000003,1,1,4863.232333333253,1936262.0,1253122.0,0.62183333333334,0,2084116.0,3335372.0,790130.0,1
690,2020-01-04 02:01:00,269.8,1,1,5018.124083333253,1955294.0,1267384.0,0.92308333333334,0,2162884.0,3447177.0,800244.0,1
690,2020-01-04 02:02:00,268.8,1,1,5174.802277777693,2030278.0,1312716.0,0.96369444444444,0,2235028.0,3560909.0,852362.0,1
690,2020-01-04 02:03:00,268.6,1,1,5265.2036944443535,2043174.0,1312716.0,0.98733333333334,0,2265148.0,3605737.0,855716.0,1
690,2020-01-04 02:04:00,267.0,1,1,5591.329777777693,2156391.0,1363572.0,1.04208333333334,0,2403844.0,3850046.0,923316.0,1
690,2020-01-04 02:05:00,265.40000000000003,1,1,5838.062055555473,2331462.0,1400246.0,1.15191666666666,0,2513476.0,4061606.0,965813.0,1
690,2020-01-04 02:06:00,260.0,1,1,6686.102083333333,2772929.0,1554855.0,1.80119444444444,0,2908876.0,4767182.0,1128066.0,1
690,2020-01-04 02:07:00,258.6,1,1,6954.430194444333,3010036.0,1597391.0,1.839,0,3022144.0,4976528.0,1182679.0,1
690,2020-01-04 02:08:00,254.0,1,1,7647.656527777734,3599820.0,1773437.0,2.085,0,3336664.0,5555521.0,1408099.0,1
690,2020-01-04 02:09:00,252.4,1,1,7863.557749999934,3841985.0,1854544.0,2.11522222222222,0,3436349.0,5733357.0,1507692.0,1
690,2020-01-04 02:10:00,247.2,1,1,8801.136611110935,4605579.0,2115103.0,2.34380555555556,0,3789545.0,6361721.0,1710219.0,1
690,2020-01-04 02:11:00,241.6,1,1,9160.538055555537,4950976.0,2330240.0,2.423,0,3953549.0,6546314.0,1823684.0,1
690,2020-01-04 02:12:00,236.4,1,1,9642.842944444335,5512225.0,2624704.0,2.6074722222222,0,4235321.0,6742333.0,1976408.0,1
690,2020-01-04 02:13:00,232.4,1,1,10030.893611110936,5731067.0,2871561.0,2.7181666666666,0,4409465.0,6832797.0,2120968.0,1
690,2020-01-04 02:14:00,227.2,1,1,10846.485166666538,6324075.0,3103910.0,3.0075555555556,0,4872857.0,7107362.0,2253854.0,1
690,2020-01-04 02:15:00,224.4,1,1,11033.54169444434,6415218.0,3207897.0,3.1193888888888,0,4984817.0,7143911.0,2313343.0,1
690,2020-01-04 02:16:00,223.0,1,1,11233.368249999938,6509884.0,3248132.0,3.1976111111112,0,5055017.0,7183668.0,2325862.0,1
690,2020-01-04 02:17:00,220.0,1,1,11528.288555555537,6644642.0,3352821.0,3.3067222222222,0,5181077.0,7255501.0,2379669.0,1
690,2020-01-04 02:18:00,215.6,1,1,12103.789083333337,6831985.0,3478713.0,3.4661944444444,0,5447189.0,7402981.0,2456525.0,1
690,2020-01-04 02:19:00,214.6,1,1,12276.224833333335,6858505.0,3508860.0,3.5158333333334,0,5536133.0,7437577.0,2470669.0,1
690,2020-01-04 02:20:00,213.2,1,1,12540.244027777737,6920450.0,3556479.0,3.6101666666666,0,5650925.0,7505685.0,2541571.0,1
690,2020-01-04 02:21:00,207.6,1,1,13360.002305555538,7135457.0,3720916.0,3.9456666666666,0,5990849.0,7689974.0,2657986.0,1
690,2020-01-04 02:22:00,204.8,1,1,13738.734527777737,7204488.0,3820301.0,4.1253888888888,0,6150905.0,7787234.0,2714237.0,1
690,2020-01-04 02:23:00,197.4,1,1,15102.566138888737,7401009.0,4021607.0,4.565055555555601,0,6696509.0,8513310.0,2871108.0,1
690,2020-01-04 02:24:00,193.4,1,1,15659.571083333338,7512146.0,4146967.0,4.761138888888801,0,6928373.0,8839754.0,2952319.0,1
690,2020-01-04 02:25:00,191.8,1,1,15935.450777777738,7627989.0,4213359.0,4.8052222222222,0,7042961.0,8985699.0,3017800.0,1
690,2020-01-04 02:26:00,190.6,1,1,16124.026027777738,7706353.0,4253438.0,4.854972222222201,0,7101293.0,9054940.0,3046075.0,1
690,2020-01-04 02:27:00,187.6,1,1,16662.655777777738,8120806.0,4335767.0,5.108611111111201,0,7293894.0,9304833.0,3151336.0,1
690,2020-01-04 02:28:00,186.2,1,1,16936.397027777737,8302949.0,4365251.0,5.2905277777778,0,7411518.0,9456378.0,3177805.0,1
690,2020-01-04 02:29:00,183.8,1,1,17331.927583333338,8507050.0,4474763.0,5.493444444444401,0,7548150.0,9633166.0,3332570.0,1
690,2020-01-04 02:30:00,183.6,1,1,17333.03813888874,8522234.0,4492833.0,5.493444444444401,0,7552398.0,9644180.0,3336808.0,1
690,2020-01-04 02:31:00,177.60000000000002,1,1,18332.370944444338,9458677.0,4684505.0,5.853055555555601,0,7890954.0,10213420.0,3479626.0,1
690,2020-01-04 02:32:00,170.8,1,1,18719.88733333334,10021304.0,4903217.0,6.0472222222222,0,8051946.0,10472480.0,3668958.0,1
690,2020-01-04 02:33:00,166.20000000000002,1,1,19168.02416666654,10393365.0,5065405.0,6.292444444444401,0,8205667.0,10740454.0,3810074.0,1
690,2020-01-04 02:34:00,160.0,1,1,19557.82566666654,10700360.0,5459994.0,6.640055555555601,0,8338999.0,11003126.0,3981466.0,1
690,2020-01-04 02:35:00,158.0,1,1,19836.55744444434,10891954.0,5554076.0,6.851361111111201,0,8428555.0,11198431.0,4065927.0,1
690,2020-01-04 02:36:00,153.0,1,1,20659.706249999937,11573037.0,5754342.0,7.4094722222222,0,8722423.0,11835372.0,4248877.0,1
690,2020-01-04 02:37:00,147.20000000000002,1,1,21518.05138888874,12329325.0,6016279.0,7.981666666666602,0,9042643.0,12501556.0,4387783.0,1
690,2020-01-04 02:38:00,145.0,1,1,21942.301055555537,12786639.0,6091341.0,8.3633333333334,0,9191432.0,12845698.0,4481149.0,1
690,2020-01-04 02:39:00,141.60000000000002,1,1,22351.75599999994,13125108.0,6182484.0,8.5786111111112,0,9378800.0,13215079.0,4603830.0,1
690,2020-01-04 02:40:00,135.8,1,1,23092.77716666654,14252442.0,6296871.0,9.2382777777778,0,9695852.0,13801936.0,4755800.0,1
690,2020-01-04 02:41:00,133.20000000000002,1,1,23425.98277777774,14884710.0,6362378.0,9.4705,0,9821589.0,14049989.0,4917559.0,1
690,2020-01-04 02:42:00,132.4,1,1,23580.96588888874,15073210.0,6394645.0,9.6333611111112,0,9890794.0,14197414.0,4938489.0,1
690,2020-01-04 02:43:00,131.8,1,1,23588.77972222213,15093308.0,6406384.0,9.644833333333402,0,9895859.0,14209302.0,4945600.0,1
690,2020-01-04 02:44:00,130.20000000000002,1,1,23856.89083333334,15664386.0,6441875.0,9.8821666666666,0,10011179.0,14401243.0,5016931.0,1
690,2020-01-04 02:45:00,128.8,1,1,24009.97252777774,16009770.0,6521864.0,10.0073888888888,0,10065779.0,14494791.0,5076094.0,1
690,2020-01-04 02:46:00,127.8,1,1,24186.35383333414,16269471.0,6551569.0,10.0814722222222,0,10130447.0,14627696.0,5097193.0,1
690,2020-01-04 02:47:00,121.8,1,1,25011.64294444414,16597748.0,6744463.0,10.619388888888802,0,10455203.0,15296220.0,5248006.0,1
690,2020-01-04 02:48:00,117.0,1,1,25807.98038888814,17059469.0,6884564.0,11.128388888888802,0,10818383.0,15986844.0,5361938.0,1
690,2020-01-04 02:49:00,111.60000000000002,1,1,26621.314250000138,17530876.0,7057763.0,12.682444444444402,0,11223420.0,16641415.0,5466783.0,1
690,2020-01-04 02:50:00,111.20000000000002,1,1,26684.11436111014,17578807.0,7086363.0,12.6877222222222,0,11240652.0,16663253.0,5486297.0,1
690,2020-01-04 02:51:00,111.0,1,1,26684.11436111014,17578807.0,7087065.0,12.6877222222222,0,11240652.0,16663254.0,5486297.0,1
690,2020-01-04 02:52:00,109.4,1,1,26918.09969444348,17703269.0,7150375.0,12.865916666666644,0,11321796.0,16718195.0,5521059.0,1
690,2020-01-04 02:53:00,108.4,1,1,27130.11783333236,17927246.0,7232587.0,12.9234722222222,0,11389776.0,16845808.0,5545227.0,1
690,2020-01-04 02:54:00,107.0,1,1,27165.77563888792,17942118.0,7276124.0,12.9234722222222,0,11398896.0,16851364.0,5573502.0,1
690,2020-01-04 02:55:00,106.20000000000002,1,1,27234.21433333236,18046456.0,7314708.0,12.93544444444442,0,11436156.0,16934680.0,5588050.0,1
690,2020-01-04 02:56:00,106.0,1,1,27250.6447777768,18098963.0,7318868.0,12.94019444444442,0,11443752.0,16938740.0,5592080.0,1
690,2020-01-04 02:57:00,105.60000000000002,1,1,27313.7939166657,18179758.0,7326655.0,13.03338888888886,0,11479620.0,17008912.0,5598905.0,1
690,2020-01-04 02:58:00,104.20000000000002,1,1,27463.74213888792,18452200.0,7383413.0,13.11266666666664,0,11545428.0,17131718.0,5631340.0,1
690,2020-01-04 02:59:00,102.60000000000002,1,1,27724.45183333236,18700045.0,7501206.0,13.17111111111108,0,11617716.0,17192627.0,5673200.0,1
690,2020-01-04 03:00:00,96.4,1,1,27896.3941666657,18860517.0,7613110.0,13.20136111111108,0,11678892.0,17230419.0,5714332.0,1
690,2020-01-04 03:01:00,89.80000000000001,1,1,28489.6954166657,19468216.0,7874566.0,13.24452777777776,0,11882940.0,17521236.0,5904912.0,1
690,2020-01-04 03:02:00,85.60000000000002,1,1,28858.84930555454,19759794.0,8149178.0,13.29958333333332,0,12011832.0,17633632.0,6062992.0,1
690,2020-01-04 03:03:00,80.60000000000002,1,1,29379.73727777674,20568797.0,8384830.0,13.59399999999998,0,12260796.0,17897801.0,6327347.0,1
690,2020-01-04 03:04:00,78.20000000000002,1,1,29577.304027776743,20755400.0,8469084.0,13.6549722222222,0,12349021.0,17989565.0,6383884.0,1
690,2020-01-04 03:05:00,72.20000000000002,1,1,30272.495027776746,21426811.0,8716643.0,13.77244444444442,0,12666973.0,18319617.0,6575075.0,1
690,2020-01-04 03:06:00,71.60000000000002,1,1,30308.017777776746,21432778.0,8758555.0,13.77244444444442,0,12676141.0,18332429.0,6586281.0,1
690,2020-01-04 03:07:00,70.20000000000002,1,1,30479.36186111014,21517551.0,8861827.0,13.79755555555554,0,12754249.0,18391942.0,6653023.0,1
690,2020-01-04 03:08:00,70.0,1,1,30479.36186111014,21517552.0,8881717.0,13.79755555555554,0,12754249.0,18391994.0,6655025.0,1
690,2020-01-04 03:09:00,64.0,1,1,31210.41011111014,21967716.0,9123725.0,14.50866666666664,0,13102742.0,18736474.0,6806944.0,1
690,2020-01-04 03:10:00,63.0,1,1,31377.20047222134,21993014.0,9141743.0,14.57852777777776,0,13164903.0,18847114.0,6822024.0,1
690,2020-01-04 03:11:00,60.60000000000002,1,1,31725.88633333234,22080608.0,9197253.0,14.7768055555556,0,13319871.0,19036459.0,6890339.0,1
690,2020-01-04 03:12:00,58.60000000000002,1,1,32073.75141666574,22134805.0,9239698.0,14.8237777777778,0,13461135.0,19241269.0,6952115.0,1
690,2020-01-04 03:13:00,57.60000000000002,1,1,32161.85574999894,22166122.0,9256234.0,14.8348333333334,0,13489911.0,19289810.0,6964400.0,1
690,2020-01-04 03:14:00,54.20000000000002,1,1,32560.82655555454,22333172.0,9327787.0,14.9350555555556,0,13675647.0,19585439.0,7039163.0,1
690,2020-01-04 03:15:00,49.80000000000001,1,1,32982.47891666574,22506579.0,9445112.0,14.9911944444444,0,13865391.0,19853255.0,7124989.0,1
690,2020-01-04 03:16:00,42.80000000000001,1,1,34001.637999998944,22865067.0,9616868.0,15.1190555555556,0,14253159.0,20401648.0,7293131.0,1
690,2020-01-04 03:17:00,41.19999999999999,1,1,34155.183472221346,22953090.0,9658638.0,15.1264166666666,0,14330295.0,20446904.0,7330975.0,1
690,2020-01-04 03:18:00,41.0,1,1,34155.183472221346,22957822.0,9678333.0,15.1264166666666,0,14330295.0,20446957.0,7348200.0,1
690,2020-01-04 03:19:00,35.0,1,1,34821.10774999895,23446518.0,9845084.0,15.2130277777778,0,14698587.0,20702549.0,7580615.0,1
690,2020-01-04 03:20:00,30.80000000000001,1,1,35312.66858333235,23900998.0,10016411.0,15.2629166666666,0,14975343.0,20955449.0,7710914.0,1
690,2020-01-04 03:21:00,30.0,1,1,35389.12797222135,23959303.0,10038056.0,15.2791666666666,0,15021688.0,20968466.0,7722913.0,1
690,2020-01-04 03:22:00,20.400000000000038,1,1,35475.023611110155,24037810.0,10183448.0,15.2812777777778,0,15052432.0,21053687.0,7772391.0,1
690,2020-01-04 03:23:00,14.199999999999989,1,1,35713.169305554555,24277296.0,10472880.0,15.3228055555556,0,15149333.0,21177848.0,7843657.0,1
690,2020-01-04 03:24:00,10.800000000000011,1,1,35960.33527777676,24516717.0,10629543.0,15.4165,0,15239105.0,21272274.0,7977947.0,1
690,2020-01-04 03:25:00,6.600000000000023,1,1,36234.15844444342,24746271.0,10829522.0,15.492305555555555,0,15366281.0,21414191.0,8120076.0,1
690,2020-01-04 03:26:00,4.400000000000034,1,1,36345.59363888786,25039954.0,10953490.0,15.492305555555555,0,15463793.0,21448231.0,8240768.0,1
690,2020-01-04 03:27:00,4.199999999999989,1,1,36345.829999998976,25039954.0,10986328.0,15.492305555555555,0,15463793.0,21448544.0,8242367.0,1
690,2020-01-04 03:28:00,1.6000000000000227,1,1,36570.4896111101,25246655.0,11144044.0,15.498833333333334,0,15588929.0,21500925.0,8329688.0,1
721,2020-01-04 05:11:00,472.0,1,0,5.645527777777719,33046.0,267189.0,0.0,1,1369.0,13437.0,74087.0,1
721,2020-01-04 05:12:00,469.0,1,0,173.96422222222313,175540.0,413179.0,0.00575,1,100909.0,68189.0,153738.0,1
721,2020-01-04 05:13:00,468.8,1,0,173.96422222222313,175540.0,415519.0,0.00575,1,100909.0,68214.0,153738.0,1
721,2020-01-04 05:14:00,457.0,1,0,820.1272222222312,500488.0,787761.0,0.0113055555555556,1,458317.0,249944.0,379093.0,1
721,2020-01-04 05:15:00,455.4,1,0,949.8427499999912,540204.0,851916.0,0.0113055555555556,1,507169.0,279460.0,404210.0,1
721,2020-01-04 05:16:00,451.0,1,0,1211.0811666666712,696451.0,963431.0,0.0113055555555556,1,620413.0,356020.0,480221.0,1
721,2020-01-04 05:17:00,445.0,1,0,1591.508166666671,879348.0,1153062.0,0.0113055555555556,1,814513.0,444784.0,586782.0,1
721,2020-01-04 05:18:00,437.4,1,0,2092.352194444451,1340666.0,1367224.0,0.021638888888889,1,1085641.0,570336.0,742977.0,1
721,2020-01-04 05:19:00,433.6,1,0,2350.647750000011,1748645.0,1505752.0,0.021638888888889,1,1237321.0,637349.0,833756.0,1
721,2020-01-04 05:20:00,431.2,1,0,2527.8764444444514,1964211.0,1609648.0,0.021638888888889,1,1331293.0,680753.0,931777.0,1
721,2020-01-04 05:21:00,420.0,1,0,3222.6171111110702,3286377.0,2060995.0,0.021638888888889,1,1725289.0,874371.0,1321660.0,1
721,2020-01-04 05:22:00,415.4,1,0,3543.9669444444708,4448058.0,2283841.0,0.021638888888889,1,1975921.0,961747.0,1455184.0,1
721,2020-01-04 05:23:00,413.6,1,0,3651.448750000072,4776036.0,2379625.0,0.0262777777777778,1,2046409.0,990399.0,1561953.0,1
721,2020-01-04 05:24:00,413.0,1,0,3723.498638888871,4992421.0,2429623.0,0.0262777777777778,1,2095177.0,1007327.0,1616917.0,1
721,2020-01-04 05:25:00,409.4,1,0,3935.013333333271,5745368.0,2625910.0,0.0331111111111116,1,2288918.0,1081163.0,1927344.0,1
721,2020-01-04 05:26:00,399.6,1,0,4527.271583333272,6649830.0,3065401.0,0.0331111111111116,1,2670314.0,1258521.0,2291396.0,1
721,2020-01-04 05:27:00,393.2,1,0,4857.510500000072,6953575.0,3238614.0,0.0331111111111116,1,2877254.0,1351373.0,2359165.0,1
721,2020-01-04 05:28:00,386.8,1,0,5294.755361111072,7148614.0,3422356.0,0.0331111111111116,1,3114039.0,1467913.0,2477088.0,1
721,2020-01-04 05:29:00,384.6,1,0,5498.313750000072,7248207.0,3481091.0,0.0331111111111116,1,3211996.0,1521165.0,2522095.0,1
721,2020-01-04 05:30:00,382.4,1,0,5643.724250000072,7293655.0,3545038.0,0.0331111111111116,1,3281968.0,1555157.0,2556896.0,1
721,2020-01-04 05:31:00,375.8,1,0,6140.641444444472,7443246.0,3697424.0,0.0338888888888896,1,3489760.0,1659550.0,2638965.0,1
721,2020-01-04 05:32:00,373.8,1,0,6340.386222222272,7486562.0,3753480.0,0.0338888888888896,1,3567280.0,1697514.0,2676938.0,1
721,2020-01-04 05:33:00,372.2,1,0,6442.031222222271,7605915.0,3814216.0,0.0338888888888896,1,3630484.0,1729432.0,2692252.0,1
721,2020-01-04 05:34:00,372.0,1,0,6442.031222222271,7605915.0,3814217.0,0.0338888888888896,1,3630484.0,1729432.0,2692253.0,1
721,2020-01-04 05:35:00,365.6,1,0,6866.312361111152,7957695.0,4074581.0,0.0338888888888896,1,3877756.0,1821544.0,2758878.0,1
721,2020-01-04 05:36:00,365.0,1,0,6921.090277777831,7968615.0,4098345.0,0.0338888888888896,1,3907661.0,1830852.0,2770149.0,1
721,2020-01-04 05:37:00,364.2,1,0,6968.780583333392,8012932.0,4116909.0,0.0338888888888896,1,3935417.0,1839764.0,2796058.0,1
721,2020-01-04 05:38:00,363.2,1,0,7044.108611111152,8046901.0,4146783.0,0.0338888888888896,1,3972725.0,1852501.0,2804534.0,1
721,2020-01-04 05:39:00,362.6,1,0,7097.726472222272,8110719.0,4171276.0,0.0338888888888896,1,4007849.0,1865008.0,2820654.0,1
721,2020-01-04 05:40:00,361.8,1,0,7155.792805555611,8139111.0,4188839.0,0.0338888888888896,1,4024337.0,1874888.0,2828207.0,1
721,2020-01-04 05:41:00,361.4,1,0,7211.424250000051,8177514.0,4206376.0,0.0338888888888896,1,4053461.0,1883653.0,2834330.0,1
721,2020-01-04 05:42:00,354.79999999999995,1,0,7631.8677222222705,8711658.0,4440493.0,0.0338888888888896,1,4341197.0,1966980.0,3035934.0,1
721,2020-01-04 05:43:00,354.2,1,0,7681.64444444449,8948467.0,4459889.0,0.0338888888888896,1,4377293.0,1980229.0,3064079.0,1
721,2020-01-04 05:44:00,347.79999999999995,1,0,7973.788722222272,9421355.0,4588551.0,0.0338888888888896,1,4598789.0,2041195.0,3155105.0,1
721,2020-01-04 05:45:00,346.79999999999995,1,0,8050.878444444491,9511380.0,4625471.0,0.0338888888888896,1,4665677.0,2057251.0,3178804.0,1
721,2020-01-04 05:46:00,340.4,1,0,8491.420722222272,10203643.0,4864437.0,0.0338888888888896,1,4982622.0,2155347.0,3389274.0,1
721,2020-01-04 05:47:00,339.2,1,0,8596.022472222272,10275663.0,4899174.0,0.0338888888888896,1,5046943.0,2177985.0,3427975.0,1
721,2020-01-04 05:48:00,336.4,1,0,8756.023972222272,10483858.0,4992151.0,0.0338888888888896,1,5194015.0,2211445.0,3496706.0,1
721,2020-01-04 05:49:00,335.79999999999995,1,0,8808.499583333472,10534987.0,5046764.0,0.0338888888888896,1,5254927.0,2221886.0,3540738.0,1
721,2020-01-04 05:51:00,329.4,1,0,9247.303972222271,11015571.0,5252711.0,0.0338888888888896,1,5532872.0,2311530.0,3737207.0,1
721,2020-01-04 05:52:00,325.2,1,0,9529.81944444447,11253978.0,5385688.0,0.0338888888888896,1,5678901.0,2368967.0,3825335.0,1
721,2020-01-04 05:53:00,316.2,1,0,10075.486166666671,11675803.0,5695556.0,0.0338888888888896,1,5967033.0,2488859.0,4029513.0,1
721,2020-01-04 05:54:00,311.4,1,0,10386.87819444447,11798809.0,5805406.0,0.0338888888888896,1,6132405.0,2555469.0,4099258.0,1
721,2020-01-04 05:55:00,310.4,1,0,10495.229638888872,11831738.0,5851998.0,0.0338888888888896,1,6171441.0,2578817.0,4145227.0,1
721,2020-01-04 05:56:00,309.4,1,0,10508.091305555672,11863185.0,5864712.0,0.0338888888888896,1,6177273.0,2584235.0,4160307.0,1
721,2020-01-04 05:57:00,303.79999999999995,1,0,10926.115944444471,12078335.0,6026718.0,0.0338888888888896,1,6355714.0,2670395.0,4292036.0,1
721,2020-01-04 05:58:00,300.2,1,0,11196.811944444473,12172819.0,6146812.0,0.0338888888888896,1,6459766.0,2729551.0,4354007.0,1
721,2020-01-04 05:59:00,298.4,1,0,11325.401138888872,12217149.0,6235914.0,0.0338888888888896,1,6505594.0,2759724.0,4404824.0,1
721,2020-01-04 06:00:00,296.0,1,0,11394.722583333316,12271788.0,6310886.0,0.0338888888888896,1,6564742.0,2787252.0,4450181.0,1
721,2020-01-04 06:01:00,290.0,1,0,11935.290777777753,12490423.0,6565114.0,0.0338888888888896,1,6787678.0,2908245.0,4596016.0,1
721,2020-01-04 06:02:00,284.0,1,0,12469.002305555532,12845349.0,6874683.0,0.0338888888888896,1,7010494.0,3027170.0,4746946.0,1
721,2020-01-04 06:03:00,277.79999999999995,1,0,12874.673416666652,13080961.0,7083060.0,0.0338888888888896,1,7207703.0,3119002.0,4828743.0,1
721,2020-01-04 06:04:00,273.0,1,0,13302.897527777772,13304041.0,7298847.0,0.0338888888888896,1,7375067.0,3202646.0,4969637.0,1
721,2020-01-04 06:05:00,268.6,1,0,13692.494222222273,13631290.0,7496148.0,0.0338888888888896,1,7564019.0,3281206.0,5090135.0,1
721,2020-01-04 06:06:00,268.0,1,0,13706.740916666671,13643355.0,7512866.0,0.0338888888888896,1,7572503.0,3284675.0,5092813.0,1
721,2020-01-04 06:07:00,262.0,1,0,14215.090166666672,13952093.0,7767289.0,0.0338888888888896,1,7792943.0,3394443.0,5305195.0,1
721,2020-01-04 06:08:00,256.0,1,0,14660.444055555472,14223794.0,8083046.0,0.0338888888888896,1,7997915.0,3485977.0,5547568.0,1
721,2020-01-04 06:09:00,249.8,1,0,15145.529944444472,14373307.0,8337794.0,0.0338888888888896,1,8181563.0,3586165.0,5708079.0,1
721,2020-01-04 06:10:00,245.4,1,0,15477.872972222272,14519701.0,8472539.0,0.0338888888888896,1,8308248.0,3656446.0,5784272.0,1
721,2020-01-04 06:11:00,240.8,1,0,15800.205638888872,14775697.0,8649482.0,0.0338888888888896,1,8510652.0,3747502.0,5888078.0,1
721,2020-01-04 06:12:00,235.8,1,0,16140.657166666671,14936676.0,8858327.0,0.035333333333334,1,8710980.0,3836443.0,5955431.0,1
721,2020-01-04 06:13:00,235.6,1,0,16141.115277777782,14936793.0,8875201.0,0.035333333333334,1,8711232.0,3836819.0,5957238.0,1
721,2020-01-04 06:14:00,230.2,1,0,16356.284861111111,15032161.0,9024220.0,0.035333333333334,1,8888916.0,3890195.0,6068635.0,1
721,2020-01-04 06:15:00,224.0,1,0,16809.38997222223,15492439.0,9272585.0,0.07,1,9230388.0,3997668.0,6226611.0,1
721,2020-01-04 06:16:00,220.4,1,0,17045.13580555555,15892618.0,9437412.0,0.07,1,9396096.0,4050120.0,6284799.0,1
721,2020-01-04 06:17:00,220.0,1,0,17046.61975000001,15900925.0,9454806.0,0.07,1,9396361.0,4050426.0,6288036.0,1
721,2020-01-04 06:18:00,219.8,1,0,17047.61975000001,15907594.0,9458186.0,0.07,1,9396361.0,4050426.0,6288037.0,1
721,2020-01-04 06:19:00,219.6,1,0,17048.517888888888,15925950.0,9487137.0,0.07,1,9396769.0,4050878.0,6301115.0,1
721,2020-01-04 06:20:00,219.0,1,0,17068.823722222227,15948232.0,9525565.0,0.07,1,9411793.0,4057838.0,6315480.0,1
721,2020-01-04 06:21:00,218.8,1,0,17069.906666666666,15965847.0,9537083.0,0.07,1,9412154.0,4058261.0,6335344.0,1
721,2020-01-04 06:22:00,217.0,1,0,17210.689888888886,16120274.0,9615382.0,0.080694444444446,1,9526802.0,4089534.0,6390230.0,1
721,2020-01-04 06:23:00,216.2,1,0,17252.026500000007,16141438.0,9654317.0,0.080694444444446,1,9568922.0,4102590.0,6403594.0,1
721,2020-01-04 06:24:00,211.4,1,0,17474.261111111107,16475408.0,9838267.0,0.085361111111112,1,9721502.0,4150530.0,6507074.0,1
721,2020-01-04 06:25:00,211.2,1,0,17475.901194444446,16475409.0,9854647.0,0.085361111111112,1,9721526.0,4151139.0,6507074.0,1
721,2020-01-04 06:26:00,204.6,1,0,17843.151888888886,17444729.0,10158028.0,0.09038888888889,1,10065086.0,4234051.0,6654533.0,1
721,2020-01-04 06:27:00,198.6,1,0,18190.988888888867,18715102.0,10521495.0,0.09725,1,10368266.0,4315379.0,6939766.0,1
721,2020-01-04 06:28:00,193.0,1,0,18515.42905555547,19695536.0,10915291.0,0.101472222222222,1,10635242.0,4396044.0,7491343.0,1
721,2020-01-04 06:29:00,190.2,1,0,18678.375861111068,20212481.0,11082744.0,0.10375,1,10763798.0,4436724.0,7592119.0,1
721,2020-01-04 06:30:00,183.8,1,0,18919.688416666628,20876924.0,11404286.0,0.1127777777777778,1,10974914.0,4502652.0,7809467.0,1
721,2020-01-04 06:31:00,178.0,1,0,19320.065833333287,21639075.0,11686789.0,0.1127777777777778,1,11233550.0,4587189.0,8096403.0,1
721,2020-01-04 06:32:00,176.39999999999998,1,0,19399.358722222183,21707039.0,11734382.0,0.1127777777777778,1,11293994.0,4603870.0,8154045.0,1
721,2020-01-04 06:33:00,176.2,1,0,19401.438222222183,21717946.0,11737788.0,0.1127777777777778,1,11294438.0,4604210.0,8168228.0,1
721,2020-01-04 06:34:00,175.2,1,0,19455.412749999945,21768906.0,11775943.0,0.1127777777777778,1,11332058.0,4615543.0,8178252.0,1
721,2020-01-04 06:35:00,175.0,1,0,19455.412749999945,21774067.0,11779583.0,0.1127777777777778,1,11332058.0,4615616.0,8210362.0,1
721,2020-01-04 06:36:00,174.8,1,0,19463.2044444444,21814705.0,11815672.0,0.1127777777777778,1,11335587.0,4617916.0,8226417.0,1
721,2020-01-04 06:37:00,171.39999999999998,1,0,19668.017555555503,21814706.0,11815672.0,0.1164722222222222,1,11335587.0,4617917.0,8226417.0,1
721,2020-01-04 06:38:00,165.39999999999998,1,0,20086.519388888824,22204381.0,12086943.0,0.1361388888888898,1,11649243.0,4715879.0,8479098.0,1
721,2020-01-04 06:39:00,161.0,1,0,20345.144749999945,22394936.0,12252082.0,0.1478055555555558,1,11834080.0,4770328.0,8590729.0,1
721,2020-01-04 06:40:00,160.8,1,0,20346.342194444383,22405635.0,12253057.0,0.1478055555555558,1,11836468.0,4770984.0,8594668.0,1
721,2020-01-04 06:41:00,160.2,1,0,20348.85558333328,22405804.0,12271517.0,0.1478055555555558,1,11837248.0,4771900.0,8597047.0,1
721,2020-01-04 06:42:00,159.59999999999997,1,0,20350.851111111064,22409457.0,12317524.0,0.1478055555555558,1,11839156.0,4773084.0,8647396.0,1
721,2020-01-04 06:43:00,153.2,1,0,20620.2651666666,22789187.0,12533220.0,0.1811388888888898,1,12027785.0,4846029.0,8777006.0,1
721,2020-01-04 06:44:00,147.2,1,0,20991.13077777772,23918900.0,12762800.0,0.1843333333333338,1,12286937.0,4934502.0,8889729.0,1
721,2020-01-04 06:45:00,144.0,1,0,21241.15808333328,24699186.0,12993004.0,0.2448611111111118,1,12454361.0,4984292.0,9018611.0,1
721,2020-01-04 06:46:00,140.39999999999998,1,0,21475.771416666543,25380737.0,13203293.0,0.2514999999999998,1,12599249.0,5041705.0,9161599.0,1
721,2020-01-04 06:47:00,138.8,1,0,21568.29402777774,25599735.0,13300936.0,0.2626111111111118,1,12671681.0,5060931.0,9217096.0,1
721,2020-01-04 06:48:00,138.2,1,0,21613.851472222144,25781254.0,13380769.0,0.2638055555555558,1,12696581.0,5069015.0,9266782.0,1
721,2020-01-04 06:49:00,132.2,1,0,21961.233666666543,27488544.0,13764542.0,0.2700555555555558,1,12967169.0,5142856.0,9711109.0,1
721,2020-01-04 06:50:00,132.0,1,0,21963.438166666543,27491469.0,13819364.0,0.2700555555555558,1,12967565.0,5144265.0,9720898.0,1
721,2020-01-04 06:51:00,131.8,1,0,21963.438166666543,27491469.0,13819364.0,0.2700555555555558,1,12967566.0,5144268.0,9720898.0,1
721,2020-01-04 06:52:00,125.2,1,0,22320.080166666543,29165375.0,14234727.0,0.2843888888888892,1,13297363.0,5229621.0,10216419.0,1
721,2020-01-04 06:53:00,119.2,1,0,22690.951333333203,30960701.0,14574002.0,0.2843888888888892,1,13667107.0,5315534.0,10517396.0,1
721,2020-01-04 06:54:00,113.2,1,0,23138.83399999988,32460355.0,14913238.0,0.2977222222222218,1,14005243.0,5411447.0,10689179.0,1
721,2020-01-04 06:55:00,112.0,1,0,23208.7385833332,32627015.0,14965693.0,0.2977222222222218,1,14093419.0,5426496.0,10696316.0,1
721,2020-01-04 06:56:00,106.2,1,0,23589.8123333332,33496442.0,15169325.0,0.298083333333333,1,14335207.0,5512244.0,10844179.0,1
721,2020-01-04 06:57:00,101.0,1,0,23893.1010833332,34394223.0,15360010.0,0.3001111111111106,1,14588335.0,5579896.0,10987309.0,1
721,2020-01-04 06:58:00,95.0,1,0,24287.97572222208,35010202.0,15621297.0,0.3067499999999996,1,14879215.0,5675345.0,11233594.0,1
721,2020-01-04 06:59:00,88.80000000000001,1,0,24659.01444444432,35417830.0,15741794.0,0.3530277777777778,1,15149731.0,5747849.0,11271997.0,1
721,2020-01-04 07:00:00,88.39999999999998,1,0,24716.61647222208,35455595.0,15756510.0,0.3530277777777778,1,15187183.0,5755950.0,11275949.0,1
721,2020-01-04 07:01:00,87.39999999999998,1,0,24786.23761111098,35491644.0,15776089.0,0.3530277777777778,1,15230923.0,5767574.0,11281370.0,1
721,2020-01-04 07:02:00,87.19999999999999,1,0,24788.18466666654,35493972.0,15789154.0,0.3530277777777778,1,15231307.0,5768954.0,11291497.0,1
721,2020-01-04 07:03:00,81.19999999999999,1,0,24956.16147222208,35676219.0,15867856.0,0.3885833333333338,1,15359491.0,5805551.0,11316366.0,1
721,2020-01-04 07:04:00,75.80000000000001,1,0,25334.4787499998,36267343.0,16006592.0,0.3938055555555558,1,15626515.0,5884507.0,11399007.0,1
721,2020-01-04 07:05:00,72.59999999999997,1,0,25589.507972222003,36690363.0,16136371.0,0.4068333333333338,1,15802796.0,5936364.0,11533427.0,1
721,2020-01-04 07:06:00,71.80000000000001,1,0,25625.683805555404,36813421.0,16181871.0,0.4068333333333338,1,15835592.0,5942900.0,11571751.0,1
721,2020-01-04 07:07:00,71.59999999999997,1,0,25636.168722222,36862835.0,16186291.0,0.4068333333333338,1,15842553.0,5945397.0,11573779.0,1
721,2020-01-04 07:08:00,71.39999999999998,1,0,25649.586416666603,36870726.0,16191322.0,0.4068333333333338,1,15854529.0,5947533.0,11576756.0,1
721,2020-01-04 07:09:00,70.39999999999998,1,0,25713.980861111,36980706.0,16227358.0,0.4074444444444438,1,15894358.0,5958338.0,11588807.0,1
721,2020-01-04 07:10:00,67.39999999999998,1,0,25927.0557777776,37298998.0,16406096.0,0.4080277777777778,1,16043110.0,6002443.0,11694107.0,1
721,2020-01-04 07:11:00,61.39999999999998,1,0,26408.919361111,38651739.0,16667370.0,0.4135277777777778,1,16379518.0,6083715.0,11827305.0,1
721,2020-01-04 07:12:00,52.0,1,0,26656.1921388888,39225468.0,17152725.0,0.4599999999999998,1,16530634.0,6158612.0,11989025.0,1
721,2020-01-04 07:13:00,29.399999999999977,1,0,27762.7677499998,41995261.0,18038883.0,0.4599999999999998,1,17177375.0,6561756.0,12836911.0,1
721,2020-01-04 07:14:00,28.0,1,0,27762.7677499998,41995262.0,18043030.0,0.4599999999999998,1,17177376.0,6561920.0,12836911.0,1
721,2020-01-04 07:15:00,16.0,1,0,28484.659361111,42937528.0,18360451.0,0.4599999999999998,1,17553888.0,6798344.0,13053946.0,1
721,2020-01-04 07:16:00,15.800000000000011,1,0,28485.659361111,42937528.0,18360451.0,0.4599999999999998,1,17553888.0,6798344.0,13053946.0,1
721,2020-01-04 07:17:00,12.800000000000011,1,0,28607.4239166666,43146321.0,18435903.0,0.4599999999999998,1,17630941.0,6836965.0,13095702.0,1
721,2020-01-04 07:18:00,12.599999999999966,1,0,28607.4239166666,43148479.0,18436255.0,0.4599999999999998,1,17630941.0,6837013.0,13097197.0,1
721,2020-01-04 07:19:00,10.0,1,0,28775.0006388888,43387861.0,18557454.0,0.4599999999999998,1,17711953.0,6898558.0,13203069.0,1
775,2020-01-04 11:43:00,448.4,1,0,433.2054166666622,1001390.0,666654.0,0.0159444444444444,0,415044.0,132717.0,492037.0,1
775,2020-01-04 11:44:00,443.0,1,0,561.9806944444422,1444222.0,1070564.0,0.0159444444444444,0,529680.0,187750.0,774423.0,1
775,2020-01-04 11:45:00,438.0,1,0,725.1372222222222,1821456.0,1406965.0,0.020888888888888,0,673380.0,250711.0,896805.0,1
775,2020-01-04 11:46:00,435.0,1,0,806.3827222222222,1992185.0,1675975.0,0.020888888888888,0,749976.0,283075.0,1004549.0,1
775,2020-01-04 11:47:00,431.8,1,0,989.2626388888822,2290847.0,1863461.0,0.020888888888888,0,892045.0,330895.0,1137994.0,1
775,2020-01-04 11:48:00,426.2,1,0,1256.5353055555622,3069157.0,2355329.0,0.020888888888888,0,1100977.0,425008.0,1480440.0,1
775,2020-01-04 11:49:00,424.0,1,0,1366.4428055555622,3379155.0,2492986.0,0.020888888888888,0,1203050.0,459676.0,1575327.0,1
775,2020-01-04 11:50:00,423.6,1,0,1386.734361111102,3487952.0,2510289.0,0.020888888888888,0,1222275.0,467352.0,1630526.0,1
775,2020-01-04 11:51:00,418.0,1,0,1698.939750000002,4749213.0,3027494.0,0.020888888888888,0,1504551.0,553336.0,2349062.0,1
775,2020-01-04 11:52:00,417.2,1,0,1726.5534444444422,4942914.0,3117025.0,0.020888888888888,0,1542279.0,560732.0,2397292.0,1
775,2020-01-04 11:53:00,411.0,1,0,2131.143222222222,6738943.0,4914041.0,0.020888888888888,0,1966923.0,651785.0,4012854.0,1
775,2020-01-04 11:54:00,407.8,1,0,2324.346861111022,7628533.0,6553016.0,0.020888888888888,0,2145412.0,702519.0,6197505.0,1
775,2020-01-04 11:55:00,407.4,1,0,2352.0009166666223,7796129.0,7087277.0,0.020888888888888,0,2172316.0,708504.0,6437095.0,1
775,2020-01-04 11:56:00,404.8,1,0,2545.0801111110222,8763486.0,7437848.0,0.020888888888888,0,2324021.0,752145.0,7220631.0,1
775,2020-01-04 11:57:00,398.4,1,0,3005.8973611110223,10859411.0,8334224.0,0.020888888888888,0,2756729.0,863493.0,8839899.0,1
775,2020-01-04 11:58:00,397.4,1,0,3065.017583333422,10949658.0,8503536.0,0.020888888888888,0,2816418.0,874689.0,8896488.0,1
775,2020-01-04 11:59:00,391.8,1,0,3334.4684722222223,11798286.0,8909643.0,0.020888888888888,0,3088615.0,924722.0,9214403.0,1
775,2020-01-04 12:00:00,391.6,1,0,3334.4684722222223,11798286.0,8929065.0,0.020888888888888,0,3088615.0,924762.0,9214403.0,1
775,2020-01-04 12:01:00,385.8,1,0,3677.0640833334223,12645457.0,9279844.0,0.024555555555556,0,3405283.0,1000778.0,9653088.0,1
775,2020-01-04 12:02:00,384.4,1,0,3796.592222222222,12742593.0,9340008.0,0.024555555555556,0,3502327.0,1023219.0,9710224.0,1
775,2020-01-04 12:03:00,384.2,1,0,3801.026638888822,12752565.0,9351969.0,0.024555555555556,0,3506839.0,1026059.0,9713279.0,1
775,2020-01-04 12:04:00,382.2,1,0,3935.2572777778223,12984225.0,9546072.0,0.024555555555556,0,3601759.0,1060064.0,9781633.0,1
775,2020-01-04 12:05:00,376.0,1,0,4450.315388888822,13487533.0,9902376.0,0.024555555555556,0,4026919.0,1145646.0,9992935.0,1
775,2020-01-04 12:06:00,375.8,1,0,4471.583694444422,13508970.0,9902377.0,0.024555555555556,0,4042436.0,1149711.0,9992935.0,1
775,2020-01-04 12:07:00,373.2,1,0,4640.576361111022,13665607.0,10094361.0,0.024555555555556,0,4189064.0,1169352.0,10107608.0,1
775,2020-01-04 12:08:00,368.0,1,0,4957.935777777682,14182422.0,10452811.0,0.024555555555556,0,4463324.0,1226269.0,10415214.0,1
775,2020-01-04 12:17:00,349.6,1,0,6224.581444444363,16245485.0,11641351.0,0.0321944444444448,0,5502310.0,1461502.0,11245928.0,1
775,2020-01-04 12:18:00,349.2,1,0,6251.099611111024,16407764.0,11704492.0,0.0321944444444448,0,5528254.0,1467655.0,11280430.0,1
775,2020-01-04 12:19:00,344.8,1,0,6645.646277777624,17537282.0,12210348.0,0.0321944444444448,0,5860714.0,1535551.0,12208409.0,1
775,2020-01-04 12:20:00,342.4,1,0,6787.636055555424,18228375.0,12446272.0,0.0321944444444448,0,6021418.0,1572435.0,12827222.0,1
775,2020-01-04 12:21:00,340.2,1,0,6900.574555555424,18589333.0,12689775.0,0.0321944444444448,0,6170878.0,1599563.0,13043126.0,1
775,2020-01-04 12:22:00,339.8,1,0,6918.539111111024,18700106.0,12736965.0,0.0321944444444448,0,6197842.0,1615272.0,13093228.0,1
775,2020-01-04 12:23:00,335.4,1,0,7240.063166666624,20465467.0,13651840.0,0.0366944444444448,0,6477443.0,1696868.0,14266686.0,1
775,2020-01-04 12:24:00,333.2,1,0,7431.276611111024,21234014.0,14251881.0,0.0366944444444448,0,6645215.0,1748981.0,15012886.0,1
775,2020-01-04 12:25:00,328.4,1,0,7817.401805555424,22416000.0,14606144.0,0.0366944444444448,0,7007639.0,1822738.0,15565464.0,1
775,2020-01-04 12:26:00,328.2,1,0,7817.401805555424,22416000.0,14607444.0,0.0366944444444448,0,7007639.0,1822738.0,15565464.0,1
775,2020-01-04 12:27:00,327.6,1,0,7821.074138888824,22446927.0,14708181.0,0.0366944444444448,0,7009500.0,1824795.0,15575344.0,1
775,2020-01-04 12:28:00,324.6,1,0,7985.518805555424,22928682.0,15060065.0,0.0366944444444448,0,7166100.0,1863812.0,15904231.0,1
775,2020-01-04 12:29:00,319.0,1,0,8265.518138888823,23607205.0,15598773.0,0.0366944444444448,0,7360488.0,1929608.0,16373609.0,1
775,2020-01-04 12:30:00,314.2,1,0,8584.620361111023,23960857.0,16128601.0,0.0366944444444448,0,7584648.0,1986249.0,16669580.0,1
775,2020-01-04 12:31:00,306.8,1,0,9116.785472222144,24398269.0,16541208.0,0.0366944444444448,0,7927236.0,2089714.0,16956373.0,1
775,2020-01-04 12:32:00,306.6,1,0,9150.945055555463,24412453.0,16564127.0,0.0366944444444448,0,7945981.0,2095014.0,16961547.0,1
775,2020-01-04 12:33:00,306.4,1,0,9173.057833333243,24416431.0,16574293.0,0.0366944444444448,0,7955509.0,2098123.0,16973702.0,1
775,2020-01-04 12:34:00,303.0,1,0,9534.357722222145,24778196.0,16715408.0,0.0366944444444448,0,8177869.0,2156544.0,17203555.0,1
775,2020-01-04 12:35:00,297.4,1,0,9861.721611111025,25189022.0,17031412.0,0.0366944444444448,0,8437213.0,2223604.0,17420252.0,1
775,2020-01-04 12:36:00,291.0,1,0,10372.234611111024,25716367.0,17358167.0,0.0366944444444448,0,8802301.0,2307617.0,17781106.0,1
775,2020-01-04 12:37:00,290.4,1,0,10435.279972222144,25785137.0,17406488.0,0.0366944444444448,0,8848609.0,2320721.0,17830675.0,1
775,2020-01-04 12:38:00,288.2,1,0,10464.817111111024,25848837.0,17449648.0,0.0366944444444448,0,8866681.0,2328473.0,17857559.0,1
775,2020-01-04 12:39:00,282.2,1,0,10793.450277777623,26778805.0,17868730.0,0.0366944444444448,0,9133777.0,2400686.0,18386529.0,1
775,2020-01-04 12:40:00,276.4,1,0,11110.625333333224,27890591.0,18486321.0,0.0366944444444448,0,9473161.0,2492182.0,18914251.0,1
775,2020-01-04 12:41:00,271.2,1,0,11407.552638888825,29267434.0,18931480.0,0.0366944444444448,0,9749389.0,2567955.0,19411176.0,1
775,2020-01-04 12:42:00,265.0,1,0,11667.802944444426,30166605.0,19510539.0,0.0366944444444448,0,9995965.0,2624411.0,19939457.0,1
775,2020-01-04 12:43:00,263.2,1,0,11709.334583333226,30244345.0,19634195.0,0.0366944444444448,0,10035457.0,2638183.0,20025478.0,1
775,2020-01-04 12:44:00,260.0,1,0,11754.141194444426,30451085.0,19848838.0,0.0366944444444448,0,10070989.0,2650692.0,20225561.0,1
775,2020-01-04 12:45:00,259.8,1,0,11772.546944444426,30521923.0,19864634.0,0.0366944444444448,0,10091677.0,2654965.0,20252510.0,1
775,2020-01-04 12:46:00,256.2,1,0,11971.551944444423,31762072.0,20270481.0,0.0366944444444448,0,10231046.0,2699798.0,20916056.0,1
775,2020-01-04 12:47:00,254.4,1,0,12045.250138888823,32191982.0,20447516.0,0.0366944444444448,0,10292726.0,2721475.0,21221114.0,1
775,2020-01-04 12:48:00,254.0,1,0,12085.566166666626,32351778.0,20500842.0,0.0366944444444448,0,10325714.0,2728663.0,21311334.0,1
775,2020-01-04 12:49:00,252.0,1,0,12126.120666666626,32548442.0,20669530.0,0.0366944444444448,0,10375190.0,2739184.0,21419273.0,1
775,2020-01-04 12:50:00,251.8,1,0,12134.009777777626,32588664.0,20692488.0,0.0366944444444448,0,10382534.0,2740976.0,21419507.0,1
775,2020-01-04 12:51:00,251.6,1,0,12134.61997222207,32588665.0,20700132.0,0.0366944444444448,0,10382618.0,2741101.0,21419507.0,1
775,2020-01-04 12:52:00,250.6,1,0,12170.597055555403,32640392.0,20794382.0,0.0366944444444448,0,10417335.0,2750773.0,21510651.0,1
775,2020-01-04 12:53:00,250.0,1,0,12213.80536111096,32741051.0,20852024.0,0.0366944444444448,0,10445271.0,2761778.0,21593786.0,1
775,2020-01-04 12:54:00,249.8,1,0,12213.80536111096,32741051.0,20852024.0,0.0366944444444448,0,10445271.0,2761779.0,21593786.0,1
775,2020-01-04 12:55:00,245.2,1,0,12477.497194444284,33174159.0,21312783.0,0.0366944444444448,0,10711599.0,2801959.0,21984345.0,1
775,2020-01-04 12:56:00,245.0,1,0,12497.035833333184,33177371.0,21312783.0,0.0366944444444448,0,10718727.0,2802120.0,21984345.0,1
775,2020-01-04 12:57:00,243.0,1,0,12591.301777777624,33614405.0,21481341.0,0.0366944444444448,0,10840911.0,2822107.0,22646734.0,1
775,2020-01-04 12:58:00,237.8,1,0,12910.139222222064,34139852.0,21873460.0,0.0366944444444448,0,11126871.0,2900112.0,23050319.0,1
775,2020-01-04 12:59:00,235.8,1,0,13067.981499999843,34376830.0,22015147.0,0.0366944444444448,0,11237943.0,2934605.0,23148560.0,1
775,2020-01-04 13:00:00,235.0,1,0,13069.271444444284,34379781.0,22036182.0,0.0366944444444448,0,11238843.0,2934978.0,23154918.0,1
775,2020-01-04 13:01:00,229.0,1,0,13324.151722222065,34701206.0,22395723.0,0.0366944444444448,0,11448699.0,2992266.0,23401802.0,1
775,2020-01-04 13:02:00,225.4,1,0,13416.437666666505,34837082.0,22528518.0,0.0366944444444448,0,11531463.0,3015566.0,23498041.0,1
775,2020-01-04 13:03:00,225.2,1,0,13434.649972222063,34866709.0,22533030.0,0.0366944444444448,0,11544675.0,3018450.0,23500108.0,1
775,2020-01-04 13:04:00,221.8,1,0,13539.404833333185,35202643.0,22682764.0,0.0366944444444448,0,11612799.0,3044892.0,23625792.0,1
775,2020-01-04 13:05:00,221.6,1,0,13539.404833333185,35202643.0,22693632.0,0.0366944444444448,0,11612799.0,3045016.0,23625792.0,1
775,2020-01-04 13:06:00,219.0,1,0,13672.776333333182,35563952.0,22767797.0,0.0366944444444448,0,11730291.0,3073458.0,23698202.0,1
775,2020-01-04 13:07:00,218.4,1,0,13672.988416666522,35568515.0,22780290.0,0.0366944444444448,0,11730411.0,3073547.0,23702272.0,1
775,2020-01-04 13:08:00,215.4,1,0,13843.34613888874,35982734.0,22862737.0,0.0366944444444448,0,11894067.0,3101672.0,23904214.0,1
775,2020-01-04 13:09:00,213.8,1,0,13908.51422222206,36159482.0,22892455.0,0.0366944444444448,0,11944600.0,3115713.0,23969630.0,1
775,2020-01-04 13:10:00,213.6,1,0,13917.73447222206,36170285.0,22904702.0,0.0366944444444448,0,11953493.0,3116850.0,23969630.0,1
775,2020-01-04 13:11:00,207.0,1,0,14132.54252777762,36586636.0,23095672.0,0.0366944444444448,0,12175842.0,3156446.0,24274467.0,1
775,2020-01-04 13:12:00,202.4,1,0,14301.228861111022,37363347.0,23253362.0,0.0366944444444448,0,12336078.0,3201050.0,24464423.0,1
775,2020-01-04 13:13:00,201.6,1,0,14320.818888888822,37486067.0,23299851.0,0.0366944444444448,0,12362982.0,3206607.0,24542931.0,1
775,2020-01-04 13:14:00,195.6,1,0,14600.72752777762,38387617.0,23604818.0,0.0366944444444448,0,12670758.0,3266735.0,25159534.0,1
775,2020-01-04 13:15:00,191.6,1,0,14778.30230555542,39118958.0,23837648.0,0.0366944444444448,0,12823770.0,3303728.0,25774538.0,1
775,2020-01-04 13:16:00,191.4,1,0,14778.30230555542,39118958.0,23838077.0,0.0366944444444448,0,12823771.0,3303728.0,25774538.0,1
775,2020-01-04 13:17:00,187.2,1,0,15007.46341666642,40225115.0,24241805.0,0.0366944444444448,0,13035464.0,3352364.0,26837093.0,1
775,2020-01-04 13:18:00,187.0,1,0,15007.46341666642,40227754.0,24255598.0,0.0366944444444448,0,13035464.0,3352368.0,26862755.0,1
775,2020-01-04 13:19:00,180.6,1,0,15319.04963888864,41906535.0,24562008.0,0.0366944444444448,0,13322360.0,3421893.0,27697602.0,1
775,2020-01-04 13:20:00,177.60000000000002,1,0,15336.37347222198,42026759.0,24587748.0,0.0366944444444448,0,13345760.0,3425286.0,27729374.0,1
775,2020-01-04 13:21:00,177.39999999999998,1,0,15337.68591666642,42029177.0,24594456.0,0.0366944444444448,0,13346180.0,3425635.0,27729375.0,1
775,2020-01-04 13:22:00,170.0,1,0,15365.94577777754,42212906.0,24671312.0,0.0366944444444448,0,13360305.0,3434051.0,27750916.0,1
775,2020-01-04 13:23:00,169.2,1,0,15426.22497222198,42250892.0,24739965.0,0.0366944444444448,0,13403241.0,3442700.0,27788304.0,1
775,2020-01-04 13:24:00,168.60000000000002,1,0,15452.97036111086,42340501.0,24774168.0,0.0366944444444448,0,13435125.0,3448422.0,27812862.0,1
775,2020-01-04 13:25:00,167.8,1,0,15473.551638888635,42368490.0,24859123.0,0.0366944444444448,0,13455141.0,3452831.0,27851602.0,1
775,2020-01-04 13:26:00,165.39999999999998,1,0,15651.745638888638,42675706.0,25009091.0,0.0366944444444448,0,13559493.0,3478397.0,27917694.0,1
775,2020-01-04 13:27:00,162.39999999999998,1,0,15897.207749999758,42983598.0,25187087.0,0.0366944444444448,0,13737657.0,3524862.0,28024437.0,1
775,2020-01-04 13:28:00,162.2,1,0,15958.599388888637,43005295.0,25205131.0,0.0366944444444448,0,13775829.0,3528162.0,28027297.0,1
775,2020-01-04 13:29:00,160.39999999999998,1,0,16043.926666666415,43149920.0,25308897.0,0.0366944444444448,0,13846270.0,3544042.0,28076242.0,1
775,2020-01-04 13:30:00,154.0,1,0,16610.802611110856,43950395.0,25699548.0,0.0366944444444448,0,14199922.0,3633950.0,28376464.0,1
775,2020-01-04 13:31:00,149.60000000000002,1,0,16821.836888888636,44244195.0,25918624.0,0.0366944444444448,0,14367815.0,3683748.0,28444194.0,1
775,2020-01-04 13:32:00,149.2,1,0,16825.268888888637,44247134.0,25937695.0,0.0366944444444448,0,14369543.0,3685291.0,28447431.0,1
775,2020-01-04 13:33:00,146.39999999999998,1,0,17001.524416666416,44368412.0,26061313.0,0.0366944444444448,0,14475840.0,3716943.0,28546712.0,1
775,2020-01-04 13:34:00,141.2,1,0,17278.082472222017,44860540.0,26242650.0,0.0366944444444448,0,14651448.0,3780780.0,28653455.0,1
775,2020-01-04 13:35:00,135.2,1,0,17742.312499999818,45793823.0,26493303.0,0.0399444444444448,0,15081732.0,3876417.0,29177408.0,1
775,2020-01-04 13:36:00,133.8,1,0,17873.101888888617,46048858.0,26563295.0,0.0399444444444448,0,15301176.0,3897722.0,29209310.0,1
775,2020-01-04 13:37:00,132.60000000000002,1,0,17967.945111110817,46402120.0,26685014.0,0.0399444444444448,0,15428832.0,3916947.0,29285022.0,1
775,2020-01-04 13:38:00,127.39999999999998,1,0,18482.567472221937,48654747.0,27067916.0,0.0399444444444448,0,15818461.0,4012076.0,29859882.0,1
775,2020-01-04 13:39:00,121.39999999999998,1,0,18937.866472221936,51167400.0,27499945.0,0.0399444444444448,0,16227001.0,4116752.0,31198973.0,1
775,2020-01-04 13:40:00,120.0,1,0,19067.851944444155,52198859.0,27640865.0,0.0403611111111114,0,16350889.0,4147532.0,31511871.0,1
775,2020-01-04 13:41:00,116.0,1,0,19274.85899999969,53644979.0,27839011.0,0.0403611111111114,0,16527745.0,4185386.0,31934176.0,1
775,2020-01-04 13:42:00,114.8,1,0,19350.135416666377,54010747.0,27913215.0,0.0403611111111114,0,16578998.0,4201142.0,32253937.0,1
775,2020-01-04 13:43:00,113.0,1,0,19482.49216666637,54876183.0,28063054.0,0.0403611111111114,0,16661714.0,4236386.0,32490576.0,1
775,2020-01-04 13:44:00,112.8,1,0,19483.49216666637,54879355.0,28070010.0,0.0403611111111114,0,16661714.0,4236848.0,32502693.0,1
775,2020-01-04 13:45:00,110.0,1,0,19662.649916666367,55866549.0,28285030.0,0.0403611111111114,0,16781271.0,4277032.0,32758247.0,1
775,2020-01-04 13:46:00,108.60000000000002,1,0,19746.4971388886,56211270.0,28384155.0,0.0403611111111114,0,16845591.0,4299152.0,33001594.0,1
775,2020-01-04 13:47:00,107.39999999999998,1,0,19754.792916666367,56302153.0,28397766.0,0.0403611111111114,0,16851219.0,4300568.0,33014893.0,1
775,2020-01-04 13:48:00,99.2,1,0,19823.43124999971,57014398.0,28514779.0,0.0403611111111114,0,16896159.0,4318012.0,33089487.0,1
775,2020-01-04 13:49:00,98.60000000000002,1,0,19825.547249999712,57034445.0,28550516.0,0.0403611111111114,0,16896724.0,4320000.0,33099055.0,1
775,2020-01-04 13:50:00,96.2,1,0,19913.511472221937,57533385.0,28683909.0,0.0403611111111114,0,16968412.0,4339036.0,33264441.0,1
775,2020-01-04 13:51:00,93.0,1,0,20099.799944444152,58607874.0,28882861.0,0.0403611111111114,0,17112232.0,4388793.0,33375786.0,1
775,2020-01-04 13:52:00,92.39999999999998,1,0,20135.36688888859,58706544.0,28938709.0,0.0403611111111114,0,17136616.0,4396793.0,33448391.0,1
775,2020-01-04 13:53:00,86.39999999999998,1,0,20393.33063888859,60445463.0,29282494.0,0.0403611111111114,0,17369788.0,4464749.0,33909293.0,1
775,2020-01-04 13:54:00,84.60000000000002,1,0,20570.128277777487,61510255.0,29380554.0,0.0404444444444446,0,17528848.0,4497377.0,34049459.0,1
775,2020-01-04 13:55:00,75.19999999999999,1,0,21376.3038888886,65407122.0,30054292.0,0.0586388888888892,0,18208528.0,4644357.0,34608719.0,1
775,2020-01-04 13:56:00,72.0,1,0,21659.064722221967,67091753.0,30288618.0,0.059277777777778,0,18435652.0,4699434.0,34780046.0,1
775,2020-01-04 13:57:00,70.80000000000001,1,0,21723.54541666637,67542203.0,30338175.0,0.0603055555555558,0,18483964.0,4712350.0,34803680.0,1
775,2020-01-04 13:58:00,70.60000000000002,1,0,21723.54541666637,67542203.0,30339904.0,0.0603055555555558,0,18483964.0,4712414.0,34806995.0,1
775,2020-01-04 13:59:00,69.60000000000002,1,0,21784.25083333304,67763165.0,30395583.0,0.0603055555555558,0,18528436.0,4725760.0,34825806.0,1
775,2020-01-04 14:00:00,66.60000000000002,1,0,22019.09183333304,68889966.0,30546410.0,0.0603055555555558,0,18699316.0,4762729.0,34913270.0,1
775,2020-01-04 14:01:00,66.39999999999998,1,0,22019.43388888859,68889966.0,30550817.0,0.0603055555555558,0,18699412.0,4762983.0,34918717.0,1
775,2020-01-04 14:02:00,63.0,1,0,22157.70088888859,70420691.0,30664463.0,0.0603055555555558,0,18802253.0,4788755.0,35074328.0,1
775,2020-01-04 14:03:00,62.19999999999999,1,0,22248.96683333304,71165071.0,30703645.0,0.0603055555555558,0,18865073.0,4803167.0,35093477.0,1
775,2020-01-04 14:04:00,61.60000000000002,1,0,22248.96683333304,71165071.0,30713005.0,0.0603055555555558,0,18865073.0,4803236.0,35093477.0,1
775,2020-01-04 14:05:00,60.0,1,0,22381.979416666367,72252508.0,30812494.0,0.0603055555555558,0,18963485.0,4833038.0,35176846.0,1
775,2020-01-04 14:06:00,55.80000000000001,1,0,22527.35047222193,73165394.0,31003516.0,0.0603055555555558,0,19090494.0,4865594.0,35490263.0,1
775,2020-01-04 14:07:00,55.60000000000002,1,0,22527.35047222193,73165538.0,31004998.0,0.0603055555555558,0,19090494.0,4865659.0,35490263.0,1
775,2020-01-04 14:08:00,54.80000000000001,1,0,22564.838166666366,73165538.0,31004998.0,0.0603055555555558,0,19090494.0,4865660.0,35490263.0,1
775,2020-01-04 14:09:00,53.0,1,0,22673.346972221927,73802110.0,31173205.0,0.0603055555555558,0,19195542.0,4895588.0,36119919.0,1
775,2020-01-04 14:10:00,47.19999999999999,1,0,22928.81716666637,76211569.0,31402785.0,0.0605555555555558,0,19410474.0,4948520.0,36736236.0,1
775,2020-01-04 14:11:00,40.60000000000002,1,0,23223.86233333303,79473880.0,31593521.0,0.0648333333333336,0,19650750.0,5014120.0,37022197.0,1
775,2020-01-04 14:12:00,39.19999999999999,1,0,23301.51508333304,80319439.0,31719569.0,0.0648333333333336,0,19706010.0,5030318.0,37227585.0,1
775,2020-01-04 14:13:00,38.80000000000001,1,0,23305.83455555525,80428483.0,31751485.0,0.0648333333333336,0,19711206.0,5032074.0,37241638.0,1
775,2020-01-04 14:14:00,37.60000000000002,1,0,23441.08088888859,81565008.0,31824766.0,0.067027777777778,0,19794402.0,5053862.0,37408103.0,1
775,2020-01-04 14:15:00,27.19999999999999,1,0,24225.662111110767,87998396.0,32784231.0,0.0736944444444446,0,20439474.0,5188238.0,38425444.0,1
775,2020-01-04 14:16:00,26.600000000000023,1,0,24254.215555555173,88479578.0,32826208.0,0.0736944444444446,0,20461483.0,5196090.0,38471412.0,1
775,2020-01-04 14:17:00,25.0,1,0,24347.72838888857,89190236.0,32966413.0,0.0736944444444446,0,20554843.0,5209562.0,38583589.0,1
775,2020-01-04 14:18:00,24.80000000000001,1,0,24374.126166666367,89350383.0,32976722.0,0.0736944444444446,0,20589187.0,5212215.0,38588594.0,1
775,2020-01-04 14:19:00,21.0,1,0,24584.301527777567,90904962.0,33247785.0,0.0736944444444446,0,20783815.0,5256656.0,38942701.0,1
775,2020-01-04 14:20:00,19.80000000000001,1,0,24622.58966666637,91428797.0,33375290.0,0.0736944444444446,0,20816143.0,5265280.0,39006505.0,1
775,2020-01-04 14:21:00,17.80000000000001,1,0,24732.65469444417,92251853.0,33488130.0,0.0736944444444446,0,20924767.0,5285616.0,39112130.0,1
775,2020-01-04 14:22:00,14.0,1,0,25073.764027777564,95156664.0,33733531.0,0.0736944444444446,0,21295795.0,5341622.0,39332857.0,1
775,2020-01-04 14:23:00,9.800000000000011,1,0,25382.232666666365,97171573.0,33962188.0,0.0736944444444446,0,21707371.0,5386091.0,39748754.0,1
775,2020-01-04 14:24:00,7.0,1,0,25628.68119444417,99755531.0,34128004.0,0.0736944444444446,0,22068475.0,5434639.0,40032297.0,1
775,2020-01-04 14:25:00,3.0,1,0,25894.219749999764,102424834.0,34274878.0,0.0736944444444446,0,22454527.0,5475584.0,40213127.0,1
775,2020-01-04 14:26:00,1.3999999999999773,1,0,26016.65905555516,103693686.0,34369141.0,0.0736944444444446,0,22721959.0,5497896.0,40262774.0,1
821,2020-01-04 19:38:00,426.0,1,0,7.06947222222224,37349.0,265668.0,0.0,0,2904.0,5077.0,150436.0,1
821,2020-01-04 19:39:00,418.6,1,0,543.0988611111044,2852863.0,506428.0,0.0,0,256981.0,188577.0,613197.0,1
821,2020-01-04 19:40:00,405.8,1,0,1263.3702222222244,4848545.0,835562.0,0.0,0,615361.0,441861.0,1013116.0,1
821,2020-01-04 19:41:00,404.8,1,0,1327.6829166666644,4981288.0,860509.0,0.0,0,652178.0,468153.0,1037777.0,1
821,2020-01-04 19:42:00,398.0,1,0,1786.8441944444444,6250374.0,974402.0,0.0,0,883574.0,659170.0,1242501.0,1
821,2020-01-04 19:43:00,390.8,1,0,2418.7898055556443,9574279.0,1071577.0,0.0,0,1202679.0,934770.0,1680575.0,1
821,2020-01-04 19:44:00,389.8,1,0,2497.291722222244,10548213.0,1084746.0,0.0,0,1235163.0,995858.0,1788540.0,1
821,2020-01-04 19:45:00,386.8,1,0,2739.131722222244,12376742.0,1111513.0,0.0,0,1388019.0,1120135.0,2105988.0,1
821,2020-01-04 19:46:00,380.8,1,0,3277.6295555556444,17307161.0,1215370.0,0.0,0,1693839.0,1459715.0,2718717.0,1
821,2020-01-04 19:47:00,375.6,1,0,3657.069972222245,21035860.0,1314391.0,0.0006944444444444,0,1933371.0,1709667.0,3258698.0,1
821,2020-01-04 19:48:00,374.0,1,0,3815.898972222244,22726419.0,1361725.0,0.0006944444444444,0,2027872.0,1820363.0,4073811.0,1
821,2020-01-04 19:49:00,357.2,1,0,5276.032805555644,37053693.0,2167179.0,0.0006944444444444,0,2894440.0,2678636.0,12392824.0,1
821,2020-01-04 19:50:00,352.8,1,0,5584.768583333243,39335375.0,2310283.0,0.0006944444444444,0,3065968.0,2814509.0,12695282.0,1
821,2020-01-04 19:51:00,352.0,1,0,5629.766500000043,39606828.0,2351051.0,0.0006944444444444,0,3084076.0,2833907.0,12747438.0,1
821,2020-01-04 19:52:00,345.8,1,0,6178.075361111163,40736645.0,2490074.0,0.0006944444444444,0,3313564.0,3057316.0,12970349.0,1
821,2020-01-04 19:53:00,345.0,1,0,6209.745333333384,40821575.0,2499708.0,0.0006944444444444,0,3329212.0,3073668.0,12983246.0,1
821,2020-01-04 19:54:00,338.4,1,0,6653.431055555602,41812175.0,2597546.0,0.0006944444444444,0,3520577.0,3248700.0,13131849.0,1
821,2020-01-04 19:55:00,331.8,1,0,7160.826166666704,42586546.0,2711244.0,0.0006944444444444,0,3761489.0,3424112.0,13223837.0,1
821,2020-01-04 19:56:00,331.6,1,0,7197.575750000044,42660997.0,2711244.0,0.0006944444444444,0,3780029.0,3432777.0,13223837.0,1
821,2020-01-04 19:57:00,331.2,1,0,7198.306694444484,42680289.0,2713376.0,0.0006944444444444,0,3780137.0,3432989.0,13227477.0,1
821,2020-01-04 19:58:00,328.2,1,0,7368.325388888944,43010645.0,2781613.0,0.0006944444444444,0,3866321.0,3479006.0,13278931.0,1
821,2020-01-04 19:59:00,326.8,1,0,7472.343611111163,43211248.0,2792143.0,0.0006944444444444,0,3913697.0,3500767.0,13300043.0,1
821,2020-01-04 20:00:00,323.6,1,0,7727.473444444443,43796521.0,2822667.0,0.0006944444444444,0,4046369.0,3582947.0,13389457.0,1
821,2020-01-04 20:01:00,317.2,1,0,8241.069277777842,45642444.0,2923469.0,0.0006944444444444,0,4291254.0,3777935.0,13702315.0,1
821,2020-01-04 20:02:00,317.0,1,0,8277.297555555642,45966092.0,2931555.0,0.0006944444444444,0,4306602.0,3790995.0,13774959.0,1
821,2020-01-04 20:03:00,310.6,1,0,8846.444166666643,49389110.0,3032019.0,0.0006944444444444,0,4628598.0,4040316.0,14356605.0,1
821,2020-01-04 20:04:00,309.8,1,0,8933.540916666643,49884371.0,3042939.0,0.0006944444444444,0,4663638.0,4095281.0,14389157.0,1
821,2020-01-04 20:05:00,308.8,1,0,8957.979861111244,50212504.0,3066027.0,0.0006944444444444,0,4680930.0,4110258.0,14424452.0,1
821,2020-01-04 20:06:00,304.2,1,0,9319.807972222245,53655191.0,3139412.0,0.0006944444444444,0,4874130.0,4284346.0,15067042.0,1
821,2020-01-04 20:07:00,304.0,1,0,9361.869027777842,54000445.0,3139412.0,0.0006944444444444,0,4895322.0,4297382.0,15350884.0,1
821,2020-01-04 20:08:00,301.8,1,0,9574.346194444444,55620908.0,3171340.0,0.0006944444444444,0,5007270.0,4403863.0,15637092.0,1
821,2020-01-04 20:09:00,301.4,1,0,9609.690083333442,55875656.0,3177619.0,0.0006944444444444,0,5038830.0,4420811.0,15696996.0,1
821,2020-01-04 20:10:00,298.4,1,0,9917.065666666642,59252172.0,3371189.0,0.0006944444444444,0,5207922.0,4537092.0,17129415.0,1
821,2020-01-04 20:11:00,297.6,1,0,9986.82955555564,59907463.0,3383267.0,0.0006944444444444,0,5240478.0,4567497.0,17447356.0,1
821,2020-01-04 20:12:00,297.0,1,0,10060.29738888884,60423160.0,3412166.0,0.0006944444444444,0,5273814.0,4601141.0,18027156.0,1
821,2020-01-04 20:13:00,294.6,1,0,10312.70450000004,62091684.0,3465596.0,0.0006944444444444,0,5414790.0,4719153.0,18264796.0,1
821,2020-01-04 20:14:00,288.4,1,0,10912.93880555564,66729395.0,3656580.0,0.0006944444444444,0,5790402.0,4988331.0,19423421.0,1
821,2020-01-04 20:15:00,286.4,1,0,11032.80380555564,67787517.0,3691784.0,0.0006944444444444,0,5878602.0,5034415.0,19654015.0,1
821,2020-01-04 20:16:00,285.4,1,0,11121.37616666664,68238565.0,3717927.0,0.0006944444444444,0,5936370.0,5067243.0,19761525.0,1
821,2020-01-04 20:17:00,284.4,1,0,11194.74372222224,68755107.0,3754146.0,0.0006944444444444,0,5986146.0,5105512.0,19983526.0,1
821,2020-01-04 20:18:00,281.8,1,0,11339.81944444444,69405536.0,3830404.0,0.0006944444444444,0,6073579.0,5150596.0,20162380.0,1
821,2020-01-04 20:19:00,281.6,1,0,11371.78925000004,69453623.0,3842468.0,0.0006944444444444,0,6092431.0,5161593.0,20175055.0,1
821,2020-01-04 20:20:00,270.4,1,0,12369.62927777784,71667718.0,3999417.0,0.0006944444444444,0,6505664.0,5517205.0,20643459.0,1
821,2020-01-04 20:21:00,268.8,1,0,12488.02144444444,71863342.0,4031827.0,0.0006944444444444,0,6546932.0,5566161.0,20667132.0,1
821,2020-01-04 20:22:00,264.0,1,0,12854.590083333438,72588001.0,4104641.0,0.0006944444444444,0,6670940.0,5730119.0,20744209.0,1
821,2020-01-04 20:23:00,260.8,1,0,13144.02847222224,73008408.0,4144798.0,0.0006944444444444,0,6788144.0,5835179.0,20825303.0,1
821,2020-01-04 20:24:00,258.4,1,0,13323.66716666664,73308240.0,4160697.0,0.0006944444444444,0,6857132.0,5893504.0,20850484.0,1
821,2020-01-04 20:25:00,257.0,1,0,13439.02088888884,73502824.0,4182576.0,0.0006944444444444,0,6896912.0,5923892.0,20884258.0,1
821,2020-01-04 20:26:00,256.8,1,0,13467.791722222177,73547064.0,4200113.0,0.0006944444444444,0,6912873.0,5932492.0,20895451.0,1
821,2020-01-04 20:27:00,256.6,1,0,13468.46638888884,73550458.0,4200113.0,0.0006944444444444,0,6913377.0,5932913.0,20895451.0,1
821,2020-01-04 20:28:00,250.6,1,0,14021.673416666625,74711891.0,4274200.0,0.0006944444444444,0,7127589.0,6121709.0,21076541.0,1
821,2020-01-04 20:29:00,248.6,1,0,14218.85216666662,75297308.0,4291048.0,0.0006944444444444,0,7219305.0,6185694.0,21186235.0,1
821,2020-01-04 20:30:00,247.2,1,0,14364.89877777772,75998853.0,4326474.0,0.0006944444444444,0,7281309.0,6234011.0,21270124.0,1
821,2020-01-04 20:31:00,241.2,1,0,14946.27883333328,79234540.0,4490691.0,0.0006944444444444,0,7563549.0,6424392.0,21904797.0,1
821,2020-01-04 20:32:00,235.8,1,0,15441.80577777764,81781111.0,4641088.0,0.0006944444444444,0,7851645.0,6623440.0,22439500.0,1
821,2020-01-04 20:33:00,235.4,1,0,15478.73708333324,81915414.0,4652411.0,0.0006944444444444,0,7860945.0,6637052.0,22478240.0,1
821,2020-01-04 20:34:00,234.0,1,0,15625.03152777764,82308872.0,4691567.0,0.0006944444444444,0,7929333.0,6715236.0,22598438.0,1
821,2020-01-04 20:35:00,233.8,1,0,15626.03152777764,82308872.0,4695961.0,0.0006944444444444,0,7929333.0,6715324.0,22598438.0,1
821,2020-01-04 20:36:00,233.6,1,0,15627.55891666664,82308872.0,4744504.0,0.0006944444444444,0,7929682.0,6715988.0,22630003.0,1
821,2020-01-04 20:37:00,228.4,1,0,16000.56636111104,84955971.0,4880094.0,0.0006944444444444,0,8130634.0,6859608.0,23424407.0,1
821,2020-01-04 20:38:00,222.4,1,0,16580.872694444442,88898806.0,4995859.0,0.0006944444444444,0,8485415.0,7082277.0,24373563.0,1
821,2020-01-04 20:39:00,222.0,1,0,16585.03402777764,88926666.0,5006506.0,0.0006944444444444,0,8486867.0,7084326.0,24392803.0,1
821,2020-01-04 20:40:00,216.0,1,0,17218.69266666664,93281901.0,5131241.0,0.0006944444444444,0,8850612.0,7317994.0,25335914.0,1
821,2020-01-04 20:41:00,214.2,1,0,17413.27580555544,94546658.0,5140705.0,0.0006944444444444,0,8956992.0,7400554.0,25446271.0,1
821,2020-01-04 20:42:00,213.6,1,0,17455.81997222224,94952570.0,5155681.0,0.0006944444444444,0,8979540.0,7418803.0,25528886.0,1
821,2020-01-04 20:43:00,213.4,1,0,17480.54005555544,95344208.0,5155681.0,0.0006944444444444,0,8987448.0,7428815.0,25558903.0,1
821,2020-01-04 20:44:00,210.0,1,0,17746.74652777764,96869888.0,5233707.0,0.0006944444444444,0,9127320.0,7533023.0,25894537.0,1
821,2020-01-04 20:45:00,203.8,1,0,18273.31377777764,98791652.0,5377448.0,0.0006944444444444,0,9361980.0,7721167.0,26311473.0,1
821,2020-01-04 20:46:00,200.0,1,0,18661.26480555544,99565100.0,5462456.0,0.0006944444444444,0,9543252.0,7854451.0,26426718.0,1
821,2020-01-04 20:47:00,194.0,1,0,19208.31333333324,100452454.0,5516953.0,0.0006944444444444,0,10048536.0,8014143.0,26535515.0,1
821,2020-01-04 20:48:00,190.4,1,0,19612.87544444444,100991876.0,5563142.0,0.0006944444444444,0,10353720.0,8134723.0,26623486.0,1
821,2020-01-04 20:49:00,189.4,1,0,19671.74325000004,101105119.0,5589181.0,0.0006944444444444,0,10382544.0,8153723.0,26638085.0,1
821,2020-01-04 20:50:00,187.8,1,0,19826.53155555544,101434877.0,5613999.0,0.0006944444444444,0,10475437.0,8197387.0,26675161.0,1
821,2020-01-04 20:51:00,186.4,1,0,19903.44758333324,101675936.0,5658069.0,0.0006944444444444,0,10523905.0,8225184.0,26713083.0,1
821,2020-01-04 20:52:00,184.0,1,0,20050.045361111017,101927707.0,5697043.0,0.0006944444444444,0,10624885.0,8264002.0,26757296.0,1
821,2020-01-04 20:53:00,178.0,1,0,20522.08044444436,102854581.0,5793529.0,0.0006944444444444,0,10847041.0,8372366.0,26905236.0,1
821,2020-01-04 20:54:00,177.8,1,0,20554.46591666658,102873132.0,5797897.0,0.0006944444444444,0,10854625.0,8377122.0,26906900.0,1
821,2020-01-04 20:55:00,177.2,1,0,20558.10555555546,102880868.0,5806451.0,0.0006944444444444,0,10854685.0,8379347.0,26912906.0,1
821,2020-01-04 20:56:00,173.2,1,0,20879.1062499999,103510068.0,5878354.0,0.0006944444444444,0,10964413.0,8443069.0,27013331.0,1
821,2020-01-04 20:57:00,168.2,1,0,21321.02583333324,105247414.0,5978129.0,0.0006944444444444,0,11065549.0,8555887.0,27223723.0,1
821,2020-01-04 20:58:00,163.8,1,0,21764.96741666658,107790084.0,6121064.0,0.0006944444444444,0,11187937.0,8709684.0,27624786.0,1
821,2020-01-04 20:59:00,162.60000000000002,1,0,21903.02094444436,108875467.0,6136638.0,0.0006944444444444,0,11242897.0,8762085.0,27765160.0,1
821,2020-01-04 21:00:00,155.8,1,0,22554.33049999992,113794108.0,6232032.0,0.0006944444444444,0,11648185.0,8980881.0,28825427.0,1
821,2020-01-04 21:01:00,149.8,1,0,22948.29974999992,117067495.0,6644457.0,0.0006944444444444,0,11767645.0,9117541.0,31011780.0,1
821,2020-01-04 21:02:00,143.60000000000002,1,0,23673.96258333324,122182450.0,6807737.0,0.0006944444444444,0,11914765.0,9371973.0,33277524.0,1
821,2020-01-04 21:03:00,141.60000000000002,1,0,23906.22908333316,123841705.0,6849025.0,0.0006944444444444,0,11957377.0,9452950.0,33564122.0,1
821,2020-01-04 21:04:00,139.2,1,0,24051.71858333316,124625293.0,6905640.0,0.0015,0,11976205.0,9495410.0,33696514.0,1
821,2020-01-04 21:05:00,138.60000000000002,1,0,24106.03386111096,125060598.0,6924165.0,0.0015,0,11993713.0,9513130.0,33866645.0,1
821,2020-01-04 21:06:00,137.39999999999998,1,0,24172.13580555556,125465614.0,6998811.0,0.0015,0,12000949.0,9537158.0,33991302.0,1
821,2020-01-04 21:07:00,135.8,1,0,24304.44944444436,125984392.0,7114680.0,0.0015,0,12020065.0,9573883.0,34076465.0,1
821,2020-01-04 21:08:00,133.0,1,0,24547.43874999996,127260082.0,7214676.0,0.0015,0,12040321.0,9666487.0,34397851.0,1
821,2020-01-04 21:09:00,126.39999999999998,1,0,25141.28958333316,128651824.0,7348030.0,0.0015,0,12054829.0,9869527.0,34606384.0,1
821,2020-01-04 21:10:00,123.8,1,0,25341.84372222216,128989889.0,7394440.0,0.0015,0,12054829.0,9922179.0,34652170.0,1
821,2020-01-04 21:11:00,120.39999999999998,1,0,25637.59763888876,129571587.0,7450562.0,0.0015,0,12054829.0,10020080.0,34715805.0,1
821,2020-01-04 21:12:00,119.39999999999998,1,0,25700.42072222216,129667813.0,7472922.0,0.0015,0,12054829.0,10034456.0,34728350.0,1
821,2020-01-04 21:13:00,117.0,1,0,25844.76508333316,130149412.0,7519657.0,0.0015,0,12126085.0,10099917.0,34795314.0,1
821,2020-01-04 21:14:00,115.39999999999998,1,0,25967.64308333316,130441913.0,7560334.0,0.0015,0,12185569.0,10147849.0,34857090.0,1
821,2020-01-04 21:15:00,113.8,1,0,26070.95655555556,130716850.0,7596656.0,0.0015,0,12230725.0,10202729.0,34907439.0,1
821,2020-01-04 21:16:00,107.2,1,0,26522.21675,132518040.0,7733208.0,0.0015,0,12444877.0,10431093.0,35103557.0,1
821,2020-01-04 21:17:00,101.2,1,0,26959.3405,135988846.0,7869383.0,0.0015,0,12683593.0,10622478.0,35393847.0,1
821,2020-01-04 21:18:00,97.0,1,0,27294.59794444444,138612987.0,7980312.0,0.0015,0,12881389.0,10747014.0,35752400.0,1
821,2020-01-04 21:19:00,93.8,1,0,27521.23930555556,141111041.0,8063239.0,0.0015,0,13034810.0,10850134.0,36132611.0,1
821,2020-01-04 21:20:00,88.39999999999998,1,0,27941.54205555556,146416367.0,8241248.0,0.0015,0,13279490.0,11103191.0,38348435.0,1
821,2020-01-04 21:21:00,84.80000000000001,1,0,28197.08749999996,149310908.0,8292962.0,0.0015,0,13455494.0,11245643.0,39552924.0,1
821,2020-01-04 21:22:00,82.80000000000001,1,0,28397.63105555556,151377622.0,8376747.0,0.0015,0,13582346.0,11374373.0,40579144.0,1
821,2020-01-04 21:23:00,75.80000000000001,1,0,28892.54122222216,157184345.0,8516718.0,0.0015,0,13889030.0,11648786.0,41907940.0,1
821,2020-01-04 21:24:00,69.19999999999999,1,0,29079.22638888896,160021193.0,8843720.0,0.0015,0,13967498.0,11737034.0,42371052.0,1
821,2020-01-04 21:25:00,65.19999999999999,1,0,29129.55711111116,160904517.0,8993558.0,0.0015,0,14003750.0,11756398.0,42548073.0,1
821,2020-01-04 21:26:00,63.60000000000002,1,0,29193.73516666676,161703822.0,9036614.0,0.0015,0,14033366.0,11788866.0,42661810.0,1
821,2020-01-04 21:27:00,57.60000000000002,1,0,29485.764055555555,165325934.0,9299591.0,0.0015,0,14190986.0,11916126.0,43162934.0,1
821,2020-01-04 21:28:00,53.80000000000001,1,0,29787.94291666675,168815590.0,9414914.0,0.0015,0,14307951.0,12076070.0,43331102.0,1
821,2020-01-04 21:29:00,53.60000000000002,1,0,29793.562666666752,168849052.0,9424560.0,0.0015,0,14308047.0,12084891.0,43339903.0,1
821,2020-01-04 21:30:00,47.60000000000002,1,0,30200.765694444537,173009234.0,9505992.0,0.0015,0,14475759.0,12281207.0,43440081.0,1
821,2020-01-04 21:31:00,40.80000000000001,1,0,30797.912222222312,178220128.0,9565858.0,0.0015,0,14768319.0,12484907.0,43552037.0,1
821,2020-01-04 21:32:00,35.60000000000002,1,0,31342.86816666675,184253169.0,9609603.0,0.0015,0,15006039.0,12710835.0,43629907.0,1
821,2020-01-04 21:33:00,34.39999999999998,1,0,31444.359333333407,185437001.0,9618521.0,0.0015,0,15058299.0,12744383.0,43684260.0,1
821,2020-01-04 21:34:00,34.19999999999999,1,0,31467.64266666675,185631884.0,9627726.0,0.0015,0,15071199.0,12752619.0,43689213.0,1
821,2020-01-04 21:35:00,34.0,1,0,31493.23191666675,185962423.0,9645055.0,0.0015,0,15075855.0,12765005.0,43705671.0,1
821,2020-01-04 21:36:00,33.60000000000002,1,0,31523.60163888897,186264167.0,9666986.0,0.0015,0,15088108.0,12778993.0,43734649.0,1
821,2020-01-04 21:37:00,32.80000000000001,1,0,31603.9786111112,187289711.0,9681104.0,0.0015,0,15125237.0,12816449.0,43749339.0,1
821,2020-01-04 21:38:00,31.19999999999999,1,0,31771.57561111119,189178884.0,9690451.0,0.0015,0,15208457.0,12875385.0,43796074.0,1
821,2020-01-04 21:39:00,30.80000000000001,1,0,31823.244416666752,189903738.0,9697758.0,0.0015,0,15232757.0,12897989.0,43816576.0,1
821,2020-01-04 21:40:00,25.600000000000023,1,0,32268.333250000152,196032939.0,9819672.0,0.0015,0,15459245.0,13072041.0,44093216.0,1
821,2020-01-04 21:41:00,20.399999999999977,1,0,32690.82436111115,202216675.0,9994379.0,0.0015,0,15674525.0,13268917.0,44565324.0,1
821,2020-01-04 21:42:00,15.600000000000025,1,0,33213.41008333335,208977910.0,10130450.0,0.0015,0,16025237.0,13494881.0,45888491.0,1
821,2020-01-04 21:43:00,12.800000000000011,1,0,33492.655861111154,212551727.0,10176406.0,0.0015,0,16188233.0,13623069.0,46422180.0,1
821,2020-01-04 21:44:00,10.199999999999989,1,0,33760.93138888895,216454275.0,10240211.0,0.0015,0,16332905.0,13771897.0,46996403.0,1
821,2020-01-04 21:45:00,7.600000000000023,1,0,33993.85966666675,219532792.0,10335254.0,0.0015,0,16493873.0,13890046.0,47502662.0,1
821,2020-01-04 21:46:00,1.6000000000000227,1,0,34528.243916666754,227329919.0,10553707.0,0.0015,0,16873217.0,14134626.0,48694762.0,1
821,2020-01-04 21:47:00,0.1999999999999886,1,0,34667.272250000155,229212151.0,10573090.0,0.0015,0,16977125.0,14190295.0,48896314.0,1
1246,2020-01-07 03:59:00,338.6,1,0,37.98027777777755,97760.0,125775.0,0.0,0,19536.0,42240.0,115895.0,1
1246,2020-01-07 04:00:00,331.8,1,0,280.92174999999554,578331.0,387713.0,0.0,0,83604.0,250585.0,331097.0,1
1246,2020-01-07 04:01:00,331.0,1,0,281.92174999999554,578331.0,388532.0,0.0,0,83604.0,250587.0,331098.0,1
1246,2020-01-07 04:02:00,330.2,1,0,284.4081388888956,578332.0,403287.0,0.0,0,83604.0,251536.0,341628.0,1
1246,2020-01-07 04:03:00,330.0,1,0,284.4081388888956,578332.0,445537.0,0.0,0,83604.0,251772.0,344670.0,1
1246,2020-01-07 04:04:00,329.8,1,0,284.4081388888956,578332.0,446486.0,0.0,0,83604.0,251773.0,344670.0,1
1246,2020-01-07 04:05:00,321.6,1,0,571.7388888888955,1146198.0,786436.0,0.0,0,184464.0,452133.0,661792.0,1
1246,2020-01-07 04:06:00,320.0,1,0,619.6128611111155,1294996.0,827335.0,0.0,0,199044.0,490525.0,758954.0,1
1246,2020-01-07 04:07:00,317.0,1,0,711.1548888888956,1699881.0,975496.0,0.0,0,235356.0,557098.0,1030056.0,1
1246,2020-01-07 04:08:00,314.8,1,0,779.6642777777755,1891189.0,1094043.0,0.0,0,255372.0,610886.0,1201449.0,1
1246,2020-01-07 04:09:00,312.0,1,0,904.5769444444356,2351961.0,1211967.0,0.0,0,287076.0,709034.0,1456821.0,1
1246,2020-01-07 04:10:00,310.6,1,0,958.2323888888956,2507844.0,1282297.0,0.0,0,305100.0,745406.0,1576798.0,1
1246,2020-01-07 04:11:00,308.6,1,0,1018.5543055555556,2762358.0,1417016.0,0.0,0,319896.0,794394.0,1732122.0,1
1246,2020-01-07 04:12:00,301.8,1,0,1241.3235833333356,3392598.0,1711557.0,0.0,0,406692.0,936803.0,2192517.0,1
1246,2020-01-07 04:13:00,296.8,1,0,1417.3359722222156,3956097.0,1989874.0,0.0,0,465397.0,1071431.0,2594737.0,1
1246,2020-01-07 04:14:00,294.0,1,0,1539.9335555555556,4329588.0,2175891.0,0.0,0,505945.0,1171577.0,2915343.0,1
1246,2020-01-07 04:15:00,291.0,1,0,1632.2240277777755,4573716.0,2307607.0,0.0,0,543265.0,1237393.0,3144352.0,1
1246,2020-01-07 04:16:00,290.8,1,0,1632.8559166666755,4573716.0,2309752.0,0.0,0,543337.0,1238045.0,3155857.0,1
1246,2020-01-07 04:17:00,290.6,1,0,1632.8559166666755,4573716.0,2324052.0,0.0,0,543337.0,1238227.0,3155857.0,1
1246,2020-01-07 04:18:00,284.2,1,0,1846.785527777796,5055990.0,2619880.0,0.0,0,610429.0,1392688.0,3479947.0,1
1246,2020-01-07 04:19:00,279.8,1,0,1998.829194444456,5300676.0,2770407.0,0.0,0,660758.0,1494777.0,3638001.0,1
1246,2020-01-07 04:20:00,278.4,1,0,2033.288194444456,5352364.0,2791311.0,0.0,0,669506.0,1515730.0,3652054.0,1
1246,2020-01-07 04:21:00,271.6,1,0,2240.445944444456,5664000.0,3059190.0,0.0,0,730202.0,1662518.0,3888967.0,1
1246,2020-01-07 04:22:00,271.0,1,0,2274.9923055555555,5709630.0,3085320.0,0.0,0,739275.0,1692111.0,3931685.0,1
1246,2020-01-07 04:23:00,269.8,1,0,2336.336527777796,5767298.0,3123176.0,0.0,0,761080.0,1720268.0,3977146.0,1
1246,2020-01-07 04:24:00,265.4,1,0,2462.788555555556,6040207.0,3295933.0,0.0,0,801064.0,1843564.0,4176384.0,1
1246,2020-01-07 04:25:00,259.0,1,0,2625.256444444456,6476331.0,3517298.0,0.0,0,863693.0,1973592.0,4436970.0,1
1246,2020-01-07 04:26:00,258.4,1,0,2650.196416666676,6519465.0,3542596.0,0.0,0,870125.0,1997029.0,4482262.0,1
1246,2020-01-07 04:27:00,252.0,1,0,2764.715750000016,6753634.0,3692564.0,0.0,0,904145.0,2070522.0,4651652.0,1
1246,2020-01-07 04:28:00,246.2,1,0,2965.187166666676,7214952.0,3970231.0,0.0,0,964877.0,2223491.0,4932881.0,1
1246,2020-01-07 04:29:00,246.0,1,0,2965.187166666676,7214952.0,3971830.0,0.0,0,964877.0,2223499.0,4932882.0,1
1246,2020-01-07 04:30:00,242.2,1,0,3055.359861111117,7548259.0,4136930.0,0.0,0,992201.0,2282848.0,5100907.0,1
1246,2020-01-07 04:31:00,242.0,1,0,3063.3102777777967,7565458.0,4153700.0,0.0,0,994433.0,2288384.0,5133940.0,1
1246,2020-01-07 04:32:00,239.8,1,0,3166.4024722222366,7789461.0,4256465.0,0.0,0,1022597.0,2358176.0,5270271.0,1
1246,2020-01-07 04:33:00,234.6,1,0,3273.0103055555765,8181684.0,4460266.0,0.0,0,1070022.0,2448462.0,5565267.0,1
1246,2020-01-07 04:34:00,233.2,1,0,3327.9281111111163,8377256.0,4538123.0,0.0,0,1087794.0,2482874.0,5721280.0,1
1246,2020-01-07 04:35:00,230.8,1,0,3397.3193888888964,8576689.0,4650664.0,0.0,0,1112958.0,2532206.0,5915695.0,1
1246,2020-01-07 04:36:00,227.8,1,0,3502.6770277777964,8978272.0,4898782.0,0.0,0,1151910.0,2612266.0,6203541.0,1
1246,2020-01-07 04:37:00,225.2,1,0,3579.7902500000164,9258435.0,5054262.0,0.0,0,1174459.0,2660318.0,6341640.0,1
1246,2020-01-07 04:38:00,219.0,1,0,3832.576305555476,10062420.0,5356707.0,0.0,0,1240627.0,2845966.0,6807339.0,1
1246,2020-01-07 04:39:00,218.2,1,0,3849.239805555477,10100419.0,5388648.0,0.0,0,1242751.0,2856388.0,6823420.0,1
1246,2020-01-07 04:40:00,217.6,1,0,3870.633972222277,10158490.0,5431145.0,0.0,0,1249255.0,2871229.0,6864266.0,1
1246,2020-01-07 04:41:00,212.0,1,0,4040.449583333276,10581887.0,5651417.0,0.0,0,1299859.0,2983305.0,7132898.0,1
1246,2020-01-07 04:42:00,208.4,1,0,4153.449083333277,10847465.0,5775801.0,0.0,0,1343755.0,3052769.0,7270204.0,1
1246,2020-01-07 04:43:00,207.0,1,0,4217.9816944444765,11001697.0,5839735.0,0.0,0,1359631.0,3094537.0,7350519.0,1
1246,2020-01-07 04:44:00,205.0,1,0,4315.093916666676,11140954.0,5921947.0,0.0,0,1387687.0,3157362.0,7410930.0,1
1246,2020-01-07 04:45:00,204.4,1,0,4324.386694444476,11148728.0,5934778.0,0.0,0,1391071.0,3163502.0,7415740.0,1
1246,2020-01-07 04:46:00,203.6,1,0,4372.470611111076,11213780.0,5969982.0,0.0,0,1399615.0,3194018.0,7464763.0,1
1246,2020-01-07 04:47:00,203.4,1,0,4372.586027777743,11213781.0,5998244.0,0.0,0,1399616.0,3194346.0,7465621.0,1
1246,2020-01-07 04:48:00,200.2,1,0,4492.267416666632,11381390.0,6116843.0,0.0,0,1425452.0,3284938.0,7579358.0,1
1246,2020-01-07 04:49:00,194.4,1,0,4727.4464722221965,11797273.0,6306474.0,0.0,0,1490996.0,3440670.0,7788931.0,1
1246,2020-01-07 04:50:00,191.8,1,0,4814.914472222196,11988776.0,6399021.0,0.0,0,1512188.0,3502186.0,7875342.0,1
1246,2020-01-07 04:51:00,191.0,1,0,4850.418083333297,12025892.0,6433991.0,0.0,0,1519856.0,3538854.0,7907478.0,1
1246,2020-01-07 04:52:00,182.8,1,0,5034.243722222197,12308720.0,6642017.0,0.0,0,1579808.0,3673531.0,8045318.0,1
1246,2020-01-07 04:53:00,179.8,1,0,5161.5518611110765,12557904.0,6769547.0,0.0,0,1619156.0,3750931.0,8239278.0,1
1246,2020-01-07 04:54:00,179.6,1,0,5162.600555555517,12561908.0,6773604.0,0.0,0,1619156.0,3751407.0,8240266.0,1
1246,2020-01-07 04:55:00,179.2,1,0,5162.600555555517,12561908.0,6775801.0,0.0,0,1619156.0,3751408.0,8240266.0,1
1246,2020-01-07 04:56:00,178.4,1,0,5184.980694444417,12627181.0,6825734.0,0.0,0,1628084.0,3782428.0,8320541.0,1
1246,2020-01-07 04:57:00,172.0,1,0,5472.7422499999575,13073146.0,7081639.0,0.0,0,1696376.0,3957445.0,8650065.0,1
1246,2020-01-07 04:58:00,170.6,1,0,5540.7806388888575,13235945.0,7160667.0,0.0,0,1716801.0,4002051.0,8741573.0,1
1246,2020-01-07 04:59:00,169.2,1,0,5605.791888888858,13320276.0,7240370.0,0.0,0,1732065.0,4033483.0,8821823.0,1
1246,2020-01-07 05:00:00,169.0,1,0,5632.867138888858,13359978.0,7240370.0,0.0,0,1740153.0,4050139.0,8854635.0,1
1246,2020-01-07 05:01:00,168.8,1,0,5650.330499999958,13378347.0,7250926.0,0.0,0,1742733.0,4059540.0,8867051.0,1
1246,2020-01-07 05:02:00,168.6,1,0,5659.436555555518,13394623.0,7265564.0,0.0,0,1745217.0,4063536.0,8898082.0,1
1246,2020-01-07 05:03:00,166.4,1,0,5766.509583333298,13617677.0,7378937.0,0.0,0,1768785.0,4136461.0,9064430.0,1
1246,2020-01-07 05:04:00,166.2,1,0,5766.509583333298,13617677.0,7392445.0,0.0,0,1768785.0,4136462.0,9064430.0,1
1246,2020-01-07 05:05:00,159.4,1,0,5991.247611111078,14251596.0,7667486.0,0.0,0,1832913.0,4286462.0,9452831.0,1
1246,2020-01-07 05:06:00,157.8,1,0,6033.432555555518,14369611.0,7715274.0,0.0,0,1841794.0,4322711.0,9545937.0,1
1246,2020-01-07 05:07:00,154.6,1,0,6152.831388888858,14755906.0,7841998.0,0.0,0,1874134.0,4410788.0,9772046.0,1
1246,2020-01-07 05:08:00,152.2,1,0,6230.354416666638,14944549.0,7939940.0,0.0,0,1905418.0,4459904.0,9930295.0,1
1246,2020-01-07 05:09:00,150.6,1,0,6310.394416666638,15170555.0,8008749.0,0.0,0,1928543.0,4505009.0,10028120.0,1
1246,2020-01-07 05:10:00,145.2,1,0,6541.4244722222775,15684328.0,8227162.0,0.0,0,1982939.0,4639230.0,10340705.0,1
1246,2020-01-07 05:11:00,144.0,1,0,6580.907194444478,15755932.0,8270270.0,0.0,0,1997483.0,4660471.0,10397905.0,1
1246,2020-01-07 05:12:00,136.8,1,0,6723.675222222278,16254898.0,8551811.0,0.0,0,2057603.0,4773648.0,10690756.0,1
1246,2020-01-07 05:13:00,136.4,1,0,6743.819638888877,16321419.0,8576810.0,0.0,0,2062967.0,4789870.0,10713194.0,1
1246,2020-01-07 05:14:00,135.8,1,0,6749.841583333277,16342557.0,8590825.0,0.0,0,2065535.0,4794719.0,10729795.0,1
1246,2020-01-07 05:15:00,133.6,1,0,6815.530722222276,16504954.0,8660947.0,0.0,0,2090459.0,4837336.0,10850565.0,1
1246,2020-01-07 05:16:00,133.0,1,0,6815.530722222276,16504954.0,8662052.0,0.0,0,2090459.0,4837336.0,10850565.0,1
1246,2020-01-07 05:17:00,127.0,1,0,6999.377500000055,16862377.0,8788763.0,0.0,0,2147543.0,4942644.0,11173004.0,1
1246,2020-01-07 05:18:00,121.0,1,0,7253.771166666718,17169762.0,8968904.0,0.0,0,2206391.0,5118149.0,11382538.0,1
1246,2020-01-07 05:19:00,114.8,1,0,7499.905333333398,17489991.0,9180947.0,0.0,0,2276364.0,5269970.0,11546456.0,1
1246,2020-01-07 05:20:00,108.6,1,0,7623.240861111158,17683873.0,9329525.0,0.0,0,2307456.0,5347995.0,11676066.0,1
1246,2020-01-07 05:21:00,107.6,1,0,7659.996333333398,17756075.0,9359750.0,0.0,0,2318028.0,5371743.0,11714559.0,1
1246,2020-01-07 05:22:00,107.4,1,0,7661.041972222278,17756374.0,9362987.0,0.0,0,2318196.0,5373125.0,11714559.0,1
1246,2020-01-07 05:23:00,106.0,1,0,7727.037500000058,17858515.0,9428520.0,0.0,0,2334552.0,5412747.0,11782134.0,1
1246,2020-01-07 05:24:00,102.8,1,0,7832.083555555618,18035680.0,9516608.0,0.0,0,2361900.0,5491764.0,11933961.0,1
1246,2020-01-07 05:25:00,102.2,1,0,7843.611388888938,18044325.0,9527086.0,0.0,0,2363749.0,5498965.0,11942333.0,1
1246,2020-01-07 05:26:00,100.6,1,0,7895.230166666718,18133362.0,9579126.0,0.0,0,2380309.0,5532541.0,12018422.0,1
1246,2020-01-07 05:27:00,100.2,1,0,7919.212944444497,18188690.0,9612055.0,0.0,0,2394025.0,5545957.0,12055251.0,1
1246,2020-01-07 05:28:00,98.0,1,0,7959.154611111156,18279014.0,9649586.0,0.0,0,2402389.0,5600514.0,12095577.0,1
1246,2020-01-07 05:29:00,95.2,1,0,8064.632583333398,18452980.0,9763271.0,0.0,0,2427590.0,5670090.0,12234846.0,1
1246,2020-01-07 05:30:00,95.0,1,0,8069.282194444498,18462548.0,9763271.0,0.0,0,2430470.0,5674627.0,12243946.0,1
1246,2020-01-07 05:31:00,88.19999999999999,1,0,8238.035333333399,18849416.0,10018305.0,0.0,0,2475290.0,5802787.0,12553892.0,1
1246,2020-01-07 05:32:00,82.19999999999999,1,0,8469.031583333399,19396105.0,10278708.0,0.0,0,2546222.0,5968532.0,12848394.0,1
1246,2020-01-07 05:33:00,76.60000000000002,1,0,8671.073500000059,19882045.0,10499734.0,0.0,0,2605370.0,6120468.0,13296127.0,1
1246,2020-01-07 05:34:00,75.60000000000002,1,0,8700.527638888938,19945069.0,10527593.0,0.0,0,2617646.0,6139660.0,13339807.0,1
1246,2020-01-07 05:35:00,73.39999999999998,1,0,8801.947305555617,20185309.0,10626107.0,0.0,0,2644994.0,6203264.0,13470392.0,1
1246,2020-01-07 05:36:00,70.60000000000002,1,0,8877.140555555678,20325878.0,10704497.0,0.0,0,2667014.0,6267401.0,13580775.0,1
1246,2020-01-07 05:37:00,69.80000000000001,1,0,8894.639666666677,20364995.0,10727975.0,0.0,0,2672510.0,6275422.0,13598650.0,1
1246,2020-01-07 05:38:00,69.19999999999999,1,0,8940.736861111076,20472453.0,10773124.0,0.0,0,2687582.0,6300630.0,13675948.0,1
1246,2020-01-07 05:39:00,61.60000000000002,1,0,9124.127861111076,20835206.0,11003536.0,0.0,0,2739770.0,6400355.0,13912938.0,1
1246,2020-01-07 05:40:00,55.60000000000002,1,0,9268.501305555676,21037317.0,11286416.0,0.024694444444444,0,2856686.0,6485983.0,14196143.0,1
1246,2020-01-07 05:41:00,53.19999999999999,1,0,9338.735972222275,21115668.0,11371982.0,0.028055555555556,0,2909870.0,6529821.0,14291199.0,1
1246,2020-01-07 05:42:00,47.0,1,0,9484.139083333388,21515210.0,11563290.0,0.062055555555556,0,3068402.0,6615046.0,14515527.0,1
1246,2020-01-07 05:43:00,46.60000000000002,1,0,9488.592833333389,21551597.0,11581425.0,0.062055555555556,0,3080618.0,6618930.0,14528697.0,1
1246,2020-01-07 05:44:00,41.19999999999999,1,0,9643.016833333397,21884163.0,11812019.0,0.062055555555556,0,3160647.0,6748375.0,14801905.0,1
1246,2020-01-07 05:45:00,38.60000000000002,1,0,9722.937722222276,21977841.0,11893490.0,0.069305555555556,0,3225327.0,6804900.0,14885950.0,1
1246,2020-01-07 05:46:00,34.80000000000001,1,0,9793.384472222277,22096038.0,12071564.0,0.069305555555556,0,3274419.0,6862761.0,15133301.0,1
1246,2020-01-07 05:47:00,32.19999999999999,1,0,9860.002861111156,22372028.0,12153503.0,0.078361111111112,0,3331695.0,6916970.0,15260675.0,1
1246,2020-01-07 05:48:00,27.399999999999977,1,0,10057.119472222275,22783036.0,12330784.0,0.078361111111112,0,3434055.0,7115347.0,15565564.0,1
1246,2020-01-07 05:49:00,25.0,1,0,10128.375305555615,22921694.0,12408954.0,0.078361111111112,0,3468015.0,7188528.0,15706835.0,1
1246,2020-01-07 05:50:00,16.399999999999977,1,0,10536.564083333396,24003580.0,13357915.0,0.310444444444436,0,3836631.0,7250308.0,16525276.0,1
1246,2020-01-07 05:51:00,11.0,1,0,10627.433250000056,24254702.0,14121067.0,0.398861111111116,0,3931227.0,7297572.0,17178500.0,1
1246,2020-01-07 05:52:00,3.8000000000000114,1,0,10962.707611111156,24917287.0,14671695.0,0.401805555555556,0,4204119.0,7459660.0,17827915.0,1
1246,2020-01-07 05:53:00,0.3999999999999772,1,0,11097.029611111157,25128706.0,14902744.0,0.404083333333336,0,4334967.0,7529064.0,18080648.0,1
1301,2020-01-07 08:34:00,390.8,1,1,1.40188888888892,5408.0,37362.0,0.0,0,0.0,7025.0,7436.0,0
1301,2020-01-07 08:35:00,390.0,1,1,4.89177777777772,29979.0,77961.0,0.0,0,96.0,17853.0,52156.0,0
1301,2020-01-07 08:36:00,376.2,1,1,430.3350277777712,1565383.0,443586.0,0.0103333333333334,0,286056.0,297514.0,331942.0,0
1301,2020-01-07 08:37:00,305.8,1,1,3717.988611111112,16103712.0,3244943.0,0.157666666666666,0,2403696.0,1700275.0,4463057.0,0
1301,2020-01-07 08:38:00,299.8,1,1,4032.434555555512,17591913.0,3402724.0,0.172583333333334,0,2577360.0,1808744.0,4680586.0,0
1301,2020-01-07 08:39:00,297.4,1,1,4115.221916666712,18286880.0,3465462.0,0.172583333333334,0,2602800.0,1852876.0,4933683.0,0
1301,2020-01-07 08:40:00,297.20000000000005,1,1,4116.003611111112,18286880.0,3484377.0,0.172583333333334,0,2602872.0,1853361.0,4942185.0,0
1301,2020-01-07 08:41:00,290.8,1,1,4202.530499999999,18827317.0,3659552.0,0.172583333333334,0,2653260.0,1905262.0,5133767.0,0
1301,2020-01-07 08:42:00,282.0,1,1,4523.495388888891,21560775.0,4002102.0,0.1893888888888896,0,2839992.0,2033507.0,6180423.0,0
1301,2020-01-07 08:43:00,276.8,1,1,4767.548999999991,23265452.0,4212690.0,0.202861111111112,0,2990928.0,2137496.0,7101759.0,0
1301,2020-01-07 08:44:00,275.4,1,1,4845.789805555552,23730826.0,4324763.0,0.202861111111112,0,3016680.0,2165289.0,7458687.0,0
1301,2020-01-07 08:45:00,269.8,1,1,5142.2262777777705,25187944.0,4527888.0,0.21175,0,3159180.0,2256621.0,7777629.0,0
1301,2020-01-07 08:46:00,264.0,1,1,5447.29158333333,27217244.0,4743363.0,0.212,0,3329953.0,2375018.0,8245408.0,0
1301,2020-01-07 08:47:00,258.20000000000005,1,1,5684.799861111112,28838721.0,4913351.0,0.2124166666666678,0,3467642.0,2456815.0,8621875.0,0
1301,2020-01-07 08:48:00,255.2,1,1,5803.52000000001,29633125.0,5019119.0,0.2306666666666678,0,3515978.0,2531415.0,8886581.0,0
1301,2020-01-07 08:49:00,248.0,1,1,6017.26236111111,30991937.0,5191174.0,0.2529166666666678,0,3632462.0,2642320.0,9034106.0,0
1301,2020-01-07 08:50:00,236.8,1,1,6441.000666666711,33054452.0,5483362.0,0.2541388888888898,0,3883562.0,2852329.0,9264804.0,0
1301,2020-01-07 08:51:00,233.2,1,1,6534.399888888911,33643781.0,5552145.0,0.2541388888888898,0,3942326.0,2892806.0,9293248.0,0
1301,2020-01-07 08:52:00,230.4,1,1,6688.146472222311,34557811.0,5634916.0,0.2689999999999998,0,4006275.0,2977166.0,9397847.0,0
1301,2020-01-07 08:53:00,227.6,1,1,6829.873444444511,35440823.0,5715127.0,0.2693055555555558,0,4072251.0,3059192.0,9470075.0,0
1301,2020-01-07 08:54:00,224.8,1,1,6963.864999999912,36178430.0,5809651.0,0.2816666666666678,0,4140975.0,3136652.0,9701748.0,0
1301,2020-01-07 08:55:00,222.2,1,1,7074.676111111111,36729123.0,5878655.0,0.2816666666666678,0,4193835.0,3197537.0,9759377.0,0
1301,2020-01-07 08:56:00,220.2,1,1,7208.083055555512,37457344.0,5953626.0,0.2929722222222218,0,4271631.0,3250649.0,9885699.0,0
1301,2020-01-07 08:57:00,219.4,1,1,7221.425361111111,37577971.0,5989975.0,0.303277777777778,0,4274379.0,3256383.0,9920890.0,0
1301,2020-01-07 08:58:00,216.4,1,1,7356.965500000001,38622677.0,6095795.0,0.303277777777778,0,4335015.0,3335019.0,10190692.0,0
1301,2020-01-07 08:59:00,213.6,1,1,7490.0488333333315,39519053.0,6207608.0,0.3036111111111112,0,4404867.0,3419135.0,10541107.0,0
1301,2020-01-07 09:00:00,207.8,1,1,7681.933055555552,40846769.0,6378818.0,0.3044166666666668,0,4523703.0,3516935.0,10889598.0,0
1301,2020-01-07 09:01:00,205.0,1,1,7796.212361111112,42273039.0,6515747.0,0.3044166666666668,0,4566747.0,3582727.0,11249829.0,0
1301,2020-01-07 09:02:00,202.2,1,1,7930.656194444452,43478542.0,6636738.0,0.3044166666666668,0,4630983.0,3655275.0,11454761.0,0
1301,2020-01-07 09:03:00,199.4,1,1,8035.531527777772,44588209.0,6744053.0,0.3044166666666668,0,4674028.0,3728580.0,12153108.0,0
1301,2020-01-07 09:04:00,195.6,1,1,8057.415527777772,45012542.0,6803723.0,0.3108611111111114,0,4686988.0,3748882.0,12413095.0,0
1301,2020-01-07 09:05:00,189.4,1,1,8192.438527777773,46238793.0,6928510.0,0.3207222222222224,0,4781464.0,3844360.0,12650891.0,0
1301,2020-01-07 09:06:00,186.6,1,1,8284.245416666672,46806711.0,7138083.0,0.328305555555556,0,4906552.0,3886593.0,12761106.0,0
1301,2020-01-07 09:07:00,183.8,1,1,8352.645166666673,47618574.0,7239340.0,0.33025,0,4957024.0,3929726.0,12836610.0,0
1301,2020-01-07 09:08:00,182.6,1,1,8378.869277777772,47916925.0,7259815.0,0.33638888888889,0,4970992.0,3951022.0,12861129.0,0
1301,2020-01-07 09:09:00,179.8,1,1,8472.805416666672,49081933.0,7339453.0,0.34613888888889,0,5029348.0,4012467.0,12945486.0,0
1301,2020-01-07 09:10:00,179.4,1,1,8487.856611111112,49230523.0,7346721.0,0.357277777777778,0,5038588.0,4026232.0,12948347.0,0
1301,2020-01-07 09:11:00,179.20000000000002,1,1,8487.856611111112,49230523.0,7363635.0,0.357277777777778,0,5038588.0,4026568.0,12948348.0,0
1301,2020-01-07 09:12:00,176.0,1,1,8569.67413888889,50311122.0,7503437.0,0.3584444444444446,0,5067676.0,4115377.0,13082521.0,0
1301,2020-01-07 09:13:00,173.20000000000002,1,1,8676.314416666668,51938411.0,7578448.0,0.375666666666667,0,5124604.0,4169677.0,13173573.0,0
1301,2020-01-07 09:14:00,170.4,1,1,8765.037888888892,53015058.0,7657566.0,0.385777777777778,0,5181341.0,4227129.0,13312192.0,0
1301,2020-01-07 09:16:00,164.8,1,1,8889.341444444452,54368008.0,7831831.0,0.385777777777778,0,5233157.0,4303313.0,13493139.0,0
1301,2020-01-07 09:17:00,161.8,1,1,9000.771555555551,55899447.0,7913445.0,0.386,0,5309646.0,4376214.0,13569930.0,0
1301,2020-01-07 09:18:00,159.0,1,1,9134.668222222232,57294074.0,7993460.0,0.386527777777778,0,5398542.0,4438806.0,13647787.0,0
1301,2020-01-07 09:19:00,156.0,1,1,9268.721833333331,58733850.0,8071174.0,0.392444444444444,0,5487882.0,4524386.0,13702036.0,0
1301,2020-01-07 09:20:00,153.20000000000002,1,1,9395.725277777772,60547039.0,8152723.0,0.392444444444444,0,5572386.0,4585510.0,13804632.0,0
1301,2020-01-07 09:21:00,150.4,1,1,9534.834694444453,62030301.0,8246115.0,0.392444444444444,0,5645394.0,4651207.0,14051138.0,0
1301,2020-01-07 09:22:00,147.60000000000002,1,1,9637.836583333334,63286608.0,8323842.0,0.41488888888889,0,5714934.0,4696697.0,14184076.0,0
1301,2020-01-07 09:23:00,146.20000000000002,1,1,9684.343277777774,64076124.0,8366911.0,0.41688888888889,0,5752867.0,4726273.0,14224519.0,0
1301,2020-01-07 09:24:00,143.4,1,1,9820.287305555554,65860010.0,8440062.0,0.417972222222222,0,5857723.0,4783273.0,14378738.0,0
1301,2020-01-07 09:25:00,142.4,1,1,9853.599666666674,66441591.0,8462566.0,0.425861111111112,0,5874811.0,4804071.0,14406532.0,0
1301,2020-01-07 09:26:00,139.4,1,1,9917.457388888894,67450716.0,8602369.0,0.425861111111112,0,5912995.0,4839179.0,14603040.0,0
1301,2020-01-07 09:27:00,136.60000000000002,1,1,10031.998194444452,69166950.0,8719616.0,0.44025,0,5985655.0,4891177.0,14729101.0,0
1301,2020-01-07 09:28:00,133.8,1,1,10111.983083333333,70922314.0,8830363.0,0.44363888888889,0,6035167.0,4947198.0,15192071.0,0
1301,2020-01-07 09:29:00,131.0,1,1,10235.570861111111,73080184.0,8911523.0,0.451527777777778,0,6144367.0,4995410.0,15339010.0,0
1301,2020-01-07 09:30:00,129.8,1,1,10283.178305555552,74051596.0,8955489.0,0.46688888888889,0,6185719.0,5020766.0,15426461.0,0
1301,2020-01-07 09:31:00,127.0,1,1,10368.787666666674,75741830.0,9098021.0,0.47575,0,6237823.0,5069459.0,15741451.0,0
1301,2020-01-07 09:32:00,124.2,1,1,10523.619249999914,77976088.0,9200812.0,0.486166666666666,0,6333763.0,5142543.0,15924505.0,0
1301,2020-01-07 09:33:00,121.2,1,1,10651.522749999916,81007441.0,9313548.0,0.495333333333334,0,6411115.0,5235279.0,16257591.0,0
1301,2020-01-07 09:34:00,118.40000000000003,1,1,10766.658499999914,83584977.0,9398126.0,0.50138888888889,0,6477919.0,5300335.0,16340206.0,0
1301,2020-01-07 09:35:00,115.40000000000003,1,1,10917.744444444514,86454962.0,9490374.0,0.50138888888889,0,6562051.0,5364447.0,16621422.0,0
1301,2020-01-07 09:36:00,112.60000000000002,1,1,11023.859333333314,88587261.0,9565046.0,0.515027777777778,0,6616627.0,5415577.0,16821544.0,0
1301,2020-01-07 09:37:00,111.0,1,1,11113.333916666714,90590561.0,9606555.0,0.515722222222222,0,6685435.0,5456197.0,16885920.0,0
1301,2020-01-07 09:38:00,110.2,1,1,11137.283888888913,91248517.0,9618216.0,0.515722222222222,0,6696139.0,5471353.0,16912635.0,0
1301,2020-01-07 09:39:00,110.0,1,1,11137.283888888913,91248517.0,9626211.0,0.515722222222222,0,6696139.0,5471542.0,16912635.0,0
1301,2020-01-07 09:40:00,107.0,1,1,11211.667333333357,93308940.0,9726194.0,0.5162777777777776,0,6756487.0,5515660.0,17099211.0,0
1301,2020-01-07 09:41:00,104.0,1,1,11347.989277777791,96678202.0,9793964.0,0.5269999999999998,0,6825631.0,5585845.0,17182372.0,0
1301,2020-01-07 09:42:00,101.2,1,1,11463.571083333352,99707306.0,9858717.0,0.5269999999999998,0,6878252.0,5651385.0,17315050.0,0
1301,2020-01-07 09:43:00,98.2,1,1,11587.148361111133,102477815.0,9970790.0,0.568083333333334,0,6955845.0,5710633.0,17429945.0,0
1301,2020-01-07 09:44:00,95.40000000000003,1,1,11717.821972222257,105822130.0,10066834.0,0.56836111111111,0,7028061.0,5770825.0,17508725.0,0
1301,2020-01-07 09:45:00,92.60000000000002,1,1,11823.951138888911,109755320.0,10130898.0,0.56836111111111,0,7064253.0,5838827.0,17588467.0,0
1301,2020-01-07 09:46:00,89.0,1,1,11853.298000000032,110724379.0,10168650.0,0.56836111111111,0,7073493.0,5863368.0,17635293.0,0
1301,2020-01-07 09:47:00,86.19999999999999,1,1,11956.759861111132,114059425.0,10231687.0,0.56861111111111,0,7118697.0,5921042.0,17705974.0,0
1301,2020-01-07 09:48:00,83.40000000000003,1,1,12060.585638888911,117216761.0,10287119.0,0.56861111111111,0,7171041.0,5990354.0,17793477.0,0
1301,2020-01-07 09:49:00,80.60000000000002,1,1,12165.063611111133,120625297.0,10342889.0,0.568916666666666,0,7223602.0,6093259.0,17911595.0,0
1301,2020-01-07 09:50:00,77.80000000000001,1,1,12293.851527777791,124046013.0,10406641.0,0.569388888888888,0,7299250.0,6267672.0,18030077.0,0
1301,2020-01-07 09:51:00,75.80000000000001,1,1,12406.272138888911,126380137.0,10456184.0,0.573972222222222,0,7364854.0,6349956.0,18265755.0,0
1301,2020-01-07 09:52:00,72.19999999999999,1,1,12537.262388888914,129298975.0,10587432.0,0.5749999999999998,0,7442699.0,6421580.0,18413760.0,0
1301,2020-01-07 09:53:00,69.19999999999999,1,1,12664.845250000031,132987725.0,10673973.0,0.5749999999999998,0,7509575.0,6496045.0,18724122.0,0
1301,2020-01-07 09:54:00,66.40000000000003,1,1,12759.664611111131,135874050.0,10757070.0,0.575611111111111,0,7558896.0,6545494.0,19146025.0,0
1301,2020-01-07 09:55:00,63.60000000000002,1,1,12868.804555555573,138770788.0,10831612.0,0.5760277777777776,0,7628484.0,6599771.0,19533932.0,0
1301,2020-01-07 09:56:00,60.80000000000001,1,1,12968.678694444472,141943087.0,10937172.0,0.5763055555555554,0,7709652.0,6650103.0,19787783.0,0
1301,2020-01-07 09:57:00,58.0,1,1,13064.990194444472,144952613.0,11036675.0,0.5766944444444442,0,7759153.0,6712491.0,20236947.0,0
1301,2020-01-07 09:58:00,55.19999999999999,1,1,13187.354416666692,147740450.0,11117249.0,0.5932777777777776,0,7809961.0,6780589.0,20556201.0,0
1301,2020-01-07 09:59:00,52.400000000000034,1,1,13304.619555555571,150499336.0,11253490.0,0.5932777777777776,0,7852297.0,6845562.0,21027439.0,0
1301,2020-01-07 10:00:00,49.60000000000002,1,1,13405.402361111132,152519978.0,11321649.0,0.5938611111111108,0,7908769.0,6887179.0,21283656.0,0
1301,2020-01-07 10:01:00,46.80000000000001,1,1,13440.512416666694,153500633.0,11374351.0,0.5938611111111108,0,7931125.0,6908956.0,21366648.0,0
1301,2020-01-07 10:02:00,43.0,1,1,13577.925083333354,157417000.0,11470526.0,0.594166666666666,0,7994749.0,7001245.0,21726982.0,0
1301,2020-01-07 10:03:00,42.60000000000002,1,1,13599.270694444473,158124057.0,11491196.0,0.594166666666666,0,8009029.0,7015458.0,21762524.0,0
1301,2020-01-07 10:04:00,41.19999999999999,1,1,13629.928222222252,159123484.0,11517300.0,0.594166666666666,0,8027305.0,7034699.0,21866108.0,0
1301,2020-01-07 10:05:00,41.0,1,1,13630.928222222252,159123484.0,11518665.0,0.594166666666666,0,8027305.0,7034748.0,21866108.0,0
1301,2020-01-07 10:06:00,35.400000000000034,1,1,13831.415444444472,164407438.0,11668659.0,0.5952222222222217,0,8122789.0,7165805.0,22287139.0,0
1301,2020-01-07 10:07:00,32.60000000000002,1,1,13909.234666666693,165613332.0,11770631.0,0.5952222222222217,0,8154829.0,7202935.0,22537142.0,0
1301,2020-01-07 10:08:00,29.80000000000001,1,1,14005.112166666691,167611068.0,11843782.0,0.6113055555555548,0,8209561.0,7252392.0,22774224.0,0
1301,2020-01-07 10:09:00,25.400000000000038,1,1,14165.019777777814,170475826.0,11944728.0,0.621638888888888,0,8284981.0,7357774.0,23245162.0,0
1301,2020-01-07 10:10:00,22.600000000000023,1,1,14289.847222222254,172716025.0,11992789.0,0.621638888888888,0,8386201.0,7422971.0,23781698.0,0
1301,2020-01-07 10:11:00,16.80000000000001,1,1,14366.880055555594,174288025.0,12044919.0,0.627083333333332,0,8431897.0,7475127.0,23995080.0,0
1301,2020-01-07 10:12:00,13.600000000000025,1,1,14491.913694444473,175763720.0,12126936.0,0.627083333333332,0,8475997.0,7622260.0,24560294.0,0
1301,2020-01-07 10:13:00,10.800000000000011,1,1,14606.278305555592,177200402.0,12198384.0,0.68361111111111,0,8570593.0,7676465.0,24892340.0,0
1301,2020-01-07 10:14:00,9.0,1,1,14662.172250000032,177728592.0,12247629.0,0.684,0,8614837.0,7708738.0,25060820.0,0
1301,2020-01-07 10:15:00,6.199999999999989,1,1,14783.081111111132,178674147.0,12309366.0,0.684,0,8703722.0,7754906.0,25350837.0,0
1301,2020-01-07 10:16:00,3.6000000000000227,1,1,14940.709055555591,179685820.0,12368100.0,0.711555555555554,0,8800539.0,7816472.0,26029112.0,0
1301,2020-01-07 10:17:00,0.8000000000000114,1,1,15028.076555555594,180156641.0,12437533.0,0.711555555555554,0,8853243.0,7865116.0,26234018.0,0
1301,2020-01-07 10:18:00,0.1999999999999886,1,1,15079.605638888914,180454211.0,12450845.0,0.711555555555554,0,8884491.0,7894741.0,26475753.0,0
1638,2020-01-08 20:50:00,204.6,1,1,282.9045,330382.0,457444.0,0.0093333333333334,0,377760.0,129437.0,332293.0,0
1638,2020-01-08 20:51:00,201.8,1,1,407.59138888888,462567.0,537524.0,0.0093333333333334,0,529729.0,172782.0,430964.0,0
1638,2020-01-08 20:52:00,192.8,1,1,820.45819444444,996400.0,1139658.0,0.0104166666666666,0,1041613.0,351363.0,862265.0,0
1638,2020-01-08 20:53:00,190.8,1,1,913.64786111112,1160434.0,1271530.0,0.0104166666666666,0,1133473.0,400956.0,982216.0,0
1638,2020-01-08 20:54:00,186.8,1,1,1034.53633333334,1290304.0,1509768.0,0.0104166666666666,0,1286017.0,440304.0,1139958.0,0
1638,2020-01-08 20:55:00,186.0,1,1,1077.86211111112,1349168.0,1561079.0,0.0109444444444444,0,1358918.0,451401.0,1191906.0,0
1638,2020-01-08 20:56:00,185.6,1,1,1097.058,1350403.0,1583517.0,0.0109444444444444,0,1382090.0,452666.0,1198874.0,0
1638,2020-01-08 20:57:00,185.4,1,1,1099.98344444444,1358593.0,1643435.0,0.0109444444444444,0,1390286.0,454790.0,1211848.0,0
1638,2020-01-08 20:58:00,184.8,1,1,1117.72886111112,1387557.0,1666419.0,0.0109444444444444,0,1463811.0,460960.0,1232687.0,0
1638,2020-01-08 20:59:00,184.0,1,1,1158.8225,1416625.0,1731978.0,0.0109444444444444,0,1496907.0,481200.0,1298415.0,0
1638,2020-01-08 21:00:00,182.6,1,1,1239.77791666666,1506039.0,1798877.0,0.0109444444444444,0,1594767.0,504676.0,1386230.0,0
1638,2020-01-08 21:01:00,181.2,1,1,1329.67488888888,1741352.0,1925497.0,0.0109444444444444,0,1677819.0,553508.0,1576381.0,0
1638,2020-01-08 21:02:00,179.8,1,1,1412.10216666666,1975222.0,1973896.0,0.0109444444444444,0,1718331.0,602329.0,1728832.0,0
1638,2020-01-08 21:03:00,178.4,1,1,1509.31322222222,2106626.0,2140764.0,0.0149444444444444,0,1826656.0,635077.0,1808236.0,0
1638,2020-01-08 21:04:00,177.0,1,1,1570.45375,2413920.0,2313742.0,0.0149444444444444,0,1888288.0,667006.0,2041911.0,0
1638,2020-01-08 21:05:00,175.8,1,1,1626.69908333334,2745615.0,2424359.0,0.0149444444444444,0,1942804.0,695354.0,2118455.0,0
1638,2020-01-08 21:06:00,173.0,1,1,1722.39011111112,2878449.0,2675649.0,0.0149444444444444,0,2111752.0,728406.0,2249001.0,0
1638,2020-01-08 21:07:00,171.6,1,1,1789.05661111112,2940434.0,2779584.0,0.0149444444444444,0,2208136.0,746379.0,2326052.0,0
1638,2020-01-08 21:08:00,170.2,1,1,1849.121,3011064.0,2890747.0,0.0149444444444444,0,2275564.0,770999.0,2442779.0,0
1638,2020-01-08 21:09:00,168.8,1,1,1912.5868888889,3142910.0,3120730.0,0.0149444444444444,0,2325605.0,809160.0,2539395.0,0
1638,2020-01-08 21:10:00,167.2,1,1,1997.908,3272806.0,3195818.0,0.0149444444444444,0,2406449.0,848879.0,2632202.0,0
1638,2020-01-08 21:11:00,165.4,1,1,2116.9479166666,3458304.0,3334463.0,0.0171666666666666,0,2546669.0,895155.0,2781728.0,0
1638,2020-01-08 21:12:00,165.2,1,1,2117.03333333326,3458304.0,3345929.0,0.0171666666666666,0,2546670.0,895447.0,2781728.0,0
1638,2020-01-08 21:13:00,164.6,1,1,2133.55924999994,3492637.0,3393574.0,0.0171666666666666,0,2560651.0,904623.0,2818427.0,0
1638,2020-01-08 21:14:00,163.6,1,1,2175.14458333326,3529193.0,3454401.0,0.0171666666666666,0,2603024.0,922871.0,2864447.0,0
1638,2020-01-08 21:15:00,163.2,1,1,2189.58994444438,3546223.0,3471665.0,0.0171666666666666,0,2609564.0,930146.0,2889186.0,0
1638,2020-01-08 21:16:00,161.8,1,1,2265.92552777772,3610664.0,3537641.0,0.0171666666666666,0,2673405.0,959754.0,2957462.0,0
1638,2020-01-08 21:17:00,160.4,1,1,2350.86074999994,3700585.0,3606333.0,0.0171666666666666,0,2749701.0,996130.0,2989676.0,0
1638,2020-01-08 21:18:00,158.8,1,1,2429.30030555548,3760671.0,3682618.0,0.0171666666666666,0,2864853.0,1015900.0,3039869.0,0
1638,2020-01-08 21:19:00,158.4,1,1,2453.73930555548,3812645.0,3696541.0,0.0171666666666666,0,2880081.0,1031032.0,3054650.0,0
1638,2020-01-08 21:20:00,157.6,1,1,2474.45333333326,3829181.0,3773306.0,0.0171666666666666,0,2902821.0,1039656.0,3088554.0,0
1638,2020-01-08 21:21:00,156.2,1,1,2550.79219444438,3905803.0,3824669.0,0.0171666666666666,0,2967321.0,1094800.0,3154062.0,0
1638,2020-01-08 21:22:00,154.8,1,1,2612.84530555548,3950848.0,3884157.0,0.0171666666666666,0,3041049.0,1122912.0,3215084.0,0
1638,2020-01-08 21:23:00,151.8,1,1,2737.85377777772,4062025.0,3951523.0,0.0175277777777776,0,3206157.0,1165441.0,3311739.0,0
1638,2020-01-08 21:24:00,150.4,1,1,2798.2236666666,4114792.0,4019422.0,0.0175277777777776,0,3284229.0,1189853.0,3346007.0,0
1638,2020-01-08 21:25:00,149.2,1,1,2840.78044444438,4182782.0,4055237.0,0.0175277777777776,0,3351117.0,1200917.0,3388518.0,0
1638,2020-01-08 21:26:00,146.2,1,1,2981.52299999994,4256545.0,4111112.0,0.0208333333333332,0,3536241.0,1253301.0,3462657.0,0
1638,2020-01-08 21:27:00,144.6,1,1,3059.71602777772,4295519.0,4162553.0,0.0208333333333332,0,3616401.0,1285329.0,3632035.0,0
1638,2020-01-08 21:28:00,143.6,1,1,3135.88777777772,4414821.0,4211252.0,0.0208333333333332,0,3655341.0,1326269.0,3690613.0,0
1638,2020-01-08 21:29:00,141.8,1,1,3152.42555555548,4426001.0,4238279.0,0.0208333333333332,0,3661173.0,1340374.0,3777362.0,0
1638,2020-01-08 21:30:00,140.6,1,1,3210.58611111104,4542780.0,4291007.0,0.0208333333333332,0,3754173.0,1361859.0,3868167.0,0
1638,2020-01-08 21:31:00,139.4,1,1,3264.0369166666,4568858.0,4365471.0,0.0208333333333332,0,3837057.0,1374291.0,3891970.0,0
1638,2020-01-08 21:32:00,139.2,1,1,3272.78952777772,4571004.0,4365471.0,0.0208333333333332,0,3850834.0,1379203.0,3892178.0,0
1638,2020-01-08 21:33:00,138.2,1,1,3316.42958333326,4615088.0,4423035.0,0.0208333333333332,0,3901007.0,1396292.0,3936092.0,0
1638,2020-01-08 21:34:00,137.6,1,1,3318.75144444438,4615088.0,4456406.0,0.0208333333333332,0,3901007.0,1397980.0,3951224.0,0
1638,2020-01-08 21:35:00,136.4,1,1,3370.82224999994,4676253.0,4488113.0,0.0208333333333332,0,3987600.0,1416788.0,4004303.0,0
1638,2020-01-08 21:36:00,134.8,1,1,3433.54049999994,4777900.0,4563448.0,0.021611111111111,0,4069404.0,1443701.0,4090597.0,0
1638,2020-01-08 21:37:00,133.8,1,1,3485.18836111104,4824207.0,4626706.0,0.021611111111111,0,4153944.0,1461671.0,4154180.0,0
1638,2020-01-08 21:38:00,132.0,1,1,3548.36711111104,4887101.0,4678173.0,0.021611111111111,0,4235532.0,1485943.0,4213747.0,0
1638,2020-01-08 21:39:00,129.4,1,1,3659.77944444438,5028203.0,4853270.0,0.021611111111111,0,4345848.0,1534084.0,4424841.0,0
1638,2020-01-08 21:40:00,128.2,1,1,3707.46249999994,5126210.0,5049258.0,0.021611111111111,0,4390620.0,1562054.0,4558364.0,0
1638,2020-01-08 21:41:00,126.6,1,1,3738.9981666666,5178496.0,5213539.0,0.021611111111111,0,4465128.0,1578242.0,4599990.0,0
1638,2020-01-08 21:42:00,125.4,1,1,3771.95147222216,5242742.0,5331007.0,0.0319166666666666,0,4535172.0,1593042.0,4680448.0,0
1638,2020-01-08 21:43:00,123.8,1,1,3813.71561111104,5380360.0,5429469.0,0.0319166666666666,0,4565196.0,1626318.0,4788270.0,0
1638,2020-01-08 21:44:00,122.4,1,1,3885.55536111104,5490899.0,5558260.0,0.0411111111111106,0,4674601.0,1649039.0,4901175.0,0
1638,2020-01-08 21:45:00,119.4,1,1,4001.88499999994,5740200.0,5725869.0,0.0551666666666666,0,4902973.0,1688528.0,5054549.0,0
1638,2020-01-08 21:46:00,115.4,1,1,4125.2899166666,5978737.0,6014482.0,0.0642500000000006,0,5081701.0,1742752.0,5275289.0,0
1638,2020-01-08 21:47:00,114.2,1,1,4179.1933333332,6134477.0,6085709.0,0.0642500000000006,0,5154073.0,1773313.0,5341771.0,0
1638,2020-01-08 21:48:00,112.8,1,1,4220.6156666666,6255897.0,6191919.0,0.0812500000000006,0,5250974.0,1789661.0,5398464.0,0
1638,2020-01-08 21:49:00,112.2,1,1,4236.2635555554,6316191.0,6232518.0,0.0812500000000006,0,5285918.0,1799886.0,5453558.0,0
1638,2020-01-08 21:50:00,111.2,1,1,4260.758111111,6422974.0,6305188.0,0.0909166666666666,0,5320646.0,1818510.0,5499136.0,0
1638,2020-01-08 21:51:00,110.0,1,1,4324.1920555554,6908784.0,6501683.0,0.0988055555555546,0,5404694.0,1854671.0,5662884.0,0
1638,2020-01-08 21:52:00,108.6,1,1,4422.2674722222,7040045.0,6632983.0,0.1040000000000006,0,5581154.0,1879491.0,5728482.0,0
1638,2020-01-08 21:53:00,107.8,1,1,4451.6996944444,7151429.0,6727675.0,0.1079444444444446,0,5616290.0,1896919.0,5817286.0,0
1638,2020-01-08 21:54:00,107.6,1,1,4458.7768055554,7217625.0,6799474.0,0.1079444444444446,0,5619002.0,1908996.0,5864451.0,0
1638,2020-01-08 21:55:00,107.2,1,1,4472.66925,7248760.0,6840996.0,0.1079444444444446,0,5628026.0,1918228.0,5870718.0,0
1638,2020-01-08 21:56:00,105.6,1,1,4506.4480277778,7352721.0,6933166.0,0.1141666666666666,0,5720834.0,1933782.0,5996311.0,0
1638,2020-01-08 21:57:00,104.4,1,1,4551.4376388888,7442343.0,7036530.0,0.1175833333333326,0,5792570.0,1953086.0,6078341.0,0
1638,2020-01-08 21:58:00,103.0,1,1,4606.1130833332,7599552.0,7160771.0,0.1175833333333326,0,5867319.0,1988671.0,6170771.0,0
1638,2020-01-08 21:59:00,101.6,1,1,4641.3621666666,7676291.0,7230204.0,0.1175833333333326,0,5920575.0,2003463.0,6244040.0,0
1638,2020-01-08 22:00:00,100.8,1,1,4660.8699166666,7715981.0,7275522.0,0.1326388888888886,0,5995359.0,2008204.0,6289943.0,0
1638,2020-01-08 22:01:00,99.6,1,1,4696.284111111,7849777.0,7345709.0,0.1330555555555546,0,6031599.0,2025844.0,6378291.0,0
1638,2020-01-08 22:02:00,98.6,1,1,4724.8038333332,7929324.0,7396864.0,0.1330555555555546,0,6057303.0,2046673.0,6430824.0,0
1638,2020-01-08 22:03:00,97.2,1,1,4769.25225,8019609.0,7496678.0,0.1440555555555546,0,6191427.0,2064245.0,6488531.0,0
1638,2020-01-08 22:04:00,96.0,1,1,4794.8436666666,8081411.0,7577863.0,0.1440555555555546,0,6204339.0,2084738.0,6527804.0,0
1638,2020-01-08 22:05:00,94.6,1,1,4829.5942222222,8192535.0,7686413.0,0.1440555555555546,0,6259120.0,2110878.0,6627202.0,0
1638,2020-01-08 22:06:00,93.2,1,1,4872.4154166666,8283249.0,7723502.0,0.1440555555555546,0,6310996.0,2134576.0,6656322.0,0
1638,2020-01-08 22:07:00,91.8,1,1,4898.3271388888,8335912.0,7788099.0,0.1440555555555546,0,6355192.0,2148857.0,6711702.0,0
1638,2020-01-08 22:08:00,89.0,1,1,4996.5100833332,8557913.0,7952653.0,0.1440555555555546,0,6448565.0,2210121.0,6833278.0,0
1638,2020-01-08 22:09:00,80.6,1,1,5336.1745277778,8912800.0,8325298.0,0.1854444444444446,0,7005221.0,2354046.0,7241790.0,0
1638,2020-01-08 22:10:00,79.19999999999999,1,1,5385.1570555554,9114833.0,8400101.0,0.1868333333333326,0,7130837.0,2365635.0,7436154.0,0
1638,2020-01-08 22:11:00,77.80000000000001,1,1,5428.5569722222,9278594.0,8542711.0,0.1868333333333326,0,7190945.0,2374295.0,7698351.0,0
1638,2020-01-08 22:12:00,76.4,1,1,5463.4085833332,9334013.0,8652314.0,0.1975833333333326,0,7301693.0,2384303.0,7871394.0,0
1638,2020-01-08 22:13:00,75.0,1,1,5537.1134166666,9390212.0,8771238.0,0.1975833333333326,0,7395725.0,2414624.0,7943011.0,0
1638,2020-01-08 22:14:00,73.6,1,1,5576.02411111102,9469044.0,8827060.0,0.200222222222222,0,7464233.0,2434512.0,8097308.0,0
1638,2020-01-08 22:15:00,72.19999999999999,1,1,5606.51836111102,9528156.0,8893022.0,0.208388888888888,0,7597889.0,2444241.0,8146604.0,0
1638,2020-01-08 22:16:00,70.80000000000001,1,1,5641.40936111102,9615334.0,8980278.0,0.208388888888888,0,7647438.0,2460337.0,8215751.0,0
1638,2020-01-08 22:17:00,69.4,1,1,5675.3393888888,9731645.0,9125696.0,0.208388888888888,0,7660098.0,2492138.0,8286628.0,0
1638,2020-01-08 22:18:00,68.0,1,1,5693.65880555546,9783502.0,9315314.0,0.208388888888888,0,7681926.0,2510907.0,8322977.0,0
1638,2020-01-08 22:19:00,62.0,1,1,5760.76683333324,10192196.0,10059616.0,0.208388888888888,0,7761318.0,2567287.0,8503144.0,0
1638,2020-01-08 22:20:00,60.19999999999999,1,1,5785.78180555546,10258678.0,10354885.0,0.210166666666666,0,7802983.0,2583920.0,8561189.0,0
1638,2020-01-08 22:21:00,54.19999999999999,1,1,5863.15872222214,10618180.0,11188900.0,0.211305555555554,0,7917067.0,2632200.0,8774168.0,0
1638,2020-01-08 22:22:00,47.400000000000006,1,1,5965.39411111102,11178818.0,12587908.0,0.21161111111111,0,7998991.0,2709165.0,9166482.0,0
1638,2020-01-08 22:23:00,41.400000000000006,1,1,6185.99847222214,11609690.0,13176288.0,0.21161111111111,0,8312720.0,2813367.0,9512113.0,0
1638,2020-01-08 22:24:00,40.6,1,1,6216.1491388888,11629021.0,13266079.0,0.21161111111111,0,8378156.0,2824780.0,9541675.0,0
1638,2020-01-08 22:25:00,37.80000000000001,1,1,6292.42574999992,11815038.0,13500924.0,0.213166666666666,0,8489864.0,2864329.0,9701497.0,0
1638,2020-01-08 22:26:00,31.80000000000001,1,1,6544.64272222214,12494314.0,14160141.0,0.213166666666666,0,8835944.0,2989985.0,10213320.0,0
1638,2020-01-08 22:27:00,25.40000000000001,1,1,6791.66011111102,13110189.0,14829810.0,0.214416666666666,0,9121604.0,3090449.0,10768160.0,0
1638,2020-01-08 22:28:00,19.40000000000001,1,1,6967.40391666658,13527723.0,15304752.0,0.214416666666666,0,9357764.0,3157993.0,11096956.0,0
1638,2020-01-08 22:29:00,16.0,1,1,7063.59466666658,13715391.0,15602803.0,0.214722222222222,0,9456584.0,3198433.0,11282180.0,0
1638,2020-01-08 22:30:00,10.0,1,1,7237.69066666658,14089636.0,16091135.0,0.222583333333332,0,9768813.0,3277929.0,11516636.0,0
1638,2020-01-08 22:31:00,4.0,1,1,7483.97144444436,14778298.0,16495721.0,0.25347222222222,0,10198965.0,3364373.0,11991643.0,0
1638,2020-01-08 22:32:00,1.4000000000000057,1,1,7523.23055555546,14953291.0,16687939.0,0.277055555555554,0,10311441.0,3376898.0,12293334.0,0
1644,2020-01-09 00:11:00,356.0,1,1,0.52219444444444,7475.0,67938.0,0.0,0,1392.0,3464.0,30057.0,0
1644,2020-01-09 00:12:00,352.2,1,1,199.205805555556,216996.0,191127.0,0.0,0,127308.0,131736.0,151452.0,0
1644,2020-01-09 00:13:00,351.2,1,1,232.40497222222,228397.0,205778.0,0.0,0,141145.0,150516.0,169457.0,0
1644,2020-01-09 00:14:00,348.4,1,1,402.80875,390767.0,324884.0,0.0,0,235321.0,305057.0,283311.0,0
1644,2020-01-09 00:15:00,348.0,1,1,446.11625,434422.0,343227.0,0.0,0,262345.0,321933.0,309922.0,0
1644,2020-01-09 00:16:00,343.6,1,1,715.68622222222,859015.0,529725.0,0.0,0,425582.0,577961.0,505689.0,0
1644,2020-01-09 00:17:00,336.8,1,1,1158.20069444444,1642746.0,807094.0,0.0,0,684218.0,1045142.0,862344.0,0
1644,2020-01-09 00:18:00,331.0,1,1,1522.81786111112,2369264.0,1026586.0,0.0,0,885014.0,1434539.0,1133746.0,0
1644,2020-01-09 00:19:00,330.2,1,1,1593.53869444444,2505647.0,1061713.0,0.0,0,927350.0,1472119.0,1164101.0,0
1644,2020-01-09 00:20:00,329.6,1,1,1625.28994444444,2949559.0,1075311.0,0.0,0,948158.0,1536328.0,1238552.0,0
1644,2020-01-09 00:21:00,328.2,1,1,1757.03777777778,3531725.0,1148046.0,0.0,0,1003454.0,1661980.0,1315161.0,0
1644,2020-01-09 00:22:00,327.4,1,1,1817.34825,3634022.0,1175216.0,0.0,0,1043978.0,1690680.0,1349131.0,0
1644,2020-01-09 00:23:00,326.8,1,1,1837.59197222222,3676390.0,1205727.0,0.0,0,1051574.0,1729364.0,1383374.0,0
1644,2020-01-09 00:24:00,325.4,1,1,1936.43086111112,3998712.0,1262173.0,0.0,0,1101158.0,1825493.0,1468654.0,0
1644,2020-01-09 00:25:00,324.0,1,1,2056.3596944444,4422864.0,1333764.0,0.0,0,1177107.0,1911537.0,1572992.0,0
1644,2020-01-09 00:26:00,322.6,1,1,2155.2990277778,4586911.0,1381657.0,0.0,0,1241715.0,1964298.0,1641853.0,0
1644,2020-01-09 00:27:00,321.2,1,1,2271.5541944444,5260038.0,1446059.0,0.0,0,1315263.0,2020878.0,1869107.0,0
1644,2020-01-09 00:28:00,318.6,1,1,2329.08375,5610961.0,1485592.0,0.0,0,1355151.0,2038663.0,1927789.0,0
1644,2020-01-09 00:29:00,318.4,1,1,2329.08375,5610961.0,1489986.0,0.0,0,1355152.0,2038667.0,1927789.0,0
1644,2020-01-09 00:30:00,315.8,1,1,2532.3446944444,5941967.0,1597600.0,0.0,0,1479497.0,2147692.0,2029358.0,0
1644,2020-01-09 00:31:00,314.4,1,1,2614.0869166666,6064115.0,1650783.0,0.0,0,1531301.0,2189610.0,2090822.0,0
1644,2020-01-09 00:32:00,313.2,1,1,2710.9977777778,6175980.0,1693137.0,0.0,0,1589657.0,2253939.0,2143121.0,0
1644,2020-01-09 00:33:00,313.0,1,1,2733.9599444444,6191606.0,1698116.0,0.0,0,1606673.0,2257984.0,2147164.0,0
1644,2020-01-09 00:34:00,311.6,1,1,2847.5160833334,6275937.0,1748699.0,0.0,0,1681241.0,2300144.0,2187412.0,0
1644,2020-01-09 00:35:00,311.0,1,1,2884.6245833334,6302015.0,1790273.0,0.0,0,1700874.0,2315082.0,2200828.0,0
1644,2020-01-09 00:36:00,310.4,1,1,2928.3180833334,6349738.0,1819419.0,0.0,0,1731642.0,2344871.0,2218495.0,0
1644,2020-01-09 00:37:00,308.6,1,1,3065.7431388888,6470326.0,1901605.0,0.0,0,1808334.0,2428263.0,2265607.0,0
1644,2020-01-09 00:38:00,307.4,1,1,3130.2931944444,6536756.0,1931948.0,0.0,0,1846014.0,2452692.0,2298536.0,0
1644,2020-01-09 00:39:00,306.0,1,1,3249.60825,6647555.0,1979008.0,0.0,0,1923222.0,2496281.0,2342268.0,0
1644,2020-01-09 00:40:00,304.6,1,1,3372.5350555556,6717027.0,2025938.0,0.0,0,2007018.0,2543113.0,2375328.0,0
1644,2020-01-09 00:41:00,303.2,1,1,3499.9516666666,6809600.0,2059465.0,0.0,0,2101782.0,2603654.0,2409518.0,0
1644,2020-01-09 00:42:00,301.8,1,1,3609.4424444444,6877668.0,2102781.0,0.0,0,2184090.0,2655338.0,2431320.0,0
1644,2020-01-09 00:43:00,300.4,1,1,3730.8577222222,6961102.0,2139025.0,0.0,0,2263711.0,2740070.0,2474741.0,0
1644,2020-01-09 00:44:00,297.6,1,1,3968.2911111112,7125773.0,2225683.0,0.0,0,2435107.0,2871103.0,2568289.0,0
1644,2020-01-09 00:45:00,294.6,1,1,4203.7704166666,7287702.0,2321299.0,0.0,0,2620339.0,2999801.0,2641531.0,0
1644,2020-01-09 00:46:00,293.4,1,1,4308.4387777778,7356758.0,2362484.0,0.0,0,2707975.0,3046950.0,2672861.0,0
1644,2020-01-09 00:47:00,290.4,1,1,4540.2656388888,7487603.0,2459334.0,0.0,0,2848663.0,3176862.0,2745960.0,0
1644,2020-01-09 00:48:00,289.0,1,1,4640.5736388888,7553514.0,2490040.0,0.0,0,2905640.0,3273910.0,2791980.0,0
1644,2020-01-09 00:49:00,287.6,1,1,4746.8726111112,7615251.0,2531770.0,0.0,0,2964872.0,3341043.0,2821529.0,0
1644,2020-01-09 00:50:00,286.4,1,1,4820.358,7667212.0,2560708.0,0.0,0,3008169.0,3370999.0,2865378.0,0
1644,2020-01-09 00:51:00,285.0,1,1,4820.50083333334,7732316.0,2603504.0,0.0,0,3054129.0,3400543.0,2901596.0,0
1644,2020-01-09 00:52:00,283.6,1,1,4940.887,7803062.0,2637474.0,0.0,0,3121893.0,3483824.0,2949580.0,0
1644,2020-01-09 00:53:00,282.2,1,1,5052.02091666666,7898235.0,2670962.0,0.0,0,3196869.0,3557804.0,2981820.0,0
1644,2020-01-09 00:54:00,280.0,1,1,5214.84147222222,8030289.0,2739252.0,0.0,0,3300765.0,3649924.0,3036212.0,0
1644,2020-01-09 00:55:00,279.2,1,1,5270.76741666666,8086046.0,2786676.0,0.0,0,3327813.0,3674397.0,3080451.0,0
1644,2020-01-09 00:56:00,278.0,1,1,5323.55155555556,8146717.0,2817707.0,0.0,0,3360021.0,3696741.0,3102798.0,0
1644,2020-01-09 00:57:00,276.6,1,1,5437.80086111112,8257607.0,2878522.0,0.0,0,3428025.0,3747007.0,3142007.0,0
1644,2020-01-09 00:58:00,276.2,1,1,5461.00061111112,8275366.0,2894967.0,0.0,0,3446265.0,3754308.0,3150041.0,0
1644,2020-01-09 00:59:00,275.8,1,1,5503.46308333334,8298064.0,2914350.0,0.0,0,3462561.0,3771232.0,3159154.0,0
1644,2020-01-09 01:00:00,275.2,1,1,5540.60711111112,8331734.0,2943965.0,0.0,0,3487017.0,3787328.0,3177549.0,0
1644,2020-01-09 01:01:00,274.2,1,1,5613.47375,8399998.0,2978597.0,0.0,0,3521853.0,3823645.0,3207774.0,0
1644,2020-01-09 01:02:00,273.8,1,1,5659.54422222222,8430769.0,2991948.0,0.0,0,3543885.0,3852729.0,3222100.0,0
1644,2020-01-09 01:03:00,272.4,1,1,5728.32666666666,8575498.0,3029115.0,0.0,0,3589390.0,3886785.0,3263623.0,0
1644,2020-01-09 01:04:00,272.2,1,1,5735.69525,8579554.0,3036005.0,0.0,0,3592066.0,3893473.0,3268862.0,0
1644,2020-01-09 01:05:00,272.0,1,1,5753.10188888888,8593373.0,3041959.0,0.0,0,3605470.0,3897106.0,3275921.0,0
1644,2020-01-09 01:06:00,270.8,1,1,5799.16127777778,8656943.0,3091646.0,0.0,0,3632038.0,3919435.0,3302012.0,0
1644,2020-01-09 01:07:00,269.6,1,1,5840.19047222222,8751388.0,3116333.0,0.0,0,3656794.0,3941092.0,3313972.0,0
1644,2020-01-09 01:08:00,268.0,1,1,5922.60938888888,8834978.0,3214548.0,0.0,0,3716278.0,3981701.0,3373942.0,0
1644,2020-01-09 01:09:00,266.6,1,1,5999.41636111112,8993578.0,3286906.0,0.0,0,3762058.0,4036921.0,3425032.0,0
1644,2020-01-09 01:10:00,265.2,1,1,6059.919,9169364.0,3345120.0,0.0,0,3805822.0,4064242.0,3471741.0,0
1644,2020-01-09 01:11:00,263.8,1,1,6153.48080555556,9272766.0,3408690.0,0.0,0,3852623.0,4114298.0,3531866.0,0
1644,2020-01-09 01:12:00,262.6,1,1,6279.29844444444,9443625.0,3463355.0,0.0,0,3906707.0,4202119.0,3594422.0,0
1644,2020-01-09 01:13:00,259.4,1,1,6486.75522222222,9813423.0,3568460.0,0.0,0,4049039.0,4356591.0,3717208.0,0
1644,2020-01-09 01:14:00,258.0,1,1,6568.96,9943176.0,3614974.0,0.0,0,4106735.0,4398727.0,3751411.0,0
1644,2020-01-09 01:15:00,254.2,1,1,6867.6865555556,10696552.0,3853004.0,0.0,0,4269575.0,4590255.0,3959541.0,0
1644,2020-01-09 01:16:00,252.8,1,1,6975.7241111112,10815399.0,3903002.0,0.0,0,4319399.0,4648108.0,3999269.0,0
1644,2020-01-09 01:17:00,251.4,1,1,7074.5248333334,10956969.0,3955184.0,0.0,0,4382651.0,4692670.0,4047733.0,0
1644,2020-01-09 01:18:00,250.0,1,1,7165.4020555556,11097551.0,4013151.0,0.0,0,4433495.0,4731497.0,4103685.0,0
1644,2020-01-09 01:19:00,248.6,1,1,7250.8145,11217359.0,4096364.0,0.0,0,4488876.0,4767834.0,4157870.0,0
1644,2020-01-09 01:20:00,247.0,1,1,7350.6474166666,11333332.0,4150288.0,0.0,0,4541508.0,4824283.0,4203318.0,0
1644,2020-01-09 01:21:00,245.6,1,1,7424.1625277778,11424410.0,4219942.0,0.0,0,4584996.0,4864696.0,4271724.0,0
1644,2020-01-09 01:22:00,244.4,1,1,7510.8635555556,11557816.0,4269836.0,0.0,0,4635288.0,4909754.0,4339389.0,0
1644,2020-01-09 01:23:00,241.6,1,1,7722.6082777778,11775904.0,4381844.0,0.0042222222222222,0,4775184.0,5001076.0,4454843.0,0
1644,2020-01-09 01:24:00,240.0,1,1,7839.4835555556,11913184.0,4443698.0,0.0042222222222222,0,4842252.0,5066960.0,4514669.0,0
1644,2020-01-09 01:25:00,239.4,1,1,7902.4997222222,12036724.0,4496894.0,0.0042222222222222,0,4882788.0,5109673.0,4547858.0,0
1644,2020-01-09 01:26:00,238.8,1,1,7923.8071944444,12081717.0,4526027.0,0.0042222222222222,0,4898160.0,5141655.0,4575756.0,0
1644,2020-01-09 01:27:00,237.2,1,1,7989.87375,12157325.0,4569798.0,0.0042222222222222,0,4935420.0,5176089.0,4608061.0,0
1644,2020-01-09 01:28:00,236.0,1,1,8078.2982777778,12243060.0,4618496.0,0.0042222222222222,0,5005585.0,5203527.0,4652833.0,0
1644,2020-01-09 01:29:00,233.2,1,1,8268.8522777778,12419132.0,4731272.0,0.0042222222222222,0,5152657.0,5298487.0,4782833.0,0
1644,2020-01-09 01:30:00,227.0,1,1,8755.7239722222,12803594.0,4911335.0,0.0042222222222222,0,5555545.0,5508593.0,4952783.0,0
1644,2020-01-09 01:31:00,223.4,1,1,9033.1590833334,12977313.0,5000138.0,0.0042222222222222,0,5797957.0,5603517.0,5051076.0,0
1644,2020-01-09 01:32:00,222.0,1,1,9126.9346944444,13070433.0,5067205.0,0.0042222222222222,0,5880145.0,5678473.0,5117818.0,0
1644,2020-01-09 01:33:00,220.6,1,1,9224.1926944444,13148654.0,5129800.0,0.0042222222222222,0,5958373.0,5713997.0,5160679.0,0
1644,2020-01-09 01:34:00,219.8,1,1,9289.1906111112,13190709.0,5153356.0,0.0042222222222222,0,6003877.0,5754646.0,5190371.0,0
1644,2020-01-09 01:35:00,219.2,1,1,9317.4989166666,13211574.0,5170087.0,0.0042222222222222,0,6025429.0,5762127.0,5204451.0,0
1644,2020-01-09 01:36:00,217.8,1,1,9417.9462777778,13272063.0,5209009.0,0.0042222222222222,0,6099889.0,5808999.0,5223886.0,0
1644,2020-01-09 01:37:00,216.4,1,1,9513.3251666666,13345357.0,5250466.0,0.0042222222222222,0,6172213.0,5869443.0,5249938.0,0
1644,2020-01-09 01:38:00,215.6,1,1,9581.1116944444,13392404.0,5277350.0,0.0042222222222222,0,6223165.0,5896259.0,5289978.0,0
1644,2020-01-09 01:39:00,215.2,1,1,9592.8159722222,13417299.0,5288166.0,0.0042222222222222,0,6227917.0,5903704.0,5296426.0,0
1644,2020-01-09 01:40:00,215.0,1,1,9607.2938333334,13433393.0,5295160.0,0.0042222222222222,0,6245737.0,5906608.0,5301821.0,0
1644,2020-01-09 01:41:00,213.6,1,1,9697.50275,13495013.0,5333121.0,0.0042222222222222,0,6317942.0,5937392.0,5327081.0,0
1644,2020-01-09 01:42:00,212.2,1,1,9784.0936388888,13550978.0,5381468.0,0.0042222222222222,0,6369723.0,5977869.0,5359347.0,0
1644,2020-01-09 01:43:00,206.2,1,1,10109.0334166666,13828477.0,5588389.0,0.0042222222222222,0,6616348.0,6158493.0,5470809.0,0
1644,2020-01-09 01:44:00,205.0,1,1,10174.68875,13903721.0,5638843.0,0.0042222222222222,0,6672136.0,6187854.0,5490739.0,0
1644,2020-01-09 01:45:00,204.6,1,1,10201.4701388888,13924950.0,5661412.0,0.0042222222222222,0,6692680.0,6197274.0,5497460.0,0
1644,2020-01-09 01:46:00,198.4,1,1,10487.2989166666,14264627.0,5931188.0,0.0112777777777778,0,6901024.0,6334206.0,5654942.0,0
1644,2020-01-09 01:47:00,191.0,1,1,10931.6973333334,14796002.0,6294642.0,0.0165833333333334,0,7231012.0,6529486.0,5884444.0,0
1644,2020-01-09 01:48:00,189.8,1,1,11009.2388888888,14884649.0,6351855.0,0.020722222222222,0,7280104.0,6560602.0,5910301.0,0
1644,2020-01-09 01:49:00,183.6,1,1,11283.5821388888,15213445.0,6556826.0,0.020722222222222,0,7480744.0,6668650.0,6086776.0,0
1644,2020-01-09 01:50:00,180.6,1,1,11511.6641111112,15449591.0,6710981.0,0.020722222222222,0,7627912.0,6757391.0,6190815.0,0
1644,2020-01-09 01:51:00,174.6,1,1,11873.2134444444,15877187.0,7029221.0,0.020722222222222,0,7893916.0,6935704.0,6372438.0,0
1644,2020-01-09 01:52:00,169.8,1,1,12207.1007222222,16307981.0,7261518.0,0.020722222222222,0,8102668.0,7051988.0,6510121.0,0
1644,2020-01-09 01:53:00,169.4,1,1,12230.2251111112,16340910.0,7280329.0,0.020722222222222,0,8123176.0,7056036.0,6520716.0,0
1644,2020-01-09 01:54:00,163.2,1,1,12630.1125833334,16727803.0,7540368.0,0.020722222222222,0,8388748.0,7177253.0,6719460.0,0
1644,2020-01-09 01:55:00,147.6,1,1,13823.0119444444,17571959.0,8153344.0,0.02375,0,9285076.0,7528294.0,7199771.0,0
1644,2020-01-09 01:56:00,143.0,1,1,14141.15225,17763631.0,8333940.0,0.02375,0,9521476.0,7626407.0,7323076.0,0
1644,2020-01-09 01:57:00,140.2,1,1,14292.6408611112,17858375.0,8433858.0,0.02375,0,9625096.0,7674987.0,7378275.0,0
1644,2020-01-09 01:58:00,136.0,1,1,14508.6634166666,18046693.0,8608500.0,0.02375,0,9773632.0,7765012.0,7447331.0,0
1644,2020-01-09 01:59:00,130.0,1,1,14807.7963611112,18278835.0,8855422.0,0.02375,0,9992092.0,7864356.0,7547821.0,0
1644,2020-01-09 02:00:00,124.0,1,1,15111.1528055556,18601417.0,9080179.0,0.02375,0,10175044.0,7967708.0,7683905.0,0
1644,2020-01-09 02:01:00,121.2,1,1,15265.5528611112,18766296.0,9210037.0,0.02375,0,10273036.0,8022077.0,7741352.0,0
1644,2020-01-09 02:02:00,120.6,1,1,15300.0018333334,18800499.0,9252820.0,0.02375,0,10292176.0,8041811.0,7773033.0,0
1644,2020-01-09 02:03:00,119.8,1,1,15335.2246111112,18861820.0,9307499.0,0.02375,0,10314233.0,8055411.0,7818169.0,0
1644,2020-01-09 02:04:00,113.2,1,1,15643.3534166666,19430726.0,9570281.0,0.02375,0,10498673.0,8185819.0,8032214.0,0
1644,2020-01-09 02:05:00,112.8,1,1,15673.79175,19489148.0,9591693.0,0.02375,0,10522661.0,8195272.0,8048165.0,0
1644,2020-01-09 02:06:00,111.4,1,1,15749.7419166666,19661008.0,9668952.0,0.02375,0,10570397.0,8234408.0,8110240.0,0
1644,2020-01-09 02:07:00,108.6,1,1,15935.7148055556,20293419.0,9836107.0,0.02375,0,10669193.0,8340134.0,8258973.0,0
1644,2020-01-09 02:08:00,105.8,1,1,16081.67575,20920370.0,10080338.0,0.02375,0,10755305.0,8426918.0,8442403.0,0
1644,2020-01-09 02:09:00,99.2,1,1,16391.4450555556,21855967.0,10397825.0,0.02375,0,10939182.0,8571460.0,8679302.0,0
1644,2020-01-09 02:10:00,98.0,1,1,16455.0247777778,21942209.0,10467102.0,0.02375,0,10984171.0,8588936.0,8717159.0,0
1644,2020-01-09 02:11:00,95.2,1,1,16660.3635,22229106.0,10609868.0,0.02375,0,11119423.0,8667864.0,8814867.0,0
1644,2020-01-09 02:12:00,90.8,1,1,16661.3635,22562076.0,10824524.0,0.02375,0,11280140.0,8755661.0,8970269.0,0
1644,2020-01-09 02:13:00,89.60000000000002,1,1,16661.3635,22669417.0,10899560.0,0.02375,0,11349668.0,8787109.0,9003809.0,0
1644,2020-01-09 02:14:00,89.0,1,1,16661.3635,22706909.0,10932255.0,0.02375,0,11368904.0,8798634.0,9026806.0,0
1644,2020-01-09 02:15:00,83.0,1,1,16661.3635,23145984.0,11255617.0,0.02375,0,11718344.0,8939308.0,9231010.0,0
1644,2020-01-09 02:16:00,80.60000000000002,1,1,16661.3635,23298669.0,11336594.0,0.02375,0,11872652.0,9009569.0,9316043.0,0
1644,2020-01-09 02:17:00,77.19999999999999,1,1,16662.3635,23482762.0,11472743.0,0.02375,0,12080900.0,9096146.0,9449839.0,0
1644,2020-01-09 02:18:00,71.19999999999999,1,1,16662.3635,23816628.0,11687243.0,0.02375,0,12413096.0,9243910.0,9632489.0,0
1644,2020-01-09 02:19:00,65.19999999999999,1,1,16662.3635,24145957.0,11941003.0,0.02375,0,12742136.0,9389818.0,9767130.0,0
1644,2020-01-09 02:20:00,63.80000000000001,1,1,16663.3635,24210632.0,12003273.0,0.02375,0,12812996.0,9423139.0,9807807.0,0
1644,2020-01-09 02:21:00,62.0,1,1,16664.3635,24293637.0,12072147.0,0.02375,0,12888416.0,9457132.0,9839085.0,0
1644,2020-01-09 02:22:00,61.60000000000002,1,1,16665.3635,24321067.0,12090360.0,0.02375,0,12897920.0,9467448.0,9853593.0,0
1644,2020-01-09 02:23:00,60.60000000000002,1,1,16665.3635,24407595.0,12142061.0,0.02375,0,12941948.0,9490508.0,9886223.0,0
1644,2020-01-09 02:24:00,60.19999999999999,1,1,16666.3635,24436781.0,12165370.0,0.02375,0,12962841.0,9499253.0,9897481.0,0
1644,2020-01-09 02:25:00,59.60000000000002,1,1,16666.3635,24485830.0,12197428.0,0.02375,0,12989554.0,9510942.0,9915798.0,0
1644,2020-01-09 02:26:00,58.19999999999999,1,1,16666.3635,24650579.0,12260102.0,0.02375,0,13074142.0,9554646.0,9974727.0,0
1644,2020-01-09 02:27:00,52.19999999999999,1,1,16667.3635,25146555.0,12493634.0,0.02375,0,13355998.0,9686459.0,10155440.0,0
1644,2020-01-09 02:28:00,45.39999999999998,1,1,16667.3635,25855692.0,12883556.0,0.02375,0,13689706.0,9829587.0,10449877.0,0
1644,2020-01-09 02:29:00,44.19999999999999,1,1,16667.3635,26183396.0,12941406.0,0.02375,0,13724854.0,9857379.0,10488877.0,0
1644,2020-01-09 02:30:00,43.39999999999998,1,1,16667.3635,26309158.0,13004768.0,0.02375,0,13780954.0,9891521.0,10535859.0,0
1644,2020-01-09 02:31:00,40.0,1,1,16667.3635,26868353.0,13177928.0,0.02375,0,13912258.0,9966914.0,10667510.0,0
1644,2020-01-09 02:32:00,34.0,1,1,16667.3635,27705722.0,13484832.0,0.02375,0,14225626.0,10151046.0,10890226.0,0
1644,2020-01-09 02:33:00,28.0,1,1,16667.3635,28384712.0,13860532.0,0.02375,0,14500342.0,10317286.0,11124031.0,0
1644,2020-01-09 02:34:00,27.399999999999977,1,1,16667.3635,28514531.0,13888664.0,0.02375,0,14547982.0,10341175.0,11145481.0,0
1644,2020-01-09 02:35:00,26.0,1,1,16667.3635,28723909.0,13964780.0,0.02375,0,14630578.0,10371071.0,11188862.0,0
1644,2020-01-09 02:36:00,25.19999999999999,1,1,16667.3635,28839128.0,14027219.0,0.02375,0,14681230.0,10394423.0,11250652.0,0
1644,2020-01-09 02:37:00,19.0,1,1,16667.3635,29481302.0,14355638.0,0.02375,0,15015394.0,10545331.0,11476202.0,0
1644,2020-01-09 02:38:00,17.600000000000023,1,1,16668.3635,29641813.0,14423914.0,0.02375,0,15107290.0,10581475.0,11512732.0,0
1644,2020-01-09 02:40:00,14.399999999999975,1,1,16668.3635,29913201.0,14591485.0,0.02375,0,15282070.0,10652892.0,11625871.0,0
1644,2020-01-09 02:41:00,9.0,1,1,16668.3635,30471512.0,14837341.0,0.02375,0,15674302.0,10832957.0,11783873.0,0
1644,2020-01-09 02:42:00,3.3999999999999773,1,1,16669.3635,30987651.0,15064581.0,0.02375,0,16081366.0,11005141.0,11909908.0,0
1644,2020-01-09 02:43:00,2.800000000000012,1,1,16669.3635,31032761.0,15087253.0,0.02375,0,16119802.0,11023277.0,11929681.0,0
1646,2020-01-09 02:44:00,265.79999999999995,1,1,218.69477777778,281515.0,392860.0,0.0,0,275472.0,129073.0,179088.0,0
1646,2020-01-09 02:45:00,264.79999999999995,1,1,291.95252777778,375232.0,447122.0,0.0,0,347928.0,168137.0,268580.0,0
1646,2020-01-09 02:46:00,264.4,1,1,318.50916666666,403650.0,504881.0,0.0,0,377580.0,189049.0,305072.0,0
1646,2020-01-09 02:47:00,258.79999999999995,1,1,603.52513888888,738348.0,1064011.0,0.0,0,777228.0,340818.0,616617.0,0
1646,2020-01-09 02:48:00,253.4,1,1,861.49655555556,1017277.0,1402973.0,0.0042777777777778,0,1124832.0,468442.0,788191.0,0
1646,2020-01-09 02:49:00,252.0,1,1,910.25175,1121979.0,1527708.0,0.0066388888888888,0,1211712.0,496907.0,835316.0,0
1646,2020-01-09 02:50:00,250.6,1,1,991.65775,1460239.0,1664299.0,0.0066388888888888,0,1279597.0,569624.0,937705.0,0
1646,2020-01-09 02:51:00,249.2,1,1,1100.19197222222,1591266.0,1763814.0,0.0066388888888888,0,1404794.0,612412.0,996257.0,0
1646,2020-01-09 02:52:00,247.8,1,1,1186.83583333334,1660999.0,1854645.0,0.0066388888888888,0,1498754.0,651064.0,1032930.0,0
1646,2020-01-09 02:53:00,247.6,1,1,1213.50841666666,1687974.0,1864915.0,0.0066388888888888,0,1545602.0,656625.0,1045371.0,0
1646,2020-01-09 02:54:00,246.4,1,1,1257.61863888888,1746539.0,1933451.0,0.0066388888888888,0,1662014.0,675905.0,1068498.0,0
1646,2020-01-09 02:55:00,245.8,1,1,1263.70786111112,1790090.0,1966406.0,0.0066388888888888,0,1662434.0,682328.0,1111320.0,0
1646,2020-01-09 02:56:00,243.6,1,1,1358.42597222222,2117404.0,2215539.0,0.0066388888888888,0,1746266.0,728936.0,1300093.0,0
1646,2020-01-09 02:57:00,242.2,1,1,1430.56586111112,2490686.0,2379794.0,0.0066388888888888,0,1818290.0,776884.0,1521926.0,0
1646,2020-01-09 02:58:00,241.0,1,1,1485.23616666666,2733461.0,2688155.0,0.0066388888888888,0,1828430.0,826364.0,1724674.0,0
1646,2020-01-09 02:59:00,239.6,1,1,1562.36961111112,2783420.0,2759356.0,0.0066388888888888,0,1925450.0,856917.0,1819184.0,0
1646,2020-01-09 03:00:00,238.2,1,1,1665.01008333334,2909988.0,2871897.0,0.0066388888888888,0,2050862.0,908089.0,1915423.0,0
1646,2020-01-09 03:01:00,236.8,1,1,1738.42102777778,3014586.0,2967408.0,0.0066388888888888,0,2108342.0,949461.0,2032514.0,0
1646,2020-01-09 03:02:00,235.4,1,1,1823.84516666666,3100971.0,3063765.0,0.0066388888888888,0,2206742.0,977818.0,2093263.0,0
1646,2020-01-09 03:03:00,234.0,1,1,1874.54122222222,3175916.0,3218946.0,0.0066388888888888,0,2246906.0,1015650.0,2257180.0,0
1646,2020-01-09 03:04:00,231.0,1,1,2043.2442222222,3399893.0,3409877.0,0.0126944444444444,0,2388338.0,1110984.0,2484745.0,0
1646,2020-01-09 03:05:00,229.8,1,1,2113.4634444444,3463892.0,3468689.0,0.0126944444444444,0,2446874.0,1148362.0,2559691.0,0
1646,2020-01-09 03:06:00,228.4,1,1,2203.4031944444,3536809.0,3529217.0,0.0126944444444444,0,2533130.0,1195066.0,2658790.0,0
1646,2020-01-09 03:07:00,227.0,1,1,2322.6618055556,3577213.0,3590928.0,0.0126944444444444,0,2646914.0,1238640.0,2710842.0,0
1646,2020-01-09 03:08:00,225.6,1,1,2423.77775,3623116.0,3633061.0,0.0126944444444444,0,2753426.0,1277025.0,2791728.0,0
1646,2020-01-09 03:09:00,225.4,1,1,2431.6025277778,3634387.0,3638144.0,0.0126944444444444,0,2764598.0,1283877.0,2810578.0,0
1646,2020-01-09 03:10:00,224.2,1,1,2474.8677777778,3697333.0,3662909.0,0.0126944444444444,0,2794670.0,1317610.0,2852386.0,0
1646,2020-01-09 03:11:00,222.6,1,1,2556.0592222222,3857663.0,3727337.0,0.0126944444444444,0,2886998.0,1358331.0,3001561.0,0
1646,2020-01-09 03:12:00,221.4,1,1,2659.3446111112,3892659.0,3798668.0,0.0135,0,2975318.0,1419889.0,3080172.0,0
1646,2020-01-09 03:13:00,220.0,1,1,2715.4678888888,3945570.0,3840008.0,0.0135,0,3024902.0,1453245.0,3100439.0,0
1646,2020-01-09 03:14:00,218.6,1,1,2774.2221666666,4000287.0,3939120.0,0.0174166666666666,0,3079082.0,1485601.0,3238954.0,0
1646,2020-01-09 03:15:00,217.0,1,1,2856.6193055556,4087257.0,4025895.0,0.0174166666666666,0,3177902.0,1522649.0,3295621.0,0
1646,2020-01-09 03:16:00,215.8,1,1,2931.4117777778,4176671.0,4106079.0,0.0174166666666666,0,3259646.0,1565165.0,3441260.0,0
1646,2020-01-09 03:17:00,212.8,1,1,3012.7508055556,4432537.0,4361776.0,0.0174166666666666,0,3365990.0,1597393.0,3610546.0,0
1646,2020-01-09 03:18:00,211.6,1,1,3101.7770833334,4496732.0,4452373.0,0.0174166666666666,0,3448802.0,1613831.0,3704510.0,0
1646,2020-01-09 03:19:00,210.0,1,1,3193.9374722222,4720112.0,4528683.0,0.0174166666666666,0,3591938.0,1629679.0,3822966.0,0
1646,2020-01-09 03:20:00,208.8,1,1,3231.6814722222,4775765.0,4590225.0,0.0174166666666666,0,3633338.0,1643111.0,3919166.0,0
1646,2020-01-09 03:21:00,207.2,1,1,3269.7651666666,4882365.0,4758536.0,0.0174166666666666,0,3693422.0,1664612.0,3974248.0,0
1646,2020-01-09 03:22:00,206.0,1,1,3343.7472777778,4942126.0,4871662.0,0.0198611111111112,0,3786542.0,1684864.0,4010311.0,0
1646,2020-01-09 03:23:00,203.6,1,1,3472.748,5068291.0,4941706.0,0.0198611111111112,0,3922322.0,1748464.0,4150321.0,0
1646,2020-01-09 03:24:00,203.0,1,1,3476.0365833334,5089858.0,4971073.0,0.0198611111111112,0,3922430.0,1751604.0,4177882.0,0
1646,2020-01-09 03:25:00,201.6,1,1,3492.661,5134123.0,5096757.0,0.0198611111111112,0,3952346.0,1760149.0,4215700.0,0
1646,2020-01-09 03:26:00,200.4,1,1,3502.7806666666,5200332.0,5251054.0,0.0198611111111112,0,3972855.0,1764718.0,4233004.0,0
1646,2020-01-09 03:27:00,198.8,1,1,3525.7316944444,5290410.0,5399800.0,0.0198611111111112,0,4009347.0,1777953.0,4269664.0,0
1646,2020-01-09 03:28:00,197.6,1,1,3540.5968055556,5336547.0,5534896.0,0.022472222222222,0,4043547.0,1783282.0,4300539.0,0
1646,2020-01-09 03:29:00,196.2,1,1,3556.5395833334,5406137.0,5702830.0,0.022472222222222,0,4059903.0,1791863.0,4342282.0,0
1646,2020-01-09 03:30:00,194.8,1,1,3570.0766944444,5465209.0,5966535.0,0.022472222222222,0,4074303.0,1800881.0,4386859.0,0
1646,2020-01-09 03:31:00,193.2,1,1,3592.6960277778,5529208.0,6140410.0,0.022472222222222,0,4128123.0,1809910.0,4455538.0,0
1646,2020-01-09 03:32:00,192.0,1,1,3612.3659166666,5596925.0,6373513.0,0.022472222222222,0,4156779.0,1818666.0,4517782.0,0
1646,2020-01-09 03:33:00,190.4,1,1,3626.521,5703122.0,6721757.0,0.022472222222222,0,4196607.0,1827260.0,4591765.0,0
1646,2020-01-09 03:34:00,189.8,1,1,3628.3442222222,5708803.0,6920033.0,0.022472222222222,0,4197975.0,1828114.0,4610940.0,0
1646,2020-01-09 03:35:00,189.2,1,1,3636.9034166666,5755772.0,7131660.0,0.022472222222222,0,4210455.0,1833054.0,4664942.0,0
1646,2020-01-09 03:36:00,187.8,1,1,3663.6496666666,5910706.0,7408196.0,0.022472222222222,0,4266111.0,1849864.0,4734584.0,0
1646,2020-01-09 03:37:00,186.4,1,1,3681.8115,5990643.0,7845425.0,0.022472222222222,0,4301835.0,1862160.0,4811089.0,0
1646,2020-01-09 03:38:00,184.8,1,1,3700.25175,6087324.0,8071755.0,0.022472222222222,0,4340956.0,1871996.0,4853859.0,0
1646,2020-01-09 03:39:00,182.6,1,1,3745.3188611112,6248056.0,8377723.0,0.022472222222222,0,4366672.0,1900196.0,5116628.0,0
1646,2020-01-09 03:40:00,180.8,1,1,3762.6871111112,6336638.0,8523479.0,0.022472222222222,0,4371808.0,1915104.0,5255195.0,0
1646,2020-01-09 03:41:00,179.2,1,1,3838.0221666666,6519990.0,8686643.0,0.023333333333334,0,4440436.0,1963180.0,5423155.0,0
1646,2020-01-09 03:42:00,177.99999999999997,1,1,3871.0676388888,6659324.0,8873635.0,0.023333333333334,0,4491508.0,1985188.0,5503911.0,0
1646,2020-01-09 03:43:00,176.59999999999997,1,1,3949.9008888888,6941139.0,9131737.0,0.023333333333334,0,4602641.0,2017676.0,5590140.0,0
1646,2020-01-09 03:44:00,175.2,1,1,4007.2597777778,7149451.0,9875936.0,0.023333333333334,0,4632365.0,2086556.0,5821748.0,0
1646,2020-01-09 03:45:00,173.79999999999998,1,1,4026.9088055556,7211240.0,10655767.0,0.023333333333334,0,4662809.0,2097169.0,5997989.0,0
1646,2020-01-09 03:46:00,173.59999999999997,1,1,4028.732,7211240.0,10678790.0,0.023333333333334,0,4663037.0,2098785.0,6008753.0,0
1646,2020-01-09 03:47:00,172.2,1,1,4044.5024166666,7264735.0,10873790.0,0.023333333333334,0,4693553.0,2107645.0,6086727.0,0
1646,2020-01-09 03:48:00,170.79999999999998,1,1,4059.3292777778,7300109.0,11103891.0,0.023333333333334,0,4716557.0,2118469.0,6141015.0,0
1646,2020-01-09 03:49:00,169.39999999999998,1,1,4078.2768888888,7347547.0,11341518.0,0.023333333333334,0,4748285.0,2131845.0,6190714.0,0
1646,2020-01-09 03:50:00,168.2,1,1,4133.8019722222,7470930.0,11503537.0,0.023333333333334,0,4791929.0,2160505.0,6292985.0,0
1646,2020-01-09 03:51:00,166.79999999999998,1,1,4184.274,7578804.0,11657003.0,0.023333333333334,0,4868609.0,2183965.0,6344751.0,0
1646,2020-01-09 03:52:00,164.99999999999997,1,1,4256.8480555556,7636940.0,11730518.0,0.023333333333334,0,4955141.0,2208202.0,6384531.0,0
1646,2020-01-09 03:53:00,163.99999999999997,1,1,4321.4849166666,7691410.0,11829123.0,0.026166666666666,0,5063177.0,2226191.0,6435348.0,0
1646,2020-01-09 03:54:00,162.59999999999997,1,1,4370.6273333334,7793850.0,11972994.0,0.02725,0,5134781.0,2246909.0,6539128.0,0
1646,2020-01-09 03:55:00,161.2,1,1,4419.2974166666,7901906.0,12019210.0,0.02725,0,5181521.0,2274835.0,6605025.0,0
1646,2020-01-09 03:56:00,159.79999999999998,1,1,4467.4528333334,7992958.0,12083222.0,0.031888888888888,0,5228873.0,2296628.0,6676135.0,0
1646,2020-01-09 03:57:00,158.39999999999998,1,1,4519.2371111112,8100469.0,12160456.0,0.031888888888888,0,5285165.0,2316928.0,6729851.0,0
1646,2020-01-09 03:58:00,155.59999999999997,1,1,4603.8048611112,8240245.0,12383939.0,0.038027777777778,0,5368901.0,2360421.0,6825622.0,0
1646,2020-01-09 03:59:00,154.79999999999998,1,1,4632.2406388888,8270600.0,12430856.0,0.041166666666666,0,5406149.0,2374693.0,6859084.0,0
1646,2020-01-09 04:00:00,147.79999999999998,1,1,4931.67024999992,8781839.0,12778788.0,0.0572777777777772,0,5770097.0,2500245.0,7282650.0,0
1646,2020-01-09 04:01:00,147.2,1,1,4955.5718888888,8809048.0,12802397.0,0.0580833333333326,0,5804957.0,2507931.0,7321546.0,0
1646,2020-01-09 04:02:00,145.79999999999998,1,1,5000.90166666658,8968857.0,12852356.0,0.071527777777778,0,5872925.0,2534805.0,7360911.0,0
1646,2020-01-09 04:03:00,144.39999999999998,1,1,5069.25269444436,9069425.0,12985177.0,0.071527777777778,0,5912525.0,2573462.0,7443734.0,0
1646,2020-01-09 04:04:00,142.59999999999997,1,1,5106.48630555546,9189493.0,13107884.0,0.071527777777778,0,5945357.0,2597398.0,7542938.0,0
1646,2020-01-09 04:05:00,141.59999999999997,1,1,5115.87391666658,9226751.0,13139162.0,0.071527777777778,0,5952317.0,2616012.0,7550361.0,0
1646,2020-01-09 04:06:00,140.2,1,1,5144.9221388888,9302749.0,13230643.0,0.071527777777778,0,5959229.0,2636465.0,7620067.0,0
1646,2020-01-09 04:07:00,137.39999999999998,1,1,5253.48916666658,9487687.0,13343080.0,0.071527777777778,0,6080465.0,2700570.0,7689006.0,0
1646,2020-01-09 04:08:00,135.99999999999997,1,1,5293.44330555546,9539531.0,13409524.0,0.078444444444444,0,6103409.0,2733190.0,7734428.0,0
1646,2020-01-09 04:09:00,135.59999999999997,1,1,5294.44330555546,9539532.0,13412242.0,0.078444444444444,0,6103409.0,2733254.0,7737223.0,0
1646,2020-01-09 04:10:00,134.59999999999997,1,1,5319.50927777768,9726355.0,13459887.0,0.078444444444444,0,6123989.0,2745162.0,7781241.0,0
1646,2020-01-09 04:11:00,129.99999999999997,1,1,5439.01594444436,10406580.0,13827020.0,0.164416666666666,0,6248010.0,2822695.0,8055346.0,0
1646,2020-01-09 04:12:00,129.39999999999998,1,1,5446.91199999992,10413795.0,13890161.0,0.164416666666666,0,6262578.0,2826292.0,8076055.0,0
1646,2020-01-09 04:13:00,124.2,1,1,5585.88530555546,10849178.0,14390596.0,0.165805555555554,0,6436638.0,2907173.0,8346910.0,0
1646,2020-01-09 04:14:00,121.79999999999998,1,1,5652.79761111102,10989214.0,14937402.0,0.165805555555554,0,6508014.0,2949710.0,8657090.0,0
1646,2020-01-09 04:15:00,121.59999999999997,1,1,5653.1591388888,10989214.0,14947452.0,0.165805555555554,0,6508014.0,2950450.0,8663565.0,0
1646,2020-01-09 04:16:00,120.79999999999998,1,1,5666.7421388888,11004749.0,15024906.0,0.165805555555554,0,6519114.0,2961455.0,8674108.0,0
1646,2020-01-09 04:17:00,114.39999999999998,1,1,5882.05352777768,11437350.0,15699386.0,0.166555555555554,0,6878719.0,3089035.0,9169798.0,0
1646,2020-01-09 04:18:00,108.39999999999998,1,1,6048.43658333324,11837855.0,16274194.0,0.166555555555554,0,7050655.0,3161755.0,9453549.0,0
1646,2020-01-09 04:19:00,102.2,1,1,6250.8728888888,12243222.0,17237039.0,0.166555555555554,0,7524727.0,3249235.0,9769085.0,0
1646,2020-01-09 04:20:00,95.99999999999996,1,1,6469.9362777777,12720192.0,18087447.0,0.166555555555554,0,7971199.0,3338835.0,10279907.0,0
1646,2020-01-09 04:21:00,92.59999999999997,1,1,6578.51999999992,12947016.0,18567992.0,0.166555555555554,0,8248051.0,3378087.0,10476974.0,0
1646,2020-01-09 04:22:00,88.19999999999999,1,1,6691.7290277776,13184071.0,19180409.0,0.172444444444444,0,8529752.0,3428316.0,10718592.0,0
1646,2020-01-09 04:23:00,82.19999999999999,1,1,6886.2012222222,13531106.0,19938530.0,0.175777777777778,0,8868836.0,3537952.0,11221315.0,0
1646,2020-01-09 04:24:00,76.19999999999999,1,1,7057.781361111,14295870.0,20836193.0,0.177694444444444,0,9102896.0,3602476.0,11859863.0,0
1646,2020-01-09 04:25:00,70.19999999999999,1,1,7264.5989444444,15526658.0,21264062.0,0.177694444444444,0,9476828.0,3677121.0,12295649.0,0
1646,2020-01-09 04:26:00,64.19999999999999,1,1,7488.68775,16126972.0,21689786.0,0.179305555555556,0,9830072.0,3787930.0,12684830.0,0
1646,2020-01-09 04:27:00,63.19999999999999,1,1,7553.98225,16176776.0,21797712.0,0.179305555555556,0,9900032.0,3806808.0,12730525.0,0
1646,2020-01-09 04:28:00,62.39999999999998,1,1,7593.2494722222,16275498.0,21838779.0,0.179305555555556,0,9923877.0,3828105.0,12798165.0,0
1646,2020-01-09 04:29:00,50.79999999999998,1,1,7794.2898055554,16642462.0,22255143.0,0.179305555555556,0,10140297.0,3952180.0,13088884.0,0
1646,2020-01-09 04:30:00,48.39999999999998,1,1,7868.982611111,16732734.0,22431566.0,0.179305555555556,0,10224933.0,3972585.0,13246808.0,0
1646,2020-01-09 04:31:00,42.39999999999998,1,1,8041.8175,17195664.0,23041279.0,0.179305555555556,0,10417786.0,4044007.0,13726365.0,0
1646,2020-01-09 04:32:00,34.99999999999997,1,1,8233.162611111,17768067.0,23686300.0,0.179305555555556,0,10666486.0,4101607.0,14172174.0,0
1646,2020-01-09 04:33:00,28.99999999999997,1,1,8450.0938888888,18409644.0,24605050.0,0.179305555555556,0,10894318.0,4170679.0,14772761.0,0
1646,2020-01-09 04:34:00,27.799999999999983,1,1,8501.103111111,18651249.0,25088533.0,0.179305555555556,0,10968574.0,4182291.0,15401558.0,0
1646,2020-01-09 04:35:00,25.799999999999983,1,1,8578.1356944444,18784239.0,25522915.0,0.179305555555556,0,11033818.0,4206772.0,15642032.0,0
1646,2020-01-09 04:36:00,23.399999999999977,1,1,8657.0400833332,18917320.0,25905895.0,0.179305555555556,0,11128126.0,4237084.0,15866048.0,0
1646,2020-01-09 04:37:00,19.399999999999977,1,1,8767.2911388888,19246259.0,26383879.0,0.179305555555556,0,11263762.0,4280540.0,16220051.0,0
1646,2020-01-09 04:38:00,18.19999999999999,1,1,8793.7668055554,19315367.0,26502791.0,0.179305555555556,0,11315807.0,4288893.0,16371384.0,0
1646,2020-01-09 04:39:00,12.199999999999989,1,1,8953.6690833332,19757562.0,27011338.0,0.179305555555556,0,11490059.0,4348346.0,16727272.0,0
1646,2020-01-09 04:40:00,6.0,1,1,9131.3615,20132131.0,27506469.0,0.179305555555556,0,11736695.0,4406469.0,17035581.0,0
1646,2020-01-09 04:41:00,0.1999999999999886,1,1,9299.0936388888,20466946.0,27901656.0,0.179305555555556,0,11965115.0,4465521.0,17278408.0,0
1656,2020-01-09 04:42:00,189.0,1,1,190.32475,255802.0,377559.0,0.0,0,127897.0,125932.0,157196.0,0
1656,2020-01-09 04:43:00,182.4,1,1,476.53166666666,520183.0,813098.0,0.0,0,451393.0,259001.0,421668.0,0
1656,2020-01-09 04:44:00,176.0,1,1,823.28963888888,1086334.0,1197664.0,0.0,0,860941.0,438930.0,816674.0,0
1656,2020-01-09 04:45:00,173.2,1,1,970.90863888888,1338079.0,1465399.0,0.0,0,947401.0,559042.0,1082498.0,0
1656,2020-01-09 04:46:00,170.0,1,1,1008.35613888888,1439011.0,1572507.0,0.0,0,981217.0,583018.0,1144769.0,0
1656,2020-01-09 04:47:00,168.6,1,1,1061.55558333334,1618450.0,1808510.0,0.0,0,1019653.0,625743.0,1280788.0,0
1656,2020-01-09 04:48:00,167.39999999999998,1,1,1115.26130555556,1683672.0,1894687.0,0.0,0,1134565.0,646835.0,1320412.0,0
1656,2020-01-09 04:49:00,165.79999999999998,1,1,1196.13472222222,1777051.0,2050817.0,0.0,0,1231657.0,680568.0,1441845.0,0
1656,2020-01-09 04:50:00,163.0,1,1,1319.89908333334,2250004.0,2381407.0,0.0,0,1319833.0,771565.0,1691524.0,0
1656,2020-01-09 04:51:00,161.6,1,1,1374.41286111112,2351469.0,2446862.0,0.0,0,1395025.0,793146.0,1757564.0,0
1656,2020-01-09 04:52:00,160.2,1,1,1434.23886111112,2530388.0,2530088.0,0.0,0,1521145.0,819483.0,1806860.0,0
1656,2020-01-09 04:53:00,157.6,1,1,1539.37966666666,2788841.0,3355731.0,0.0,0,1614494.0,874944.0,2006411.0,0
1656,2020-01-09 04:54:00,156.2,1,1,1601.38636111112,2958530.0,3407055.0,0.0,0,1689278.0,902325.0,2068759.0,0
1656,2020-01-09 04:55:00,154.6,1,1,1631.52386111112,3097201.0,3500447.0,0.0,0,1765934.0,917433.0,2152349.0,0
1656,2020-01-09 04:56:00,153.39999999999998,1,1,1674.64105555556,3248027.0,3676480.0,0.0,0,1818266.0,935798.0,2231922.0,0
1656,2020-01-09 04:57:00,152.0,1,1,1730.68611111112,3364572.0,3731600.0,0.0,0,1874642.0,965678.0,2296871.0,0
1656,2020-01-09 04:58:00,150.6,1,1,1793.5518888889,3516789.0,3864331.0,0.0,0,1916054.0,1000031.0,2390822.0,0
1656,2020-01-09 04:59:00,150.0,1,1,1835.1908888889,3570102.0,3882831.0,0.0,0,1946054.0,1023063.0,2412493.0,0
1656,2020-01-09 05:00:00,149.39999999999998,1,1,1871.3665,3596232.0,3935897.0,0.0,0,1980818.0,1038171.0,2427560.0,0
1656,2020-01-09 05:01:00,147.79999999999998,1,1,1928.07552777778,3741273.0,4013351.0,0.0,0,2012595.0,1075147.0,2489648.0,0
1656,2020-01-09 05:02:00,146.39999999999998,1,1,1995.51216666666,3797265.0,4101517.0,0.0,0,2084115.0,1101988.0,2548031.0,0
1656,2020-01-09 05:03:00,146.2,1,1,2013.31275,3815153.0,4105885.0,0.0,0,2098371.0,1111184.0,2559549.0,0
1656,2020-01-09 05:04:00,145.0,1,1,2049.1163611112,3843273.0,4141674.0,0.0,0,2134587.0,1129132.0,2591607.0,0
1656,2020-01-09 05:05:00,142.79999999999998,1,1,2174.9948055556,3949275.0,4304824.0,0.0,0,2198139.0,1188020.0,2642255.0,0
1656,2020-01-09 05:06:00,142.2,1,1,2191.3212222222,3974339.0,4350909.0,0.0,0,2201835.0,1205597.0,2665798.0,0
1656,2020-01-09 05:07:00,140.79999999999998,1,1,2281.8182777778,4060815.0,4433680.0,0.0,0,2286723.0,1250777.0,2688314.0,0
1656,2020-01-09 05:08:00,139.2,1,1,2370.5005833334,4144743.0,4500995.0,0.0,0,2344611.0,1287353.0,2721023.0,0
1656,2020-01-09 05:09:00,138.0,1,1,2423.5408055556,4192376.0,4574679.0,0.0,0,2422035.0,1307773.0,2759568.0,0
1656,2020-01-09 05:10:00,136.6,1,1,2489.0942777778,4221041.0,4634323.0,0.0004166666666666,0,2551611.0,1324777.0,2787999.0,0
1656,2020-01-09 05:11:00,135.2,1,1,2525.4164444444,4314966.0,4711244.0,0.0004166666666666,0,2626683.0,1346190.0,2839869.0,0
1656,2020-01-09 05:12:00,133.39999999999998,1,1,2572.2986666666,4372660.0,4776192.0,0.0004166666666666,0,2670819.0,1375706.0,2926242.0,0
1656,2020-01-09 05:13:00,132.0,1,1,2641.9053611112,4424998.0,4819547.0,0.0004166666666666,0,2745087.0,1402427.0,2960355.0,0
1656,2020-01-09 05:14:00,129.6,1,1,2770.6850555556,4546769.0,4918282.0,0.0004166666666666,0,2835231.0,1459696.0,3073195.0,0
1656,2020-01-09 05:15:00,128.0,1,1,2863.8157222222,4644139.0,4979161.0,0.0004166666666666,0,2880111.0,1514252.0,3149921.0,0
1656,2020-01-09 05:16:00,127.79999999999998,1,1,2880.9696666666,4654903.0,4988002.0,0.0004166666666666,0,2886759.0,1522178.0,3160803.0,0
1656,2020-01-09 05:17:00,126.79999999999998,1,1,2923.9130277778,4687624.0,5075674.0,0.0004166666666666,0,2925099.0,1544031.0,3216859.0,0
1656,2020-01-09 05:18:00,125.2,1,1,2999.3373333334,4780198.0,5133173.0,0.000861111111111,0,2997999.0,1585741.0,3274098.0,0
1656,2020-01-09 05:19:00,125.0,1,1,3025.6936666666,4796097.0,5144275.0,0.000861111111111,0,3012867.0,1598557.0,3280650.0,0
1656,2020-01-09 05:20:00,123.79999999999998,1,1,3048.1942222222,4841480.0,5213032.0,0.000861111111111,0,3018435.0,1615373.0,3323017.0,0
1656,2020-01-09 05:21:00,123.0,1,1,3086.5343055556,4889424.0,5293138.0,0.000861111111111,0,3038427.0,1634769.0,3391865.0,0
1656,2020-01-09 05:22:00,122.6,1,1,3103.0161666666,4907208.0,5303201.0,0.000861111111111,0,3059559.0,1645077.0,3433245.0,0
1656,2020-01-09 05:23:00,121.2,1,1,3169.6383888888,5059855.0,5376756.0,0.000861111111111,0,3093939.0,1684222.0,3501612.0,0
1656,2020-01-09 05:24:00,119.79999999999998,1,1,3229.7951944444,5127507.0,5439793.0,0.000861111111111,0,3139384.0,1711387.0,3544746.0,0
1656,2020-01-09 05:25:00,118.0,1,1,3312.8676944444,5229440.0,5544859.0,0.000861111111111,0,3207796.0,1746747.0,3612333.0,0
1656,2020-01-09 05:26:00,117.0,1,1,3372.2868611112,5297261.0,5622235.0,0.000861111111111,0,3278740.0,1771055.0,3676254.0,0
1656,2020-01-09 05:27:00,116.6,1,1,3399.5690277778,5321948.0,5637042.0,0.000861111111111,0,3294304.0,1778663.0,3682442.0,0
1656,2020-01-09 05:28:00,116.4,1,1,3400.5690277778,5321948.0,5637692.0,0.000861111111111,0,3294305.0,1778667.0,3682442.0,0
1656,2020-01-09 05:29:00,115.6,1,1,3434.8633888888,5362287.0,5716329.0,0.000861111111111,0,3325193.0,1793359.0,3722625.0,0
1656,2020-01-09 05:30:00,114.2,1,1,3512.6806388888,5457564.0,5772269.0,0.000861111111111,0,3388769.0,1830104.0,3776185.0,0
1656,2020-01-09 05:31:00,112.79999999999998,1,1,3577.26925,5588540.0,5870315.0,0.000861111111111,0,3449202.0,1864352.0,3855707.0,0
1656,2020-01-09 05:32:00,109.79999999999998,1,1,3703.4075,5826193.0,6160098.0,0.000861111111111,0,3590382.0,1926158.0,4017609.0,0
1656,2020-01-09 05:33:00,108.4,1,1,3757.5553611112,5946392.0,6291632.0,0.000861111111111,0,3660906.0,1955699.0,4063473.0,0
1656,2020-01-09 05:34:00,107.0,1,1,3771.6756111112,6035078.0,6621026.0,0.000861111111111,0,3681702.0,1967504.0,4171672.0,0
1656,2020-01-09 05:35:00,105.6,1,1,3793.5644444444,6123062.0,6890789.0,0.000861111111111,0,3701863.0,1976956.0,4251817.0,0
1656,2020-01-09 05:36:00,104.2,1,1,3806.5600555556,6193275.0,7137685.0,0.000861111111111,0,3724915.0,1986833.0,4381311.0,0
1656,2020-01-09 05:37:00,102.79999999999998,1,1,3821.6653333334,6252360.0,7430705.0,0.000861111111111,0,3747187.0,1998241.0,4446090.0,0
1656,2020-01-09 05:38:00,101.4,1,1,3834.3946944444,6368151.0,7831911.0,0.000861111111111,0,3762487.0,2008645.0,4539846.0,0
1656,2020-01-09 05:39:00,97.2,1,1,3944.88525,6823060.0,8364859.0,0.000861111111111,0,3848024.0,2071877.0,4952596.0,0
1656,2020-01-09 05:40:00,94.4,1,1,4063.2842222222,7274771.0,8946466.0,0.000861111111111,0,4013408.0,2154681.0,5259695.0,0
1656,2020-01-09 05:41:00,93.2,1,1,4077.4131666666,7395515.0,9315523.0,0.000861111111111,0,4040444.0,2168950.0,5367323.0,0
1656,2020-01-09 05:42:00,91.79999999999998,1,1,4101.8331666666,7542701.0,9869739.0,0.000861111111111,0,4067948.0,2188050.0,5531409.0,0
1656,2020-01-09 05:43:00,90.4,1,1,4143.1504444444,7658622.0,10174784.0,0.000861111111111,0,4124528.0,2211086.0,5683353.0,0
1656,2020-01-09 05:44:00,89.6,1,1,4165.0541111112,7705111.0,10221506.0,0.0020277777777778,0,4170356.0,2220583.0,5702879.0,0
1656,2020-01-09 05:45:00,88.79999999999998,1,1,4188.9445277778,7730123.0,10284803.0,0.0020277777777778,0,4235552.0,2226816.0,5713786.0,0
1656,2020-01-09 05:46:00,87.39999999999999,1,1,4241.3504444444,7818796.0,10409551.0,0.0020277777777778,0,4305680.0,2248776.0,5802212.0,0
1656,2020-01-09 05:47:00,86.19999999999999,1,1,4316.8324722222,7977916.0,10536354.0,0.0021111111111112,0,4355972.0,2285702.0,5898685.0,0
1656,2020-01-09 05:48:00,84.6,1,1,4339.6523611112,8025327.0,10627185.0,0.0051388888888888,0,4416813.0,2301686.0,5926466.0,0
1656,2020-01-09 05:49:00,83.19999999999999,1,1,4340.6523611112,8197955.0,10776308.0,0.0051388888888888,0,4499673.0,2343007.0,6018090.0,0
1656,2020-01-09 05:50:00,81.79999999999998,1,1,4340.6523611112,8298991.0,10890955.0,0.0051388888888888,0,4530693.0,2374691.0,6111183.0,0
1656,2020-01-09 05:51:00,80.39999999999999,1,1,4340.6523611112,8431540.0,11009658.0,0.0051388888888888,0,4566873.0,2402407.0,6151133.0,0
1656,2020-01-09 05:52:00,78.99999999999999,1,1,4340.6523611112,8512517.0,11073189.0,0.0051388888888888,0,4621150.0,2420075.0,6197634.0,0
1656,2020-01-09 05:53:00,77.79999999999998,1,1,4340.6523611112,8641321.0,11203683.0,0.0051388888888888,0,4697506.0,2444704.0,6285592.0,0
1656,2020-01-09 05:54:00,76.79999999999998,1,1,4340.6523611112,8690565.0,11286922.0,0.0051388888888888,0,4750342.0,2461077.0,6334642.0,0
1656,2020-01-09 05:55:00,76.19999999999999,1,1,4340.6523611112,8694062.0,11299402.0,0.0051388888888888,0,4753366.0,2463868.0,6348331.0,0
1656,2020-01-09 05:56:00,75.79999999999998,1,1,4341.6523611112,8765536.0,11341665.0,0.0051388888888888,0,4761778.0,2489717.0,6380363.0,0
1656,2020-01-09 05:57:00,74.99999999999999,1,1,4341.6523611112,8818628.0,11379015.0,0.0051388888888888,0,4780186.0,2503465.0,6469530.0,0
1656,2020-01-09 05:58:00,72.19999999999999,1,1,4341.6523611112,8960160.0,11515619.0,0.0051388888888888,0,4877026.0,2535091.0,6556839.0,0
1656,2020-01-09 05:59:00,69.99999999999999,1,1,4341.6523611112,9097050.0,11619906.0,0.0051388888888888,0,5003722.0,2573587.0,6647527.0,0
1656,2020-01-09 06:00:00,69.6,1,1,4341.6523611112,9114132.0,11621362.0,0.0051388888888888,0,5011570.0,2581695.0,6647527.0,0
1656,2020-01-09 06:01:00,66.79999999999998,1,1,4409.32283333342,9216130.0,11856350.0,0.0051388888888888,0,5069110.0,2633011.0,6790306.0,0
1656,2020-01-09 06:02:00,63.79999999999998,1,1,4478.04625000008,9364928.0,12030992.0,0.008111111111111,0,5227450.0,2668720.0,6901027.0,0
1656,2020-01-09 06:03:00,62.79999999999998,1,1,4508.64422222232,9422947.0,12097643.0,0.0204444444444444,0,5357434.0,2682021.0,6931785.0,0
1656,2020-01-09 06:04:00,62.39999999999998,1,1,4520.88105555564,9437962.0,12121758.0,0.0204444444444444,0,5365186.0,2686065.0,6949894.0,0
1656,2020-01-09 06:05:00,61.0,1,1,4563.81133333342,9505276.0,12176658.0,0.0204444444444444,0,5417351.0,2715113.0,7020705.0,0
1656,2020-01-09 06:06:00,59.6,1,1,4633.73938888898,9643050.0,12276069.0,0.0204444444444444,0,5463828.0,2759133.0,7089034.0,0
1656,2020-01-09 06:07:00,58.19999999999999,1,1,4660.24730555564,9711808.0,12374454.0,0.0204444444444444,0,5500057.0,2779833.0,7169544.0,0
1656,2020-01-09 06:08:00,56.79999999999998,1,1,4709.54352777786,9769255.0,12412310.0,0.0204444444444444,0,5694505.0,2795717.0,7208193.0,0
1656,2020-01-09 06:09:00,55.39999999999998,1,1,4758.92088888898,9832617.0,12489231.0,0.0204444444444444,0,5766709.0,2821049.0,7281136.0,0
1656,2020-01-09 06:10:00,54.0,1,1,4794.91908333342,9926230.0,12588942.0,0.0204444444444444,0,5798593.0,2848213.0,7346305.0,0
1656,2020-01-09 06:11:00,52.6,1,1,4819.57122222232,9969144.0,12693319.0,0.0204444444444444,0,5820457.0,2869269.0,7410343.0,0
1656,2020-01-09 06:12:00,51.19999999999999,1,1,4894.2333611112,10058051.0,12741926.0,0.0241388888888888,0,5892109.0,2908186.0,7491204.0,0
1656,2020-01-09 06:13:00,46.6,1,1,5064.43177777786,10253442.0,12919220.0,0.0403611111111108,0,6155582.0,2968742.0,7641549.0,0
1656,2020-01-09 06:14:00,46.39999999999998,1,1,5072.29750000008,10266949.0,12931505.0,0.0403611111111108,0,6161918.0,2971442.0,7672697.0,0
1656,2020-01-09 06:15:00,45.6,1,1,5096.76383333342,10355362.0,13025223.0,0.0403611111111108,0,6179606.0,2988102.0,7738022.0,0
1656,2020-01-09 06:16:00,39.0,1,1,5380.27852777786,10693090.0,13670556.0,0.0403611111111108,0,6730982.0,3078107.0,8013115.0,0
1656,2020-01-09 06:17:00,38.39999999999998,1,1,5380.27852777786,10693090.0,13907390.0,0.0403611111111108,0,6730982.0,3078108.0,8020694.0,0
1656,2020-01-09 06:18:00,35.599999999999994,1,1,5511.88683333342,10918147.0,14331424.0,0.0403611111111108,0,6940106.0,3122380.0,8255266.0,0
1656,2020-01-09 06:19:00,32.599999999999994,1,1,5591.66580555564,11014165.0,14662677.0,0.0403611111111108,0,7186790.0,3151044.0,8361801.0,0
1656,2020-01-09 06:20:00,23.799999999999983,1,1,5769.43522222232,11577390.0,15301991.0,0.0481111111111108,0,7454738.0,3238492.0,8875223.0,0
1656,2020-01-09 06:21:00,20.399999999999977,1,1,5895.83497222232,11832021.0,15594816.0,0.0481111111111108,0,7644998.0,3313336.0,9112642.0,0
1656,2020-01-09 06:22:00,17.599999999999994,1,1,6003.3425000001,12094192.0,15944958.0,0.0481111111111108,0,7754342.0,3409097.0,9341273.0,0
1656,2020-01-09 06:23:00,11.399999999999975,1,1,6222.1536111112,12490718.0,16407004.0,0.0481111111111108,0,8155286.0,3488161.0,9594812.0,0
1656,2020-01-09 06:24:00,7.799999999999983,1,1,6320.5772500001,12696885.0,16657878.0,0.0481111111111108,0,8362682.0,3521813.0,9751293.0,0
1656,2020-01-09 06:25:00,1.799999999999983,1,1,6433.724138889,12986331.0,17124799.0,0.0481111111111108,0,8588307.0,3572349.0,10043274.0,0
1661,2020-01-09 08:05:00,210.6,1,0,394.09725,6113276.0,692056.0,0.0,0,299857.0,63857.0,390455.0,0
1661,2020-01-09 08:06:00,207.4,1,0,1011.96772222222,14901979.0,758070.0,0.0,0,672661.0,152499.0,553930.0,0
1661,2020-01-09 08:07:00,206.8,1,0,1176.58602777778,17184532.0,768236.0,0.0,0,776017.0,169780.0,565332.0,0
1661,2020-01-09 08:08:00,206.4,1,0,1260.33925,18477096.0,784903.0,0.0,0,834685.0,178769.0,568946.0,0
1661,2020-01-09 08:09:00,205.0,1,0,1580.64397222222,24513503.0,843117.0,0.0,0,1084825.0,228853.0,776920.0,0
1661,2020-01-09 08:10:00,203.6,1,0,1975.58291666666,30465670.0,864645.0,0.0,0,1371793.0,273957.0,888590.0,0
1661,2020-01-09 08:11:00,202.2,1,0,2423.6320555556,36186294.0,1020659.0,0.0,0,1647949.0,324130.0,1059697.0,0
1661,2020-01-09 08:12:00,200.8,1,0,2805.5651944444,41739076.0,1040133.0,0.0,0,1885249.0,370768.0,1283921.0,0
1661,2020-01-09 08:13:00,200.2,1,0,3006.9526111112,44199157.0,1060569.0,0.0,0,2000329.0,394948.0,1469509.0,0
1661,2020-01-09 08:14:00,199.4,1,0,3237.7994166666,47208346.0,1081942.0,0.0,0,2131789.0,415256.0,1508236.0,0
1661,2020-01-09 08:15:00,198.0,1,0,3702.3812222222,53925459.0,1132408.0,0.0,0,2422117.0,474029.0,1732239.0,0
1661,2020-01-09 08:16:00,196.4,1,0,4197.5494444444,59839524.0,1319049.0,0.0,0,2721181.0,540209.0,2341458.0,0
1661,2020-01-09 08:17:00,195.4,1,0,4546.436,64210215.0,1376796.0,0.0,0,2935837.0,575014.0,2649636.0,0
1661,2020-01-09 08:18:00,194.0,1,0,4978.9799166666,71075008.0,1393085.0,0.0,0,3197005.0,632210.0,2755053.0,0
1661,2020-01-09 08:19:00,192.6,1,0,5382.9465555556,76691645.0,1466548.0,0.0,0,3436945.0,679474.0,2839866.0,0
1661,2020-01-09 08:20:00,192.2,1,0,5506.5770555556,78941724.0,1466548.0,0.0,0,3519121.0,705010.0,2862720.0,0
1661,2020-01-09 08:21:00,191.2,1,0,5771.3858055556,82690599.0,1484749.0,0.0,0,3673141.0,740319.0,2911679.0,0
1661,2020-01-09 08:22:00,191.0,1,0,5867.9136944444,83882790.0,1484749.0,0.0,0,3730957.0,748912.0,2930516.0,0
1661,2020-01-09 08:23:00,190.8,1,0,5952.8701944444,85295903.0,1510905.0,0.0,0,3785677.0,760778.0,2941735.0,0
1661,2020-01-09 08:24:00,189.6,1,0,6109.7446666666,88251817.0,1539310.0,0.0,0,3905197.0,782184.0,2953188.0,0
1661,2020-01-09 08:25:00,188.4,1,0,6327.4590555556,93113662.0,1588892.0,0.0,0,4092841.0,809404.0,3033268.0,0
1661,2020-01-09 08:26:00,187.6,1,0,6537.3894722222,97308944.0,1590218.0,0.0,0,4238569.0,833977.0,3104547.0,0
1661,2020-01-09 08:27:00,187.2,1,0,6605.2126944444,98676843.0,1600319.0,0.0,0,4300105.0,841933.0,3104547.0,0
1661,2020-01-09 08:28:00,187.0,1,0,6615.2869444444,98912676.0,1632702.0,0.0,0,4311109.0,842569.0,3109071.0,0
1661,2020-01-09 08:29:00,183.6,1,0,7375.9803055556,112775759.0,1683819.0,0.0,0,4817473.0,925682.0,3311598.0,0
1661,2020-01-09 08:30:00,182.8,1,0,7605.88875,118028760.0,1717957.0,0.0,0,5016542.0,951878.0,3329214.0,0
1661,2020-01-09 08:31:00,181.4,1,0,7862.5833055556,123073358.0,1762833.0,0.0,0,5196651.0,979671.0,3387077.0,0
1661,2020-01-09 08:32:00,180.0,1,0,8201.659,128847750.0,1803588.0,0.0,0,5379711.0,1017608.0,3408800.0,0
1661,2020-01-09 08:33:00,178.60000000000002,1,0,8513.3273055556,135495508.0,1834489.0,0.0,0,5620047.0,1049928.0,3447267.0,0
1661,2020-01-09 08:34:00,177.2,1,0,8754.3173888888,140841589.0,1886580.0,0.0,0,5807727.0,1075986.0,3474164.0,0
1661,2020-01-09 08:35:00,176.8,1,0,8810.2996111112,141874049.0,1894978.0,0.0,0,5839131.0,1082287.0,3475009.0,0
1661,2020-01-09 08:36:00,175.8,1,0,9019.3119166666,146395046.0,1909590.0,0.0,0,5992468.0,1107836.0,3479689.0,0
1661,2020-01-09 08:37:00,175.4,1,0,9106.0243611112,148016979.0,1909590.0,0.0,0,6044032.0,1119596.0,3479910.0,0
1661,2020-01-09 08:38:00,174.60000000000002,1,0,9270.4412222222,151502604.0,1921797.0,0.0,0,6165496.0,1139820.0,3512865.0,0
1661,2020-01-09 08:39:00,174.0,1,0,9305.3168333334,152231462.0,1952360.0,0.0,0,6201856.0,1142716.0,3514906.0,0
1661,2020-01-09 08:40:00,173.0,1,0,9540.0071388888,156254013.0,1974785.0,0.0,0,6361036.0,1167661.0,3524526.0,0
1661,2020-01-09 08:41:00,171.60000000000002,1,0,9875.3369722222,162269100.0,2007298.0,0.0,0,6556756.0,1209485.0,3570364.0,0
1661,2020-01-09 08:42:00,170.0,1,0,10252.6460277778,168151678.0,2034611.0,0.0,0,6772013.0,1247302.0,3596053.0,0
1661,2020-01-09 08:43:00,168.8,1,0,10548.264,173245507.0,2049834.0,0.0,0,6960149.0,1275826.0,3619765.0,0
1661,2020-01-09 08:44:00,165.8,1,0,11115.8614166666,183744503.0,2102731.0,0.0,0,7335797.0,1337226.0,3699442.0,0
1661,2020-01-09 08:45:00,164.0,1,0,11438.0800833334,189245206.0,2120216.0,0.0,0,7521053.0,1371931.0,3758891.0,0
1661,2020-01-09 08:46:00,163.8,1,0,11583.0077777778,191664324.0,2120216.0,0.0,0,7607729.0,1386205.0,3774218.0,0
1661,2020-01-09 08:47:00,163.2,1,0,11719.5854166666,194041023.0,2148218.0,0.0,0,7708901.0,1398030.0,3808954.0,0
1661,2020-01-09 08:48:00,162.4,1,0,11904.653,196899074.0,2157110.0,0.0,0,7821521.0,1416039.0,3843911.0,0
1661,2020-01-09 08:49:00,162.0,1,0,12030.0866944444,198791185.0,2159308.0,0.0,0,7890485.0,1428093.0,3852101.0,0
1661,2020-01-09 08:50:00,161.8,1,0,12058.6146944444,199195966.0,2173192.0,0.0,0,7909781.0,1430473.0,3861266.0,0
1661,2020-01-09 08:51:00,160.4,1,0,12384.51525,204644774.0,2216626.0,0.0,0,8117717.0,1465998.0,3911745.0,0
1661,2020-01-09 08:52:00,159.60000000000002,1,0,12612.5217222222,208316754.0,2216626.0,0.0,0,8276969.0,1488475.0,3917348.0,0
1661,2020-01-09 08:53:00,159.0,1,0,12662.61775,208971382.0,2229718.0,0.0,0,8310761.0,1491428.0,3920703.0,0
1661,2020-01-09 08:54:00,157.60000000000002,1,0,12962.8140277778,214741744.0,2252209.0,0.0,0,8518733.0,1529317.0,3927775.0,0
1661,2020-01-09 08:55:00,156.2,1,0,13235.3246388888,219922439.0,2276103.0,0.0,0,8727270.0,1554370.0,3941230.0,0
1661,2020-01-09 08:56:00,154.60000000000002,1,0,13520.8334166666,224947707.0,2292184.0,0.0,0,8934702.0,1588202.0,3983233.0,0
1661,2020-01-09 08:57:00,154.4,1,0,13585.218,225932600.0,2292184.0,0.0,0,8984322.0,1594278.0,3990591.0,0
1661,2020-01-09 08:58:00,153.4,1,0,13850.1333333334,229739026.0,2313023.0,0.0,0,9136422.0,1617031.0,3992957.0,0
1661,2020-01-09 08:59:00,153.0,1,0,13956.53625,231591774.0,2313023.0,0.0,0,9211242.0,1629275.0,3994959.0,0
1661,2020-01-09 09:00:00,152.0,1,0,14189.7846944444,235755869.0,2348513.0,0.0,0,9385722.0,1651047.0,4056800.0,0
1661,2020-01-09 09:01:00,150.60000000000002,1,0,14545.85025,241326409.0,2367675.0,0.0,0,9619878.0,1676991.0,4069345.0,0
1661,2020-01-09 09:02:00,149.8,1,0,14757.7002777778,244731161.0,2387292.0,0.0,0,9771678.0,1692207.0,4146292.0,0
1661,2020-01-09 09:03:00,149.2,1,0,14837.6964166666,246383721.0,2392791.0,0.0,0,9826122.0,1700840.0,4154170.0,0
1661,2020-01-09 09:04:00,149.0,1,0,14837.6964166666,246383721.0,2411602.0,0.0,0,9826122.0,1700840.0,4154170.0,0
1661,2020-01-09 09:05:00,147.8,1,0,15307.3185833334,251712889.0,2454359.0,0.0,0,10062859.0,1736292.0,4265281.0,0
1661,2020-01-09 09:06:00,147.4,1,0,15420.7816944444,253585214.0,2454359.0,0.0,0,10139239.0,1749341.0,4270494.0,0
1661,2020-01-09 09:07:00,147.0,1,0,15525.2176111112,255198813.0,2459299.0,0.0,0,10207603.0,1757587.0,4270988.0,0
1661,2020-01-09 09:08:00,146.2,1,0,15670.9032222222,257858964.0,2478526.0,0.0,0,10325935.0,1769915.0,4284040.0,0
1661,2020-01-09 09:09:00,145.0,1,0,16102.2149722222,264654441.0,2498689.0,0.0,0,10608703.0,1805467.0,4384517.0,0
1661,2020-01-09 09:10:00,143.4,1,0,16474.8614444444,270306777.0,2521101.0,0.0,0,10854475.0,1836759.0,4431473.0,0
1661,2020-01-09 09:11:00,142.0,1,0,16843.3494166666,276184493.0,2581811.0,0.0,0,11115655.0,1870984.0,4522265.0,0
1661,2020-01-09 09:12:00,140.8,1,0,17149.2608611112,281151455.0,2597996.0,0.0,0,11367020.0,1901457.0,4764533.0,0
1661,2020-01-09 09:13:00,139.4,1,0,17529.2284722222,286730899.0,2651413.0,0.0,0,11562824.0,1955717.0,4922457.0,0
1661,2020-01-09 09:14:00,137.8,1,0,17965.1800555556,293568263.0,2720404.0,0.0,0,11812520.0,2025370.0,5230128.0,0
1661,2020-01-09 09:15:00,137.60000000000002,1,0,18039.0394444444,294407478.0,2740749.0,0.0,0,11849936.0,2032010.0,5254516.0,0
1661,2020-01-09 09:16:00,136.8,1,0,18341.8213611112,297580830.0,2759625.0,0.0,0,11973668.0,2060107.0,5473657.0,0
1661,2020-01-09 09:17:00,134.8,1,0,18584.6984722222,300874523.0,2812639.0,0.0,0,12106736.0,2094904.0,5534979.0,0
1661,2020-01-09 09:18:00,133.8,1,0,18832.2459722222,304870308.0,2854200.0,0.0,0,12305360.0,2133284.0,5709127.0,0
1661,2020-01-09 09:19:00,132.4,1,0,19236.6683333334,310848813.0,2856943.0,0.0,0,12591368.0,2182002.0,6008452.0,0
1661,2020-01-09 09:20:00,131.0,1,0,19707.6359722222,316649842.0,2895878.0,0.0,0,12855080.0,2227350.0,6275381.0,0
1661,2020-01-09 09:21:00,128.2,1,0,20548.181111112,327537811.0,2959110.0,0.0,0,13335368.0,2320158.0,7041510.0,0
1661,2020-01-09 09:22:00,128.0,1,0,20606.990666666,328463918.0,2965636.0,0.0,0,13408556.0,2326895.0,7068356.0,0
1661,2020-01-09 09:23:00,127.4,1,0,20767.20275,331106351.0,2965637.0,0.0,0,13512692.0,2350463.0,7153662.0,0
1661,2020-01-09 09:24:00,126.8,1,0,20957.931444444,333434547.0,3007172.0,0.0,0,13621244.0,2373692.0,7221484.0,0
1661,2020-01-09 09:25:00,125.4,1,0,21278.862305556,338111558.0,3040869.0,0.0,0,13777532.0,2422553.0,7278125.0,0
1661,2020-01-09 09:26:00,124.2,1,0,21541.563472222,342526852.0,3062943.0,0.0,0,13965824.0,2479982.0,7500412.0,0
1661,2020-01-09 09:27:00,122.6,1,0,21997.936,348817799.0,3144089.0,0.0,0,14191040.0,2539537.0,7680228.0,0
1661,2020-01-09 09:28:00,121.8,1,0,22212.344833334,351920899.0,3144089.0,0.0,0,14324108.0,2561609.0,7807212.0,0
1661,2020-01-09 09:29:00,121.2,1,0,22392.773666666,354017279.0,3163472.0,0.0,0,14431292.0,2576201.0,7883301.0,0
1661,2020-01-09 09:30:00,119.8,1,0,22748.015694444,359992976.0,3204240.0,0.0,0,14712464.0,2618434.0,8025222.0,0
1661,2020-01-09 09:31:00,118.4,1,0,23057.560833334,366261667.0,3258684.0,0.0,0,14922176.0,2660677.0,8176634.0,0
1661,2020-01-09 09:32:00,116.6,1,0,23509.328305556,373749707.0,3282825.0,0.0,0,15169952.0,2714714.0,8255427.0,0
1661,2020-01-09 09:33:00,115.6,1,0,23823.99275,379417590.0,3282825.0,0.0,0,15347997.0,2746712.0,8411310.0,0
1661,2020-01-09 09:34:00,114.2,1,0,23945.063083334,381727378.0,3306693.0,0.0,0,15425865.0,2758428.0,8452859.0,0
1661,2020-01-09 09:35:00,112.6,1,0,24109.580916666,384049178.0,3354260.0,0.0,0,15522213.0,2776209.0,8469708.0,0
1661,2020-01-09 09:36:00,111.4,1,0,24408.382944444,388872087.0,3375125.0,0.0,0,15692373.0,2805623.0,8540753.0,0
1661,2020-01-09 09:37:00,108.6,1,0,24939.931638888,397805583.0,3426384.0,0.0,0,16029610.0,2846063.0,8548735.0,0
1661,2020-01-09 09:38:00,104.4,1,0,25987.775833334,414818293.0,3480620.0,0.0,0,16605730.0,2958767.0,8587033.0,0
1661,2020-01-09 09:39:00,101.8,1,0,26635.010972222,421609883.0,3509545.0,0.0,0,16958794.0,3017152.0,8599188.0,0
1661,2020-01-09 09:40:00,100.0,1,0,26984.6704166664,424226576.0,3551041.0,0.0,0,17129194.0,3049937.0,8609835.0,0
1661,2020-01-09 09:41:00,99.0,1,0,27291.9398888886,426317964.0,3553069.0,0.0,0,17311330.0,3080466.0,8614788.0,0
1661,2020-01-09 09:42:00,98.8,1,0,27291.9398888886,426317964.0,3577652.0,0.0,0,17311330.0,3080503.0,8614788.0,0
1661,2020-01-09 09:43:00,97.4,1,0,27681.9847777776,429961812.0,3598621.0,0.0,0,17512690.0,3111887.0,8662862.0,0
1661,2020-01-09 09:44:00,96.0,1,0,28087.9088888886,433270754.0,3604822.0,0.0,0,17727466.0,3147508.0,8665463.0,0
1661,2020-01-09 09:45:00,94.6,1,0,28464.8254444442,435229269.0,3627910.0,0.0,0,17960986.0,3177640.0,8678541.0,0
1661,2020-01-09 09:46:00,93.2,1,0,28907.415222222,436775697.0,3636803.0,0.0,0,18167914.0,3210512.0,8680426.0,0
1661,2020-01-09 09:47:00,91.8,1,0,29285.7968888886,438636036.0,3646657.0,0.0,0,18369586.0,3250156.0,8684041.0,0
1661,2020-01-09 09:48:00,90.6,1,0,29611.3413055554,439889483.0,3651831.0,0.0,0,18618322.0,3279124.0,8690632.0,0
1661,2020-01-09 09:49:00,90.4,1,0,29646.124972222,439950402.0,3661425.0,0.0,0,18642671.0,3281656.0,8692245.0,0
1661,2020-01-09 09:50:00,90.0,1,0,29788.9688611108,440114280.0,3661425.0,0.0,0,18707567.0,3292821.0,8692246.0,0
1661,2020-01-09 09:51:00,89.80000000000001,1,0,29824.468722222,440321292.0,3661426.0,0.0,0,18736715.0,3296165.0,8695483.0,0
1661,2020-01-09 09:52:00,89.0,1,0,29968.8680555554,440683277.0,3665560.0,0.0,0,18825563.0,3311921.0,8719325.0,0
1661,2020-01-09 09:53:00,87.6,1,0,30330.9924166664,441364451.0,3685489.0,0.0,0,19059863.0,3346257.0,8743479.0,0
1661,2020-01-09 09:54:00,86.4,1,0,30675.9263333332,441672486.0,3690287.0,0.0,0,19302407.0,3376918.0,8755348.0,0
1661,2020-01-09 09:55:00,86.20000000000002,1,0,30675.9263333332,441672486.0,3692523.0,0.0,0,19302407.0,3376919.0,8755348.0,0
1661,2020-01-09 09:56:00,80.20000000000002,1,0,32272.0654166664,448967241.0,3796355.0,0.0,0,20163287.0,3544000.0,8853772.0,0
1661,2020-01-09 09:57:00,78.20000000000002,1,0,32821.4416388886,453671902.0,3834159.0,0.0,0,20473343.0,3596492.0,8887689.0,0
1661,2020-01-09 09:58:00,77.0,1,0,33114.9061111108,455354687.0,3864033.0,0.0,0,20691215.0,3620992.0,8905226.0,0
1661,2020-01-09 09:59:00,76.6,1,0,33215.7306111108,455914312.0,3873861.0,0.0,0,20752440.0,3631049.0,8925753.0,0
1661,2020-01-09 10:00:00,76.0,1,0,33220.3770833332,455953871.0,3941149.0,0.0,0,20753496.0,3632610.0,8955393.0,0
1661,2020-01-09 10:01:00,70.0,1,0,34880.3376111108,472966126.0,4058227.0,0.0,0,21664728.0,3773331.0,9075747.0,0
1661,2020-01-09 10:02:00,68.0,1,0,35339.4636111108,480051828.0,4101271.0,0.0,0,21975037.0,3829340.0,9086758.0,0
1661,2020-01-09 10:03:00,67.4,1,0,35528.1354166664,481966846.0,4101272.0,0.0,0,22045117.0,3849489.0,9089956.0,0
1661,2020-01-09 10:04:00,67.20000000000002,1,0,35633.7550555554,482575221.0,4101272.0,0.0,0,22091029.0,3856774.0,9089956.0,0
1661,2020-01-09 10:05:00,65.20000000000002,1,0,36362.701472222,488926540.0,4136905.0,0.0,0,22465273.0,3916130.0,9255499.0,0
1661,2020-01-09 10:06:00,59.20000000000002,1,0,37850.2511111108,502710193.0,4335624.0,0.0,0,23353297.0,4009186.0,9380598.0,0
1661,2020-01-09 10:07:00,55.400000000000006,1,0,39148.8224166664,515918661.0,4385856.0,0.0,0,24115537.0,4097382.0,9453424.0,0
1661,2020-01-09 10:08:00,52.80000000000001,1,0,40121.7835833332,527029852.0,4434060.0,0.0,0,24611281.0,4183718.0,9530098.0,0
1661,2020-01-09 10:09:00,52.6,1,0,40122.7835833332,527029852.0,4438948.0,0.0,0,24611282.0,4183835.0,9530371.0,0
1661,2020-01-09 10:10:00,46.6,1,0,41245.1351388886,540929725.0,4693891.0,0.0,0,25324574.0,4273517.0,9775136.0,0
1661,2020-01-09 10:11:00,40.6,1,0,42504.2656944442,558848925.0,4885797.0,0.0,0,26156678.0,4386858.0,10340987.0,0
1661,2020-01-09 10:12:00,38.80000000000001,1,0,42917.2975555554,565424780.0,4912655.0,0.0,0,26440970.0,4423970.0,10358381.0,0
1661,2020-01-09 10:13:00,38.6,1,0,42917.2975555554,565424780.0,4915489.0,0.0,0,26440971.0,4424017.0,10358381.0,0
1661,2020-01-09 10:14:00,32.599999999999994,1,0,44375.9944166664,582285898.0,4986001.0,0.0,0,27193863.0,4524489.0,10547297.0,0
1661,2020-01-09 10:15:00,28.200000000000017,1,0,45546.827111111,591280884.0,5019554.0,0.0,0,27753423.0,4614006.0,10624387.0,0
1661,2020-01-09 10:16:00,28.0,1,0,45604.6700555554,591371429.0,5019554.0,0.0,0,27781827.0,4616675.0,10624387.0,0
1661,2020-01-09 10:17:00,26.80000000000001,1,0,45710.6912499998,591694310.0,5042993.0,0.0,0,27839871.0,4626475.0,10631953.0,0
1661,2020-01-09 10:18:00,23.40000000000001,1,0,46656.046583334,594435140.0,5109163.0,0.0,0,28312575.0,4699335.0,10671668.0,0
1661,2020-01-09 10:19:00,17.400000000000006,1,0,48091.232333334,614569787.0,5245000.0,0.0,0,29238039.0,4783697.0,10764943.0,0
1661,2020-01-09 10:20:00,15.800000000000011,1,0,48472.16975,621757201.0,5255101.0,0.0,0,29539863.0,4809117.0,10780257.0,0
1661,2020-01-09 10:22:00,9.200000000000015,1,0,49787.71736111,643794060.0,5489063.0,0.0,0,30511359.0,4894264.0,10946788.0,0
1661,2020-01-09 10:23:00,3.200000000000017,1,0,50809.168166666,662969892.0,5782694.0,0.0,0,31260903.0,4967092.0,11065882.0,0
1661,2020-01-09 10:24:00,2.200000000000017,1,0,50937.585444444,664947674.0,5817690.0,0.0,0,31345480.0,4977244.0,11078271.0,0
1709,2020-01-09 12:31:00,249.8,1,1,238.15422222222,398112.0,514761.0,0.0,0,376848.0,118752.0,308737.0,0
1709,2020-01-09 12:32:00,246.2,1,1,367.73061111112,694135.0,784186.0,0.0,0,609768.0,203665.0,498550.0,0
1709,2020-01-09 12:33:00,245.6,1,1,386.2405,746994.0,838202.0,0.0,0,646764.0,218298.0,540306.0,0
1709,2020-01-09 12:34:00,238.4,1,1,644.8036666666601,1570739.0,1401271.0,0.00025,0,1013377.0,357718.0,1217086.0,0
1709,2020-01-09 12:35:00,233.0,1,1,773.42872222222,1941642.0,1806234.0,0.0014166666666666,0,1183597.0,414943.0,1545960.0,0
1709,2020-01-09 12:36:00,231.8,1,1,810.19016666666,2119976.0,1903500.0,0.0071944444444444,0,1227277.0,438468.0,1631331.0,0
1709,2020-01-09 12:37:00,231.6,1,1,825.11705555556,2136239.0,1929877.0,0.0071944444444444,0,1254950.0,443484.0,1641640.0,0
1709,2020-01-09 12:38:00,230.2,1,1,886.91288888888,2319591.0,2106534.0,0.0071944444444444,0,1313294.0,479165.0,1759356.0,0
1709,2020-01-09 12:39:00,228.8,1,1,938.37375,2460147.0,2288209.0,0.0071944444444444,0,1373739.0,501357.0,1940381.0,0
1709,2020-01-09 12:40:00,227.4,1,1,985.3677222222202,2611402.0,2437124.0,0.0071944444444444,0,1434892.0,526999.0,2070524.0,0
1709,2020-01-09 12:41:00,226.0,1,1,1028.42319444444,2725542.0,2563458.0,0.0072222222222222,0,1486024.0,548607.0,2219673.0,0
1709,2020-01-09 12:42:00,224.6,1,1,1058.18869444444,2819025.0,2700699.0,0.0072222222222222,0,1530892.0,569788.0,2289821.0,0
1709,2020-01-09 12:43:00,223.0,1,1,1098.58072222222,2945697.0,2843517.0,0.0072222222222222,0,1587484.0,590497.0,2416597.0,0
1709,2020-01-09 12:44:00,222.0,1,1,1122.22161111112,3059824.0,2980901.0,0.0072222222222222,0,1628428.0,602121.0,2520818.0,0
1709,2020-01-09 12:45:00,221.2,1,1,1126.6735,3081391.0,3050932.0,0.0072222222222222,0,1628776.0,604729.0,2608152.0,0
1709,2020-01-09 12:46:00,220.4,1,1,1133.1895,3096731.0,3093026.0,0.0072222222222222,0,1647628.0,610321.0,2624429.0,0
1709,2020-01-09 12:47:00,219.2,1,1,1160.74883333334,3180022.0,3222922.0,0.0072222222222222,0,1685332.0,626045.0,2746044.0,0
1709,2020-01-09 12:48:00,217.8,1,1,1212.62586111112,3278354.0,3296178.0,0.0072222222222222,0,1747984.0,647797.0,2836719.0,0
1709,2020-01-09 12:49:00,216.2,1,1,1261.69822222222,3383810.0,3384175.0,0.0072222222222222,0,1798588.0,665865.0,2908999.0,0
1709,2020-01-09 12:50:00,215.0,1,1,1305.70441666666,3456740.0,3450775.0,0.0084166666666666,0,1855337.0,687521.0,2960947.0,0
1709,2020-01-09 12:51:00,214.0,1,1,1335.89588888888,3520219.0,3483353.0,0.0084166666666666,0,1906182.0,705218.0,3013273.0,0
1709,2020-01-09 12:52:00,213.6,1,1,1346.76397222222,3529865.0,3500721.0,0.0084166666666666,0,1921638.0,709216.0,3014665.0,0
1709,2020-01-09 12:53:00,210.8,1,1,1445.02786111112,3661633.0,3636597.0,0.0115,0,2054310.0,749328.0,3131054.0,0
1709,2020-01-09 12:54:00,209.4,1,1,1485.1143888889,3766114.0,3713272.0,0.0115,0,2101291.0,767368.0,3221157.0,0
1709,2020-01-09 12:55:00,206.6,1,1,1591.012,3867436.0,3800125.0,0.0115,0,2205715.0,825061.0,3294751.0,0
1709,2020-01-09 12:56:00,205.2,1,1,1675.06255555556,3955563.0,3861121.0,0.0115,0,2316019.0,855178.0,3331724.0,0
1709,2020-01-09 12:57:00,203.6,1,1,1717.26697222222,4023020.0,3906258.0,0.0115,0,2383423.0,874086.0,3379681.0,0
1709,2020-01-09 12:58:00,202.4,1,1,1765.83980555556,4085277.0,3970673.0,0.0115,0,2441815.0,895375.0,3405720.0,0
1709,2020-01-09 12:59:00,201.0,1,1,1835.72977777778,4155126.0,4015849.0,0.0115,0,2521711.0,916832.0,3438038.0,0
1709,2020-01-09 13:00:00,200.2,1,1,1865.3485,4200939.0,4062480.0,0.0115,0,2563423.0,927741.0,3495941.0,0
1709,2020-01-09 13:01:00,199.6,1,1,1872.50886111112,4208791.0,4113675.0,0.0115,0,2587795.0,931957.0,3520940.0,0
1709,2020-01-09 13:02:00,198.2,1,1,1929.37105555556,4269007.0,4143497.0,0.0115,0,2666503.0,958022.0,3573460.0,0
1709,2020-01-09 13:03:00,196.8,1,1,1980.50144444444,4323022.0,4164441.0,0.0115,0,2715068.0,976954.0,3597108.0,0
1709,2020-01-09 13:04:00,196.6,1,1,1980.50144444444,4323022.0,4166313.0,0.0115,0,2715068.0,976954.0,3597108.0,0
1709,2020-01-09 13:05:00,195.2,1,1,1999.2386666666623,4339506.0,4202193.0,0.0115,0,2735540.0,985642.0,3610576.0,0
1709,2020-01-09 13:06:00,192.6,1,1,2124.080972222218,4450110.0,4287148.0,0.0115,0,2885036.0,1037997.0,3695466.0,0
1709,2020-01-09 13:07:00,191.6,1,1,2174.685749999996,4532283.0,4310197.0,0.0115,0,2933660.0,1056971.0,3722675.0,0
1709,2020-01-09 13:08:00,191.0,1,1,2186.24283333332,4541058.0,4331075.0,0.0115,0,2960672.0,1062911.0,3732321.0,0
1709,2020-01-09 13:09:00,189.6,1,1,2254.4515,4621411.0,4383803.0,0.0115,0,3049928.0,1085663.0,3766017.0,0
1709,2020-01-09 13:10:00,188.4,1,1,2294.11188888888,4678052.0,4430798.0,0.0115,0,3128480.0,1104296.0,3819629.0,0
1709,2020-01-09 13:11:00,186.8,1,1,2330.69205555556,4727374.0,4485190.0,0.0188333333333334,0,3210476.0,1123577.0,3855587.0,0
1709,2020-01-09 13:12:00,185.4,1,1,2364.80072222222,4841033.0,4530379.0,0.0188333333333334,0,3251744.0,1139825.0,3907211.0,0
1709,2020-01-09 13:13:00,184.2,1,1,2413.2733611111,4883257.0,4572564.0,0.0188333333333334,0,3291969.0,1158365.0,3928869.0,0
1709,2020-01-09 13:14:00,182.8,1,1,2475.31072222222,4998230.0,4619403.0,0.0188333333333334,0,3355377.0,1182673.0,3982780.0,0
1709,2020-01-09 13:15:00,181.2,1,1,2547.10375,5089074.0,4685274.0,0.0188333333333334,0,3434901.0,1213590.0,4078603.0,0
1709,2020-01-09 13:16:00,180.0,1,1,2609.22544444444,5237144.0,4720790.0,0.0188333333333334,0,3504009.0,1238402.0,4131604.0,0
1709,2020-01-09 13:17:00,178.39999999999998,1,1,2689.7683611111,5322281.0,4767916.0,0.0188333333333334,0,3576141.0,1266135.0,4183734.0,0
1709,2020-01-09 13:18:00,177.2,1,1,2734.01216666666,5378168.0,4833527.0,0.0188333333333334,0,3634641.0,1284892.0,4217846.0,0
1709,2020-01-09 13:19:00,175.8,1,1,2784.7921111110995,5454921.0,4892248.0,0.0188333333333334,0,3709125.0,1313996.0,4280987.0,0
1709,2020-01-09 13:20:00,174.39999999999998,1,1,2831.590194444439,5537354.0,4966804.0,0.0188333333333334,0,3786057.0,1337932.0,4347118.0,0
1709,2020-01-09 13:21:00,172.8,1,1,2871.192555555559,5588613.0,5049199.0,0.0188333333333334,0,3833349.0,1351541.0,4384441.0,0
1709,2020-01-09 13:22:00,171.39999999999998,1,1,2915.15355555556,5684423.0,5132893.0,0.0188333333333334,0,3903766.0,1371651.0,4482695.0,0
1709,2020-01-09 13:23:00,170.2,1,1,2958.102861111099,5771497.0,5217484.0,0.0188333333333334,0,3951778.0,1394800.0,4563672.0,0
1709,2020-01-09 13:24:00,168.6,1,1,2992.4650833333194,5863628.0,5319573.0,0.0188333333333334,0,4010566.0,1412260.0,4623277.0,0
1709,2020-01-09 13:25:00,167.39999999999998,1,1,3058.116722222219,6015221.0,5409988.0,0.0188333333333334,0,4071670.0,1443380.0,4763014.0,0
1709,2020-01-09 13:26:00,166.0,1,1,3090.82208333332,6049840.0,5537037.0,0.0188333333333334,0,4117510.0,1462902.0,4841066.0,0
1709,2020-01-09 13:28:00,161.39999999999998,1,1,3185.564972222219,6275443.0,5818085.0,0.0188333333333334,0,4208590.0,1507366.0,5008766.0,0
1709,2020-01-09 13:29:00,160.2,1,1,3240.5263611110986,6346670.0,5962710.0,0.0188333333333334,0,4278358.0,1522534.0,5066786.0,0
1709,2020-01-09 13:30:00,158.8,1,1,3273.7303333333184,6449903.0,6041672.0,0.0188333333333334,0,4346134.0,1541227.0,5199737.0,0
1709,2020-01-09 13:31:00,157.39999999999998,1,1,3314.673722222218,6581489.0,6164990.0,0.0188333333333334,0,4388458.0,1562523.0,5313630.0,0
1709,2020-01-09 13:32:00,156.2,1,1,3352.553638888878,6681316.0,6248008.0,0.0188333333333334,0,4447883.0,1578819.0,5407828.0,0
1709,2020-01-09 13:33:00,154.6,1,1,3404.453916666658,6798745.0,6311474.0,0.0188333333333334,0,4509515.0,1606419.0,5477586.0,0
1709,2020-01-09 13:34:00,153.2,1,1,3444.2398888888783,6902303.0,6437379.0,0.0188333333333334,0,4582427.0,1630411.0,5547253.0,0
1709,2020-01-09 13:35:00,152.0,1,1,3488.9511944444384,6951911.0,6506110.0,0.0188333333333334,0,4662491.0,1652003.0,5589308.0,0
1709,2020-01-09 13:36:00,150.39999999999998,1,1,3547.0939166666585,7018861.0,6616935.0,0.0188333333333334,0,4764575.0,1673701.0,5654906.0,0
1709,2020-01-09 13:37:00,149.0,1,1,3593.7228888888785,7068703.0,6654817.0,0.0188333333333334,0,4838387.0,1689921.0,5682882.0,0
1709,2020-01-09 13:38:00,148.39999999999998,1,1,3617.7735555555582,7122991.0,6740422.0,0.0188333333333334,0,4875059.0,1701089.0,5725146.0,0
1709,2020-01-09 13:39:00,148.2,1,1,3623.7403055555583,7128867.0,6740422.0,0.0188333333333334,0,4879164.0,1703849.0,5725185.0,0
1709,2020-01-09 13:40:00,147.6,1,1,3635.966416666658,7147042.0,6765746.0,0.0188333333333334,0,4906992.0,1709093.0,5735598.0,0
1709,2020-01-09 13:41:00,146.2,1,1,3677.921861111098,7232128.0,6860321.0,0.0188333333333334,0,4984320.0,1730769.0,5832461.0,0
1709,2020-01-09 13:42:00,144.8,1,1,3725.9588611110976,7333684.0,6925646.0,0.0188333333333334,0,5062668.0,1752469.0,5909097.0,0
1709,2020-01-09 13:43:00,143.39999999999998,1,1,3778.63144444444,7419029.0,6970392.0,0.0221388888888888,0,5134896.0,1776458.0,5959823.0,0
1709,2020-01-09 13:44:00,142.0,1,1,3819.5904999999984,7538746.0,7025447.0,0.0221388888888888,0,5202672.0,1796627.0,6094074.0,0
1709,2020-01-09 13:45:00,140.8,1,1,3852.1499166666586,7600197.0,7089446.0,0.0221388888888888,0,5250456.0,1814076.0,6143890.0,0
1709,2020-01-09 13:46:00,139.39999999999998,1,1,3903.5500833333385,7652470.0,7158593.0,0.0221388888888888,0,5307624.0,1835909.0,6186738.0,0
1709,2020-01-09 13:47:00,138.0,1,1,3934.6890277777775,7697775.0,7200687.0,0.0221388888888888,0,5364804.0,1854977.0,6221500.0,0
1709,2020-01-09 13:48:00,135.2,1,1,3997.71838888884,7806520.0,7290583.0,0.0221388888888888,0,5468077.0,1893601.0,6283380.0,0
1709,2020-01-09 13:49:00,128.2,1,1,4161.599666666639,8033266.0,7472024.0,0.0221388888888888,0,5731429.0,1979122.0,6425847.0,0
1709,2020-01-09 13:50:00,126.79999999999998,1,1,4211.408138888839,8082524.0,7504200.0,0.0221388888888888,0,5811925.0,2001938.0,6448584.0,0
1709,2020-01-09 13:51:00,125.4,1,1,4253.904055555639,8160758.0,7561205.0,0.0221388888888888,0,5858881.0,2022710.0,6498946.0,0
1709,2020-01-09 13:52:00,124.0,1,1,4289.50713888884,8234117.0,7615260.0,0.0221388888888888,0,5917357.0,2041930.0,6561671.0,0
1709,2020-01-09 13:53:00,122.6,1,1,4340.13358333324,8329901.0,7666064.0,0.0221388888888888,0,5976433.0,2066440.0,6587216.0,0
1709,2020-01-09 13:54:00,120.79999999999998,1,1,4388.88172222224,8404872.0,7706117.0,0.0221388888888888,0,6033109.0,2087825.0,6621991.0,0
1709,2020-01-09 13:55:00,119.79999999999998,1,1,4389.99730555564,8412919.0,7715581.0,0.0221388888888888,0,6033110.0,2091217.0,6649122.0,0
1709,2020-01-09 13:56:00,117.0,1,1,4430.173555555641,8471199.0,7790461.0,0.0221388888888888,0,6083306.0,2109638.0,6682792.0,0
1709,2020-01-09 13:57:00,115.6,1,1,4471.050388888841,8551461.0,7824755.0,0.0221388888888888,0,6136010.0,2129804.0,6729826.0,0
1709,2020-01-09 13:58:00,114.2,1,1,4512.822305555641,8612041.0,7868513.0,0.0221388888888888,0,6195110.0,2154312.0,6781280.0,0
1709,2020-01-09 13:59:00,108.2,1,1,4754.08622222224,8879009.0,8130204.0,0.0221388888888888,0,6517850.0,2249532.0,6992933.0,0
1709,2020-01-09 14:00:00,102.2,1,1,4953.4050555556405,9255502.0,8486898.0,0.0221388888888888,0,6782415.0,2354785.0,7254104.0,0
1709,2020-01-09 14:01:00,95.79999999999998,1,1,5160.762805555641,9687857.0,8835441.0,0.0221388888888888,0,7026267.0,2451153.0,7484191.0,0
1709,2020-01-09 14:02:00,95.0,1,1,5199.595666666641,9758954.0,8894734.0,0.0221388888888888,0,7085931.0,2470178.0,7537348.0,0
1709,2020-01-09 14:03:00,94.6,1,1,5199.712500000041,9758954.0,8901260.0,0.0221388888888888,0,7085931.0,2470326.0,7537349.0,0
1709,2020-01-09 14:04:00,87.79999999999998,1,1,5372.35591666664,10173303.0,9179291.0,0.0221388888888888,0,7276095.0,2549614.0,7862869.0,0
1709,2020-01-09 14:05:00,81.79999999999998,1,1,5521.26872222224,10515619.0,9563584.0,0.0221388888888888,0,7521159.0,2612354.0,8196878.0,0
1709,2020-01-09 14:06:00,75.79999999999998,1,1,5704.04497222224,10979720.0,9971836.0,0.0221388888888888,0,7796175.0,2696968.0,8606365.0,0
1709,2020-01-09 14:07:00,69.6,1,1,5835.55413888884,11295607.0,10262048.0,0.0221388888888888,0,8010195.0,2748588.0,8865195.0,0
1709,2020-01-09 14:08:00,63.400000000000006,1,1,5985.269888888839,11536965.0,10524856.0,0.0221388888888888,0,8288620.0,2802250.0,9088210.0,0
1709,2020-01-09 14:09:00,61.79999999999998,1,1,6027.72186111104,11633269.0,10569576.0,0.0221388888888888,0,8367833.0,2825307.0,9161920.0,0
1709,2020-01-09 14:10:00,61.400000000000006,1,1,6027.72186111104,11633269.0,10570668.0,0.0221388888888888,0,8367833.0,2825308.0,9161920.0,0
1709,2020-01-09 14:11:00,57.0,1,1,6126.86294444444,11769133.0,10728761.0,0.0221388888888888,0,8550473.0,2866813.0,9276164.0,0
1709,2020-01-09 14:12:00,55.0,1,1,6177.37344444444,11863266.0,10800210.0,0.0221388888888888,0,8669897.0,2892061.0,9322704.0,0
1709,2020-01-09 14:13:00,54.79999999999998,1,1,6177.37344444444,11863267.0,10800210.0,0.0221388888888888,0,8669897.0,2892062.0,9322704.0,0
1709,2020-01-09 14:14:00,48.400000000000006,1,1,6325.95200000004,12110488.0,11007912.0,0.0221388888888888,0,8929025.0,2957534.0,9499297.0,0
1709,2020-01-09 14:15:00,47.400000000000006,1,1,6366.72716666664,12137775.0,11046665.0,0.0221388888888888,0,8989661.0,2969071.0,9519447.0,0
1709,2020-01-09 14:16:00,41.400000000000006,1,1,6556.52988888884,12382539.0,11211622.0,0.0221388888888888,0,9251105.0,3042607.0,9687342.0,0
1709,2020-01-09 14:17:00,41.0,1,1,6556.52988888884,12382539.0,11219163.0,0.0221388888888888,0,9251105.0,3042615.0,9687342.0,0
1709,2020-01-09 14:18:00,34.400000000000006,1,1,6756.45016666664,12690860.0,11497116.0,0.0221388888888888,0,9516678.0,3120027.0,9898307.0,0
1709,2020-01-09 14:19:00,28.40000000000001,1,1,6969.38822222224,13145522.0,11803618.0,0.0296666666666664,0,9792522.0,3215007.0,10252284.0,0
1709,2020-01-09 14:20:00,22.40000000000001,1,1,7157.90127777784,13537004.0,12132440.0,0.0296666666666664,0,10041954.0,3302584.0,10532825.0,0
1709,2020-01-09 14:21:00,14.799999999999985,1,1,7302.39705555564,13970047.0,12408807.0,0.0296666666666664,0,10217539.0,3365545.0,10842784.0,0
1709,2020-01-09 14:22:00,8.799999999999983,1,1,7466.73650000004,14569751.0,12827979.0,0.0296666666666664,0,10450291.0,3453566.0,11204418.0,0
1709,2020-01-09 14:23:00,6.799999999999983,1,1,7563.20191666664,14902044.0,13028686.0,0.0296666666666664,0,10536295.0,3503114.0,11400484.0,0
1709,2020-01-09 14:24:00,5.599999999999994,1,1,7607.65894444444,15017120.0,13098795.0,0.0296666666666664,0,10587367.0,3529890.0,11531667.0,0
1783,2020-01-09 21:35:00,144.4,1,0,126.868277777778,367680.0,459421.0,0.0,0,147912.0,86444.0,241501.0,1
1783,2020-01-09 21:36:00,141.8,1,0,327.17983333334,786722.0,521496.0,0.0,0,438336.0,193792.0,472186.0,1
1783,2020-01-09 21:37:00,136.60000000000002,1,0,778.91516666666,1879411.0,775646.0,0.003,0,1087932.0,501700.0,1058357.0,1
1783,2020-01-09 21:38:00,134.4,1,0,1001.68719444444,2426828.0,830233.0,0.003,0,1389612.0,665245.0,1287963.0,1
1783,2020-01-09 21:39:00,131.8,1,0,1205.64286111112,2972308.0,980812.0,0.003,0,1690357.0,783669.0,1592774.0,1
1783,2020-01-09 21:40:00,131.60000000000002,1,0,1213.94702777778,3020005.0,985349.0,0.003,0,1708321.0,786758.0,1629928.0,1
1783,2020-01-09 21:41:00,130.4,1,0,1286.57191666666,3229409.0,1044655.0,0.003,0,1832389.0,820398.0,1780585.0,1
1783,2020-01-09 21:42:00,129.0,1,0,1383.75744444444,3728570.0,1082966.0,0.003,0,2007709.0,860679.0,1940732.0,1
1783,2020-01-09 21:43:00,126.20000000000002,1,0,1614.11625,4556332.0,1195871.0,0.003,0,2358157.0,1008044.0,2262768.0,1
1783,2020-01-09 21:44:00,124.8,1,0,1701.49827777778,4931252.0,1239539.0,0.003,0,2516773.0,1061150.0,2407458.0,1
1783,2020-01-09 21:45:00,123.6,1,0,1780.48441666666,5263493.0,1325430.0,0.00475,0,2664553.0,1105535.0,2500148.0,1
1783,2020-01-09 21:46:00,123.4,1,0,1792.02875,5274309.0,1353887.0,0.00475,0,2686825.0,1107716.0,2526629.0,1
1783,2020-01-09 21:47:00,121.8,1,0,1889.41666666666,5709472.0,1449437.0,0.00475,0,2858917.0,1164757.0,2746628.0,1
1783,2020-01-09 21:48:00,119.4,1,0,2072.9873333334,6516668.0,1515191.0,0.00475,0,3171637.0,1268005.0,3078297.0,1
1783,2020-01-09 21:49:00,118.0,1,0,2168.551,6878094.0,1570558.0,0.00475,0,3320209.0,1335687.0,3200445.0,1
1783,2020-01-09 21:50:00,117.8,1,0,2185.1738333334,6952779.0,1577370.0,0.00475,0,3349753.0,1352147.0,3222376.0,1
1783,2020-01-09 21:51:00,116.6,1,0,2250.18625,7215822.0,1631944.0,0.00475,0,3442549.0,1383532.0,3351024.0,1
1783,2020-01-09 21:52:00,115.20000000000002,1,0,2343.8802777778,7509089.0,1680863.0,0.005,0,3590210.0,1429176.0,3449512.0,1
1783,2020-01-09 21:53:00,113.8,1,0,2420.2561666666,7686305.0,1782159.0,0.0051388888888888,0,3683762.0,1477520.0,3530567.0,1
1783,2020-01-09 21:54:00,112.4,1,0,2508.0898611112,7985487.0,1816050.0,0.0066388888888888,0,3807638.0,1529049.0,3655497.0,1
1783,2020-01-09 21:55:00,109.6,1,0,2698.9343333334,8488665.0,1926628.0,0.0147777777777778,0,4079306.0,1602053.0,3884844.0,1
1783,2020-01-09 21:56:00,108.20000000000002,1,0,2786.8875,8678140.0,1965563.0,0.015388888888889,0,4191147.0,1643618.0,4025647.0,1
1783,2020-01-09 21:57:00,106.8,1,0,2874.3212777778,8871723.0,1989509.0,0.020277777777778,0,4310559.0,1680227.0,4114281.0,1
1783,2020-01-09 21:58:00,106.6,1,0,2885.8545555556,8901337.0,2002782.0,0.020277777777778,0,4319727.0,1682555.0,4119000.0,1
1783,2020-01-09 21:59:00,105.4,1,0,2955.2891944444,9058234.0,2030511.0,0.039361111111112,0,4422640.0,1706316.0,4152774.0,1
1783,2020-01-09 22:00:00,104.0,1,0,3044.0357777778,9255015.0,2062752.0,0.039583333333334,0,4533256.0,1730353.0,4217111.0,1
1783,2020-01-09 22:01:00,102.6,1,0,3133.8180833334,9476106.0,2101297.0,0.047611111111112,0,4638076.0,1758298.0,4276951.0,1
1783,2020-01-09 22:02:00,101.20000000000002,1,0,3210.24625,9655155.0,2143807.0,0.052583333333334,0,4727837.0,1787123.0,4357005.0,1
1783,2020-01-09 22:03:00,101.0,1,0,3227.0741666666,9696053.0,2143807.0,0.052583333333334,0,4746857.0,1792989.0,4361581.0,1
1783,2020-01-09 22:04:00,100.6,1,0,3246.7570277778,9774262.0,2145341.0,0.053638888888888,0,4772165.0,1802415.0,4404208.0,1
1783,2020-01-09 22:05:00,98.4,1,0,3392.31225,10143657.0,2208170.0,0.061972222222222,0,4940105.0,1858860.0,4527422.0,1
1783,2020-01-09 22:06:00,96.8,1,0,3463.7836666666,10334588.0,2244674.0,0.061972222222222,0,5041445.0,1887017.0,4587417.0,1
1783,2020-01-09 22:07:00,96.4,1,0,3485.8689722222,10403904.0,2244674.0,0.062416666666666,0,5069501.0,1896753.0,4602146.0,1
1783,2020-01-09 22:08:00,94.0,1,0,3626.4463055556,10712862.0,2268932.0,0.112305555555556,0,5256701.0,1941525.0,4650493.0,1
1783,2020-01-09 22:09:00,92.4,1,0,3739.9511111112,10888597.0,2292891.0,0.126444444444444,0,5384801.0,1970609.0,4718185.0,1
1783,2020-01-09 22:10:00,91.4,1,0,3804.3283611112,10986371.0,2314510.0,0.126444444444444,0,5457581.0,1992057.0,4744848.0,1
1783,2020-01-09 22:11:00,90.00000000000001,1,0,3889.4938888888,11143217.0,2329122.0,0.195861111111112,0,5549705.0,2024926.0,4768339.0,1
1783,2020-01-09 22:12:00,88.60000000000001,1,0,3958.7861666666,11293926.0,2364001.0,0.20330555555556,0,5645093.0,2046730.0,4822316.0,1
1783,2020-01-09 22:13:00,87.60000000000001,1,0,4011.1853888888,11421183.0,2381448.0,0.20547222222222,0,5705706.0,2060122.0,4841075.0,1
1783,2020-01-09 22:14:00,87.00000000000001,1,0,4047.2756111112,11507789.0,2385205.0,0.20547222222222,0,5750010.0,2070611.0,4860003.0,1
1783,2020-01-09 22:15:00,85.80000000000001,1,0,4121.5313611112,11718806.0,2409502.0,0.20547222222222,0,5851363.0,2107303.0,4901668.0,1
1783,2020-01-09 22:16:00,84.4,1,0,4174.1827777778,11893487.0,2460865.0,0.21205555555556,0,5924611.0,2124264.0,4961520.0,1
1783,2020-01-09 22:17:00,83.80000000000001,1,0,4193.8544166666,11977506.0,2471616.0,0.21205555555556,0,5956087.0,2132249.0,4977315.0,1
1783,2020-01-09 22:18:00,83.00000000000001,1,0,4230.82847222216,12096872.0,2491740.0,0.215333333333338,0,6006895.0,2144882.0,5025597.0,1
1783,2020-01-09 22:19:00,81.60000000000001,1,0,4304.95274999994,12316897.0,2515531.0,0.215972222222226,0,6107155.0,2166101.0,5109694.0,1
1783,2020-01-09 22:20:00,77.4,1,0,4574.84205555548,13198219.0,2622547.0,0.271750000000004,0,6513704.0,2258126.0,5430652.0,1
1783,2020-01-09 22:21:00,76.00000000000001,1,0,4632.40252777772,13402540.0,2669360.0,0.272138888888894,0,6593673.0,2290610.0,5492532.0,1
1783,2020-01-09 22:22:00,74.4,1,0,4714.53627777772,13695521.0,2734724.0,0.277833333333338,0,6733450.0,2323911.0,5626640.0,1
1783,2020-01-09 22:23:00,73.80000000000001,1,0,4767.22583333326,13872633.0,2737558.0,0.277833333333338,0,6815086.0,2343435.0,5704303.0,1
1783,2020-01-09 22:24:00,73.20000000000002,1,0,4809.02322222216,14048407.0,2761362.0,0.279500000000004,0,6882610.0,2357839.0,5751493.0,1
1783,2020-01-09 22:25:00,71.80000000000001,1,0,4871.01330555548,14235374.0,2805315.0,0.283138888888894,0,6971074.0,2382209.0,5855558.0,1
1783,2020-01-09 22:26:00,70.4,1,0,4948.35533333326,14480060.0,2836671.0,0.283611111111116,0,7088878.0,2404913.0,5932271.0,1
1783,2020-01-09 22:27:00,69.60000000000001,1,0,4996.86674999994,14599491.0,2838296.0,0.286500000000004,0,7167214.0,2430301.0,5993995.0,1
1783,2020-01-09 22:28:00,68.80000000000001,1,0,5043.2724166666,14748861.0,2873292.0,0.286500000000004,0,7238302.0,2449037.0,6040834.0,1
1783,2020-01-09 22:29:00,68.20000000000002,1,0,5086.40119444438,14878055.0,2888411.0,0.292388888888894,0,7304902.0,2460842.0,6084761.0,1
1783,2020-01-09 22:30:00,67.60000000000001,1,0,5129.08836111104,15068115.0,2898694.0,0.292388888888894,0,7388878.0,2476058.0,6165907.0,1
1783,2020-01-09 22:31:00,66.20000000000002,1,0,5224.95897222216,15410717.0,2962693.0,0.292388888888894,0,7556482.0,2516356.0,6281347.0,1
1783,2020-01-09 22:32:00,64.80000000000001,1,0,5326.01074999994,15686564.0,3029370.0,0.292388888888894,0,7710550.0,2542385.0,6374960.0,1
1783,2020-01-09 22:33:00,64.00000000000001,1,0,5379.15669444438,15882045.0,3044333.0,0.292388888888894,0,7790902.0,2566713.0,6456705.0,1
1783,2020-01-09 22:34:00,63.400000000000006,1,0,5409.66722222216,16039684.0,3090899.0,0.292388888888894,0,7849474.0,2588264.0,6526697.0,1
1783,2020-01-09 22:35:00,60.60000000000001,1,0,5614.79847222216,16763316.0,3183719.0,0.296277777777782,0,8177411.0,2669157.0,6794718.0,1
1783,2020-01-09 22:36:00,59.20000000000002,1,0,5712.85783333326,17122467.0,3254192.0,0.296277777777782,0,8361191.0,2711765.0,6927292.0,1
1783,2020-01-09 22:37:00,57.60000000000001,1,0,5788.15108333326,17470816.0,3335988.0,0.296277777777782,0,8502227.0,2743645.0,7065365.0,1
1783,2020-01-09 22:38:00,56.20000000000002,1,0,5861.8394166666,17856630.0,3468419.0,0.296277777777782,0,8640911.0,2773266.0,7216763.0,1
1783,2020-01-09 22:39:00,55.000000000000014,1,0,5938.5531666666,18556017.0,3588110.0,0.296277777777782,0,8801795.0,2818647.0,7428455.0,1
1783,2020-01-09 22:40:00,54.400000000000006,1,0,5965.0364166666,18692309.0,3613539.0,0.296277777777782,0,8842487.0,2831300.0,7501905.0,1
1783,2020-01-09 22:41:00,53.20000000000002,1,0,6025.64452777772,18985733.0,3677733.0,0.296277777777782,0,8950631.0,2856145.0,7601083.0,1
1783,2020-01-09 22:42:00,52.000000000000014,1,0,6110.74861111104,19243095.0,3725677.0,0.296277777777782,0,9093695.0,2881253.0,7711739.0,1
1783,2020-01-09 22:43:00,50.80000000000001,1,0,6194.51794444438,19525936.0,3776104.0,0.301861111111116,0,9207347.0,2911125.0,7831053.0,1
1783,2020-01-09 22:44:00,49.20000000000002,1,0,6282.4823055554,19945979.0,3845837.0,0.301861111111116,0,9350375.0,2942402.0,8009504.0,1
1783,2020-01-09 22:45:00,48.000000000000014,1,0,6372.2579722222,20442943.0,3868951.0,0.301861111111116,0,9505595.0,2984250.0,8156404.0,1
1783,2020-01-09 22:46:00,46.60000000000001,1,0,6450.8655,20857032.0,3919534.0,0.301861111111116,0,9670260.0,3020182.0,8292306.0,1
1783,2020-01-09 22:47:00,45.20000000000002,1,0,6531.3630277778,21180823.0,3980634.0,0.301861111111116,0,9810265.0,3056402.0,8371086.0,1
1783,2020-01-09 22:48:00,43.80000000000001,1,0,6611.215611111,21540143.0,4026264.0,0.301861111111116,0,9969722.0,3091827.0,8460630.0,1
1783,2020-01-09 22:49:00,42.400000000000006,1,0,6687.1458055554,21897058.0,4096269.0,0.301861111111116,0,10101914.0,3109887.0,8588368.0,1
1783,2020-01-09 22:50:00,39.60000000000001,1,0,6816.34225,22587619.0,4230520.0,0.30505555555556,0,10355486.0,3150563.0,8821900.0,1
1783,2020-01-09 22:51:00,38.20000000000002,1,0,6893.945,22908589.0,4306791.0,0.331888888888894,0,10495850.0,3166620.0,8922975.0,1
1783,2020-01-09 22:52:00,38.000000000000014,1,0,6895.5122222222,22910734.0,4306791.0,0.331888888888894,0,10496282.0,3166828.0,8937497.0,1
1783,2020-01-09 22:53:00,34.000000000000014,1,0,7103.9426388888,23969337.0,4387417.0,0.34644444444445,0,10884662.0,3224237.0,9292683.0,1
1783,2020-01-09 22:54:00,27.200000000000017,1,0,7472.5164166666,25367968.0,4582560.0,0.37905555555556,0,11435762.0,3311522.0,9699258.0,1
1783,2020-01-09 22:55:00,26.80000000000001,1,0,7491.3136388888,25418993.0,4590191.0,0.37905555555556,0,11463926.0,3314126.0,9715678.0,1
1783,2020-01-09 22:56:00,25.80000000000001,1,0,7546.9800277778,25676159.0,4617270.0,0.37905555555556,0,11545010.0,3331019.0,9754717.0,1
1783,2020-01-09 22:57:00,25.60000000000001,1,0,7555.7604722222,25717694.0,4629438.0,0.37905555555556,0,11555474.0,3332780.0,9773073.0,1
1783,2020-01-09 22:58:00,24.200000000000017,1,0,7619.7020277778,25969583.0,4674379.0,0.38419444444445,0,11618606.0,3352209.0,9849006.0,1
1783,2020-01-09 22:59:00,22.80000000000001,1,0,7687.3019444444,26227633.0,4721335.0,0.38730555555556,0,11710670.0,3367029.0,9922209.0,1
1783,2020-01-09 23:00:00,21.40000000000001,1,0,7784.981861111,26564074.0,4744982.0,0.393166666666672,0,11835038.0,3379389.0,9993046.0,1
1783,2020-01-09 23:01:00,20.80000000000001,1,0,7829.2518333332,26763196.0,4757580.0,0.393166666666672,0,11873703.0,3394593.0,10016876.0,1
1783,2020-01-09 23:02:00,20.00000000000001,1,0,7856.81866666654,26923421.0,4773128.0,0.393166666666672,0,11911695.0,3401306.0,10041147.0,1
1783,2020-01-09 23:03:00,18.600000000000023,1,0,7972.16130555542,27193483.0,4783594.0,0.394361111111116,0,12081939.0,3416342.0,10099790.0,1
1783,2020-01-09 23:04:00,18.200000000000017,1,0,7991.3982222221,27248200.0,4791303.0,0.394361111111116,0,12106071.0,3418527.0,10114247.0,1
1783,2020-01-09 23:05:00,17.200000000000017,1,0,8041.92427777764,27475999.0,4816536.0,0.398888888888894,0,12173680.0,3431895.0,10160177.0,1
1783,2020-01-09 23:06:00,15.800000000000011,1,0,8094.16913888876,27766770.0,4849426.0,0.40319444444445,0,12249832.0,3451008.0,10229429.0,1
1783,2020-01-09 23:07:00,15.600000000000025,1,0,8102.25472222208,27814688.0,4858644.0,0.40319444444445,0,12259888.0,3453316.0,10235435.0,1
1783,2020-01-09 23:08:00,14.400000000000006,1,0,8164.17855555542,28163920.0,4876584.0,0.403777777777784,0,12358973.0,3475956.0,10283886.0,1
1783,2020-01-09 23:09:00,13.0,1,0,8219.6378333332,28495850.0,4894628.0,0.404388888888894,0,12461333.0,3494096.0,10335028.0,1
1783,2020-01-09 23:10:00,12.800000000000011,1,0,8231.22805555542,28545706.0,4894628.0,0.404388888888894,0,12476045.0,3495417.0,10339942.0,1
1783,2020-01-09 23:11:00,11.0,1,0,8334.0383333332,29030086.0,4964230.0,0.404777777777784,0,12588857.0,3527249.0,10416538.0,1
1783,2020-01-09 23:12:00,10.0,1,0,8370.10827777764,29213607.0,4987890.0,0.404777777777784,0,12643325.0,3534025.0,10466784.0,1
1783,2020-01-09 23:13:00,9.400000000000006,1,0,8402.36449999986,29408737.0,5006636.0,0.404777777777784,0,12684533.0,3541306.0,10496359.0,1
1783,2020-01-09 23:14:00,8.600000000000023,1,0,8435.34349999986,29609067.0,5031414.0,0.404777777777784,0,12724757.0,3552302.0,10540313.0,1
1783,2020-01-09 23:15:00,8.400000000000006,1,0,8436.36719444432,29619194.0,5064369.0,0.404777777777784,0,12724949.0,3557191.0,10552144.0,1
1783,2020-01-09 23:16:00,6.600000000000023,1,0,8536.45491666654,30258378.0,5110467.0,0.405472222222228,0,12930846.0,3573955.0,10704959.0,1
1783,2020-01-09 23:17:00,3.0,1,0,8685.30594444432,31162112.0,5203495.0,0.405472222222228,0,13207638.0,3603415.0,10881174.0,1
1787,2020-01-09 23:18:00,242.4,1,1,249.8134444444377,421135.0,540462.0,0.083583333333334,0,290268.0,130649.0,315640.0,1
1787,2020-01-09 23:19:00,242.2,1,1,249.8134444444377,421135.0,545142.0,0.083583333333334,0,290269.0,130686.0,315640.0,1
1787,2020-01-09 23:20:00,240.8,1,1,304.9246944444378,496990.0,690833.0,0.093861111111112,0,340753.0,154618.0,461020.0,1
1787,2020-01-09 23:21:00,239.6,1,1,347.8262499999978,568828.0,790868.0,0.097805555555556,0,397453.0,174095.0,512500.0,1
1787,2020-01-09 23:22:00,235.0,1,1,516.3281944444377,1061294.0,1164137.0,0.1195,0,539017.0,244231.0,805715.0,1
1787,2020-01-09 23:23:00,228.6,1,1,634.2315833333378,1402077.0,1611948.0,0.194222222222222,0,704521.0,307640.0,961143.0,1
1787,2020-01-09 23:24:00,227.2,1,1,690.7210555555578,1552761.0,1751477.0,0.20177777777778,0,745417.0,324897.0,1026728.0,1
1787,2020-01-09 23:25:00,225.8,1,1,734.9344166666577,1747059.0,1843699.0,0.20636111111112,0,797965.0,344609.0,1094407.0,1
1787,2020-01-09 23:26:00,224.4,1,1,791.6696944444377,1895298.0,1951664.0,0.21,0,848701.0,365570.0,1228034.0,1
1787,2020-01-09 23:27:00,223.0,1,1,854.1837777777778,2054340.0,2031926.0,0.22461111111112,0,909746.0,393460.0,1310883.0,1
1787,2020-01-09 23:28:00,222.4,1,1,862.9946111111177,2101699.0,2050504.0,0.22583333333334,0,924482.0,399185.0,1340185.0,1
1787,2020-01-09 23:29:00,221.6,1,1,886.3103888888977,2140283.0,2126307.0,0.23630555555556,0,960986.0,410705.0,1393498.0,1
1787,2020-01-09 23:30:00,220.0,1,1,930.5920277777776,2364221.0,2290588.0,0.26936111111112,0,1043990.0,429897.0,1495900.0,1
1787,2020-01-09 23:31:00,219.0,1,1,984.8171388888976,2489983.0,2398436.0,0.26936111111112,0,1091222.0,442788.0,1570936.0,1
1787,2020-01-09 23:32:00,217.6,1,1,1057.5069444444375,2600899.0,2497353.0,0.28505555555556,0,1143135.0,461940.0,1635754.0,1
1787,2020-01-09 23:33:00,216.2,1,1,1099.5378888888977,2696865.0,2611337.0,0.31269444444444,0,1197531.0,478732.0,1681254.0,1
1787,2020-01-09 23:34:00,215.6,1,1,1135.3072499999978,2761696.0,2716884.0,0.33958333333334,0,1233147.0,490635.0,1727743.0,1
1787,2020-01-09 23:35:00,214.8,1,1,1154.4767777777777,2789555.0,2772394.0,0.35652777777778,0,1257555.0,496485.0,1768290.0,1
1787,2020-01-09 23:36:00,212.0,1,1,1200.6166388888978,2885391.0,2904773.0,0.36625,0,1312743.0,518337.0,1856833.0,1
1787,2020-01-09 23:37:00,210.6,1,1,1261.5398888888978,2990925.0,3011243.0,0.37194444444444,0,1358895.0,538157.0,1933065.0,1
1787,2020-01-09 23:38:00,207.8,1,1,1356.6113888888976,3146886.0,3174250.0,0.41319444444444,0,1457055.0,569621.0,2016928.0,1
1787,2020-01-09 23:39:00,206.4,1,1,1408.5645555555575,3213017.0,3236300.0,0.42333333333334,0,1495803.0,588762.0,2045281.0,1
1787,2020-01-09 23:40:00,204.6,1,1,1432.1131944444378,3260207.0,3279460.0,0.43216666666666,0,1514067.0,596991.0,2130964.0,1
1787,2020-01-09 23:41:00,203.6,1,1,1471.445805555558,3302691.0,3357994.0,0.44047222222222,0,1542651.0,607268.0,2158589.0,1
1787,2020-01-09 23:42:00,202.2,1,1,1520.1434722222175,3694953.0,3425543.0,0.44802777777778,0,1591827.0,634540.0,2243181.0,1
1787,2020-01-09 23:43:00,200.8,1,1,1571.3899722222177,3766349.0,3466935.0,0.44802777777778,0,1640211.0,655060.0,2294102.0,1
1787,2020-01-09 23:44:00,199.4,1,1,1633.8722499999978,3833104.0,3542751.0,0.45266666666666,0,1678359.0,676728.0,2348442.0,1
1787,2020-01-09 23:45:00,197.8,1,1,1697.2137222222177,3896921.0,3602759.0,0.47386111111112,0,1726815.0,694733.0,2387963.0,1
1787,2020-01-09 23:46:00,196.4,1,1,1754.2074722222178,3970761.0,3701559.0,0.49011111111112,0,1766847.0,717325.0,2566141.0,1
1787,2020-01-09 23:47:00,195.2,1,1,1817.5702499999977,4259530.0,3779078.0,0.49088888888888,0,1810419.0,745117.0,2765587.0,1
1787,2020-01-09 23:48:00,193.6,1,1,1890.1566111111176,4529956.0,3859587.0,0.50861111111112,0,1853080.0,772377.0,2961029.0,1
1787,2020-01-09 23:49:00,192.4,1,1,1943.3758888888976,4583451.0,3924133.0,0.51691666666666,0,1898284.0,789269.0,3154313.0,1
1787,2020-01-09 23:50:00,188.0,1,1,2064.280555555578,5116230.0,4071839.0,0.53602777777778,0,1978816.0,849761.0,3362716.0,1
1787,2020-01-09 23:51:00,186.8,1,1,2112.453277777778,5150524.0,4114947.0,0.53863888888888,0,2024968.0,876522.0,3406240.0,1
1787,2020-01-09 23:52:00,185.4,1,1,2173.4618611111778,5210389.0,4178582.0,0.54841666666666,0,2071012.0,903418.0,3664706.0,1
1787,2020-01-09 23:53:00,184.0,1,1,2244.889861111178,5315507.0,4242490.0,0.54841666666666,0,2106676.0,931014.0,3707450.0,1
1787,2020-01-09 23:54:00,182.6,1,1,2301.188055555578,5417102.0,4318293.0,0.573,0,2154220.0,962623.0,3763207.0,1
1787,2020-01-09 23:55:00,181.2,1,1,2352.548194444378,5490890.0,4369331.0,0.59713888888888,0,2198729.0,984868.0,3812582.0,1
1787,2020-01-09 23:56:00,179.8,1,1,2399.422499999978,5536104.0,4441949.0,0.62327777777778,0,2241593.0,1003376.0,3882353.0,1
1787,2020-01-09 23:57:00,178.2,1,1,2451.715166666578,5636321.0,4505363.0,0.63219444444444,0,2283029.0,1026576.0,3943479.0,1
1787,2020-01-09 23:58:00,177.8,1,1,2471.625305555578,5697148.0,4529309.0,0.63244444444444,0,2299949.0,1037652.0,3981231.0,1
1787,2020-01-09 23:59:00,177.0,1,1,2515.237111111178,5742531.0,4567750.0,0.63680555555556,0,2333201.0,1053916.0,4013653.0,1
1787,2020-01-10 00:00:00,175.6,1,1,2570.529805555578,5844776.0,4659192.0,0.66291666666666,0,2389073.0,1082128.0,4092226.0,1
1787,2020-01-10 00:01:00,174.2,1,1,2639.704249999978,5970851.0,4751778.0,0.67505555555556,0,2439629.0,1110281.0,4153899.0,1
1787,2020-01-10 00:02:00,172.6,1,1,2688.250055555578,6051191.0,4825007.0,0.71605555555556,0,2484545.0,1134542.0,4195538.0,1
1787,2020-01-10 00:03:00,171.4,1,1,2739.144222222178,6117010.0,4905165.0,0.73519444444444,0,2536481.0,1160695.0,4230495.0,1
1787,2020-01-10 00:04:00,169.8,1,1,2805.778027777778,6211494.0,4990940.0,0.76344444444444,0,2579670.0,1180783.0,4283262.0,1
1787,2020-01-10 00:05:00,168.6,1,1,2858.5046388889778,6294681.0,5070305.0,0.77402777777778,0,2630286.0,1199687.0,4326682.0,1
1787,2020-01-10 00:06:00,167.0,1,1,2915.945361111178,6405103.0,5217856.0,0.79411111111112,0,2696322.0,1216420.0,4389953.0,1
1787,2020-01-10 00:07:00,165.8,1,1,2958.939305555578,6503851.0,5302083.0,0.79463888888888,0,2744070.0,1237869.0,4500375.0,1
1787,2020-01-10 00:08:00,164.2,1,1,3000.8876944443778,6608488.0,5418551.0,0.795,0,2789742.0,1255900.0,4598565.0,1
1787,2020-01-10 00:09:00,163.0,1,1,3058.345972222178,6717441.0,5534433.0,0.80555555555556,0,2847558.0,1275672.0,4720167.0,1
1787,2020-01-10 00:10:00,161.4,1,1,3098.516694444378,6797443.0,5652305.0,0.83725,0,2909778.0,1294013.0,4831942.0,1
1787,2020-01-10 00:11:00,158.8,1,1,3161.330972222178,6948412.0,5820239.0,0.84194444444444,0,2987251.0,1317894.0,4890104.0,1
1787,2020-01-10 00:12:00,157.2,1,1,3197.1158611111778,7035070.0,5946482.0,0.84194444444444,0,3021535.0,1331091.0,4940258.0,1
1787,2020-01-10 00:13:00,156.0,1,1,3256.808583333378,7113773.0,6029371.0,0.84194444444444,0,3067664.0,1350435.0,5000318.0,1
1787,2020-01-10 00:14:00,154.6,1,1,3302.684055555578,7232606.0,6147138.0,0.86113888888888,0,3132524.0,1367272.0,5072351.0,1
1787,2020-01-10 00:15:00,153.2,1,1,3369.405249999978,7348709.0,6262643.0,0.88497222222222,0,3209313.0,1396572.0,5131735.0,1
1787,2020-01-10 00:16:00,151.8,1,1,3407.3796388889778,7449355.0,6350263.0,0.89380555555556,0,3260661.0,1417457.0,5208500.0,1
1787,2020-01-10 00:17:00,150.2,1,1,3459.698194444378,7541538.0,6492964.0,0.89380555555556,0,3318261.0,1439330.0,5317310.0,1
1787,2020-01-10 00:18:00,149.0,1,1,3523.763499999978,7683264.0,6561149.0,0.89380555555556,0,3357741.0,1464538.0,5392632.0,1
1787,2020-01-10 00:19:00,147.6,1,1,3604.206055555578,7811145.0,6644206.0,0.91230555555556,0,3415377.0,1487758.0,5453979.0,1
1787,2020-01-10 00:20:00,146.2,1,1,3658.145638888978,7872349.0,6759386.0,0.92666666666666,0,3460438.0,1509294.0,5538076.0,1
1787,2020-01-10 00:21:00,144.6,1,1,3692.701472222178,7961204.0,6861696.0,0.92888888888888,0,3505138.0,1526186.0,5587567.0,1
1787,2020-01-10 00:22:00,143.2,1,1,3715.7141111111778,8035031.0,6964553.0,0.93197222222222,0,3525611.0,1547483.0,5649642.0,1
1787,2020-01-10 00:23:00,142.0,1,1,3767.364416666578,8165655.0,7143823.0,0.93891666666666,0,3568475.0,1572677.0,5706218.0,1
1787,2020-01-10 00:24:00,140.6,1,1,3811.063444444378,8214405.0,7223578.0,0.93891666666666,0,3620291.0,1596645.0,5764849.0,1
1787,2020-01-10 00:25:00,140.0,1,1,3822.027305555578,8239210.0,7257937.0,0.93891666666666,0,3633335.0,1606493.0,5798857.0,1
1787,2020-01-10 00:26:00,139.0,1,1,3863.793361111178,8300518.0,7341983.0,0.97794444444444,0,3665327.0,1633321.0,5870929.0,1
1787,2020-01-10 00:27:00,137.8,1,1,3894.287666666578,8361982.0,7406957.0,0.97794444444444,0,3698447.0,1648289.0,5899048.0,1
1787,2020-01-10 00:28:00,135.0,1,1,3937.381722222178,8445832.0,7474609.0,0.97869444444444,0,3741935.0,1670741.0,5961383.0,1
1787,2020-01-10 00:29:00,132.2,1,1,4006.987555555578,8524235.0,7660054.0,1.01927777777778,0,3829511.0,1699541.0,6062198.0,1
1787,2020-01-10 00:30:00,124.4,1,1,4238.576583333378,8841591.0,8063080.0,1.0795,0,4047899.0,1804141.0,6397286.0,1
1787,2020-01-10 00:31:00,123.8,1,1,4284.569305555578,8864627.0,8099389.0,1.0795,0,4078619.0,1811702.0,6436455.0,1
1787,2020-01-10 00:32:00,122.4,1,1,4326.791138888978,9066777.0,8179898.0,1.09794444444444,0,4124183.0,1832222.0,6549919.0,1
1787,2020-01-10 00:33:00,121.0,1,1,4349.013083333378,9116047.0,8252360.0,1.09794444444444,0,4174439.0,1845599.0,6590427.0,1
1787,2020-01-10 00:34:00,119.6,1,1,4350.013083333378,9206774.0,8296898.0,1.09794444444444,0,4219595.0,1865501.0,6617779.0,1
1787,2020-01-10 00:35:00,118.2,1,1,4351.013083333378,9260763.0,8388509.0,1.09794444444444,0,4260971.0,1880575.0,6684651.0,1
1787,2020-01-10 00:36:00,116.8,1,1,4351.013083333378,9321330.0,8473595.0,1.09794444444444,0,4310831.0,1898227.0,6719855.0,1
1787,2020-01-10 00:37:00,115.4,1,1,4351.013083333378,9384861.0,8530093.0,1.09794444444444,0,4352291.0,1912547.0,6769749.0,1
1787,2020-01-10 00:38:00,114.0,1,1,4351.013083333378,9423107.0,8607652.0,1.09794444444444,0,4398287.0,1930384.0,6818382.0,1
1787,2020-01-10 00:39:00,112.6,1,1,4351.013083333378,9486781.0,8670884.0,1.09794444444444,0,4444151.0,1950214.0,6890637.0,1
1787,2020-01-10 00:40:00,111.2,1,1,4351.013083333378,9551235.0,8729059.0,1.09794444444444,0,4483079.0,1974883.0,6934694.0,1
1787,2020-01-10 00:41:00,109.6,1,1,4351.013083333378,9746131.0,8809555.0,1.09794444444444,0,4535027.0,1998619.0,7057947.0,1
1787,2020-01-10 00:42:00,109.4,1,1,4351.013083333378,9765111.0,8817745.0,1.09794444444444,0,4543619.0,2000556.0,7064915.0,1
1787,2020-01-10 00:43:00,109.0,1,1,4351.013083333378,9767893.0,8839520.0,1.09794444444444,0,4543668.0,2001008.0,7069387.0,1
1787,2020-01-10 00:44:00,108.8,1,1,4352.013083333378,9769687.0,8839521.0,1.09794444444444,0,4549092.0,2002160.0,7099924.0,1
1787,2020-01-10 00:45:00,106.6,1,1,4352.013083333378,9917380.0,8954779.0,1.09794444444444,0,4643196.0,2032356.0,7210437.0,1
1787,2020-01-10 00:46:00,105.0,1,1,4352.013083333378,10009654.0,9053436.0,1.09794444444444,0,4697820.0,2055413.0,7247266.0,1
1787,2020-01-10 00:47:00,99.0,1,1,4352.013083333378,10350449.0,9477730.0,1.09794444444444,0,4916424.0,2150706.0,7540455.0,1
1787,2020-01-10 00:48:00,98.2,1,1,4352.013083333378,10432440.0,9562608.0,1.09794444444444,0,4952640.0,2166514.0,7603765.0,1
1787,2020-01-10 00:49:00,98.0,1,1,4352.013083333378,10435846.0,9567912.0,1.09794444444444,0,4952640.0,2166647.0,7604324.0,1
1787,2020-01-10 00:50:00,92.0,1,1,4352.013083333378,10830149.0,10079098.0,1.09794444444444,0,5204640.0,2249555.0,7821373.0,1
1787,2020-01-10 00:51:00,86.0,1,1,4352.013083333378,11240286.0,10482345.0,1.09794444444444,0,5419081.0,2333440.0,8107685.0,1
1787,2020-01-10 00:52:00,84.19999999999999,1,1,4353.013083333378,11360250.0,10629115.0,1.09794444444444,0,5496733.0,2354988.0,8187791.0,1
1787,2020-01-10 00:53:00,78.6,1,1,4353.013083333378,11687018.0,11038902.0,1.09794444444444,0,5728825.0,2425068.0,8445686.0,1
1787,2020-01-10 00:54:00,78.19999999999999,1,1,4353.013083333378,11687018.0,11068088.0,1.09794444444444,0,5729137.0,2425792.0,8450860.0,1
1787,2020-01-10 00:55:00,72.19999999999999,1,1,4353.013083333378,12017388.0,11608017.0,1.09794444444444,0,5971153.0,2492220.0,8711068.0,1
1787,2020-01-10 00:56:00,70.0,1,1,4353.013083333378,12183633.0,11754007.0,1.09794444444444,0,6056461.0,2513205.0,8860217.0,1
1787,2020-01-10 00:57:00,64.0,1,1,4353.013083333378,12447897.0,12203651.0,1.09794444444444,0,6222025.0,2561050.0,9036497.0,1
1787,2020-01-10 00:58:00,58.0,1,1,4353.013083333378,12757388.0,12646691.0,1.09794444444444,0,6416198.0,2629398.0,9314463.0,1
1787,2020-01-10 00:59:00,51.6,1,1,4354.013083333378,13075966.0,12956130.0,1.09794444444444,0,6629534.0,2716167.0,9508137.0,1
1787,2020-01-10 01:00:00,45.6,1,1,4354.013083333378,13381974.0,13273382.0,1.09794444444444,0,6802922.0,2798213.0,9899619.0,1
1787,2020-01-10 01:01:00,43.6,1,1,4355.013083333378,13489198.0,13344466.0,1.09794444444444,0,6883226.0,2828518.0,10006934.0,1
1787,2020-01-10 01:02:00,42.19999999999999,1,1,4355.013083333378,13694208.0,13395582.0,1.09794444444444,0,6921494.0,2858863.0,10112390.0,1
1787,2020-01-10 01:03:00,42.0,1,1,4355.013083333378,13694208.0,13418098.0,1.09794444444444,0,6921494.0,2858863.0,10124727.0,1
1787,2020-01-10 01:04:00,36.0,1,1,4355.013083333378,13899804.0,13657571.0,1.09794444444444,0,7023470.0,2903767.0,10265439.0,1
1787,2020-01-10 01:05:00,31.0,1,1,4356.013083333378,14134272.0,13944689.0,1.09794444444444,0,7219574.0,2970969.0,10510957.0,1
1787,2020-01-10 01:07:00,24.0,1,1,4356.013083333378,14524922.0,14474205.0,1.09794444444444,0,7450202.0,3053849.0,10845629.0,1
1787,2020-01-10 01:08:00,18.0,1,1,4357.013083333378,14876703.0,14938786.0,1.09794444444444,0,7657634.0,3114582.0,11034805.0,1
1787,2020-01-10 01:09:00,11.0,1,1,4357.013083333378,15251740.0,15367995.0,1.09794444444444,0,7875147.0,3188482.0,11313590.0,1
1787,2020-01-10 01:10:00,7.599999999999994,1,1,4357.013083333378,15541627.0,15628658.0,1.09794444444444,0,7984815.0,3230695.0,11484046.0,1
1787,2020-01-10 01:11:00,7.199999999999989,1,1,4357.013083333378,15541627.0,15648288.0,1.09794444444444,0,7984815.0,3230768.0,11484046.0,1
1787,2020-01-10 01:12:00,1.1999999999999886,1,1,4357.013083333378,15875077.0,16182822.0,1.09794444444444,0,8167792.0,3300113.0,11687262.0,1
1876,2020-01-10 06:45:00,242.4,1,1,73.92616666666665,291538.0,117286.0,0.0005,0,106464.0,31757.0,68679.0,0
1876,2020-01-10 06:46:00,241.8,1,1,90.30102777777866,313274.0,165946.0,0.0005,0,133476.0,35705.0,72514.0,0
1876,2020-01-10 06:47:00,240.4,1,1,156.54563888888865,447057.0,247989.0,0.0305,0,201781.0,60145.0,140504.0,0
1876,2020-01-10 06:48:00,239.6,1,1,184.18952777777864,505089.0,340809.0,0.035083333333334,0,227029.0,72747.0,237654.0,0
1876,2020-01-10 06:49:00,239.4,1,1,188.06611111111064,510120.0,342330.0,0.043638888888888,0,229525.0,77099.0,244544.0,0
1876,2020-01-10 06:50:00,231.6,1,1,495.0692777777866,1300806.0,868817.0,0.093277777777778,0,700453.0,162503.0,633283.0,0
1876,2020-01-10 06:51:00,219.0,1,1,834.4274722222266,2331563.0,1487032.0,0.23080555555556,0,1315597.0,267760.0,1125450.0,0
1876,2020-01-10 06:52:00,216.0,1,1,917.2571666666666,2622503.0,1774527.0,0.23911111111112,0,1512217.0,290152.0,1290291.0,0
1876,2020-01-10 06:53:00,214.2,1,1,991.6861666666666,2779192.0,1854165.0,0.25647222222222,0,1657094.0,315161.0,1390443.0,0
1876,2020-01-10 06:54:00,210.8,1,1,1088.4729722222266,3056690.0,2191970.0,0.29902777777778,0,1838774.0,350661.0,1562628.0,0
1876,2020-01-10 06:55:00,208.0,1,1,1175.3015555555469,3250533.0,2301535.0,0.29902777777778,0,1984155.0,397013.0,1647506.0,0
1876,2020-01-10 06:56:00,205.0,1,1,1292.9513333333266,3408678.0,2578500.0,0.29902777777778,0,2146299.0,441129.0,1768939.0,0
1876,2020-01-10 06:57:00,203.2,1,1,1361.8266944444467,3512496.0,2661688.0,0.31597222222222,0,2255295.0,457114.0,1814894.0,0
1876,2020-01-10 06:58:00,203.0,1,1,1370.1312777777866,3532048.0,2669150.0,0.31597222222222,0,2260635.0,459753.0,1817182.0,0
1876,2020-01-10 06:59:00,199.2,1,1,1510.2715833333427,3797352.0,2842557.0,0.35947222222222,0,2456344.0,512006.0,1956321.0,0
1876,2020-01-10 07:00:00,194.0,1,1,1785.5747500000066,4146740.0,3027782.0,0.425694444444442,0,2815372.0,579287.0,2177984.0,0
1876,2020-01-10 07:01:00,187.4,1,1,2051.7985000000062,4491812.0,3266151.0,0.56544444444444,0,3196444.0,661491.0,2361675.0,0
1876,2020-01-10 07:02:00,185.4,1,1,2140.9723888889066,4745092.0,3337014.0,0.61833333333334,0,3359405.0,681695.0,2461736.0,0
1876,2020-01-10 07:03:00,184.4,1,1,2179.1274722222265,4890198.0,3388156.0,0.6240555555555598,0,3450089.0,694775.0,2500606.0,0
1876,2020-01-10 07:04:00,184.0,1,1,2206.9843055555666,4938506.0,3414299.0,0.6240555555555598,0,3491633.0,698624.0,2514074.0,0
1876,2020-01-10 07:05:00,183.4,1,1,2234.8061111111265,4983252.0,3430731.0,0.6240555555555598,0,3540257.0,708393.0,2553997.0,0
1876,2020-01-10 07:06:00,178.8,1,1,2446.7536944444464,5179826.0,3615773.0,0.7055833333333398,0,3889542.0,750810.0,2635364.0,0
1876,2020-01-10 07:07:00,172.60000000000002,1,1,2791.3344444444465,5623698.0,4009556.0,0.8368333333333398,0,4392618.0,834078.0,2925966.0,0
1876,2020-01-10 07:08:00,171.4,1,1,2837.541388888906,5677272.0,4059658.0,0.8791944444444398,0,4447650.0,841894.0,2942645.0,0
1876,2020-01-10 07:09:00,170.60000000000002,1,1,2857.1059166666864,5713581.0,4104417.0,0.8943611111110998,0,4485546.0,846935.0,2950913.0,0
1876,2020-01-10 07:10:00,164.2,1,1,3098.870944444446,6240367.0,4460357.0,1.0329722222222195,0,4813326.0,920436.0,3226370.0,0
1876,2020-01-10 07:11:00,162.0,1,1,3192.4874444444467,6454595.0,4586639.0,1.1197777777777798,0,4963878.0,949353.0,3309193.0,0
1876,2020-01-10 07:12:00,160.0,1,1,3262.2571666666863,6726776.0,4813151.0,1.1357777777777798,0,5078575.0,969099.0,3577877.0,0
1876,2020-01-10 07:13:00,153.4,1,1,3394.2440555555863,7015077.0,5091546.0,1.20727777777778,0,5280007.0,999779.0,3679915.0,0
1876,2020-01-10 07:14:00,143.2,1,1,3828.531611111186,7990298.0,5748228.0,1.4656111111111,0,5945060.0,1127732.0,4184198.0,0
1876,2020-01-10 07:15:00,141.60000000000002,1,1,3905.122666666586,8125407.0,5826839.0,1.4961111111110998,0,6077204.0,1155477.0,4293060.0,0
1876,2020-01-10 07:16:00,136.0,1,1,4109.558499999986,8603339.0,6091324.0,1.6673611111111,0,6410565.0,1216485.0,4515685.0,0
1876,2020-01-10 07:17:00,135.2,1,1,4133.411777777786,8618394.0,6111501.0,1.6711666666666598,0,6443385.0,1223515.0,4529816.0,0
1876,2020-01-10 07:18:00,129.60000000000002,1,1,4300.529861111187,8982966.0,6386854.0,1.72630555555556,0,6720957.0,1269315.0,4730952.0,0
1876,2020-01-10 07:19:00,127.0,1,1,4414.791249999987,9187898.0,6488826.0,1.72630555555556,0,6891813.0,1302487.0,4818559.0,0
1876,2020-01-10 07:20:00,126.4,1,1,4443.907249999987,9253132.0,6519922.0,1.72630555555556,0,6952593.0,1316955.0,4836044.0,0
1876,2020-01-10 07:21:00,124.8,1,1,4493.207499999987,9347356.0,6582999.0,1.81508333333334,0,7024509.0,1330867.0,4902734.0,0
1876,2020-01-10 07:22:00,123.4,1,1,4562.733249999987,9471129.0,6606686.0,1.90980555555556,0,7157109.0,1353031.0,4953954.0,0
1876,2020-01-10 07:23:00,120.6,1,1,4710.131499999987,9609111.0,6689951.0,1.95905555555556,0,7349541.0,1379316.0,5047996.0,0
1876,2020-01-10 07:24:00,120.2,1,1,4711.7338055555865,9609644.0,6706565.0,1.95905555555556,0,7351570.0,1379876.0,5055185.0,0
1876,2020-01-10 07:25:00,114.4,1,1,4936.265249999987,10127877.0,6875774.0,2.08947222222222,0,7729330.0,1438153.0,5272922.0,0
1876,2020-01-10 07:26:00,113.4,1,1,4994.679388888986,10265521.0,6914774.0,2.08947222222222,0,7794934.0,1462465.0,5315107.0,0
1876,2020-01-10 07:27:00,111.4,1,1,5032.5024166667645,10323423.0,6994126.0,2.098694444444442,0,7853530.0,1479905.0,5390754.0,0
1876,2020-01-10 07:28:00,110.8,1,1,5076.077611111208,10492722.0,7020568.0,2.098694444444442,0,7906738.0,1488663.0,5457652.0,0
1876,2020-01-10 07:29:00,110.4,1,1,5076.12497222232,10492722.0,7033646.0,2.098694444444442,0,7906738.0,1488831.0,5457652.0,0
1876,2020-01-10 07:30:00,108.6,1,1,5117.09833333343,10649984.0,7118835.0,2.116305555555554,0,7964590.0,1506919.0,5604201.0,0
1876,2020-01-10 07:31:00,105.8,1,1,5242.527722222326,10856229.0,7214567.0,2.1488055555555543,0,8200834.0,1539124.0,5703261.0,0
1876,2020-01-10 07:32:00,103.0,1,1,5322.767694444546,11075838.0,7277214.0,2.2250555555555542,0,8384999.0,1571084.0,5781275.0,0
1876,2020-01-10 07:33:00,100.20000000000002,1,1,5450.301583333426,11344678.0,7359556.0,2.31491666666666,0,8585159.0,1616729.0,5856429.0,0
1876,2020-01-10 07:34:00,99.4,1,1,5475.136583333426,11428762.0,7407383.0,2.40458333333334,0,8647379.0,1623841.0,5883118.0,0
1876,2020-01-10 07:35:00,98.20000000000002,1,1,5525.861888888986,11530735.0,7462100.0,2.40458333333334,0,8697503.0,1635894.0,5981749.0,0
1876,2020-01-10 07:36:00,97.8,1,1,5525.861888888986,11530735.0,7472461.0,2.40458333333334,0,8697503.0,1636031.0,5981749.0,0
1876,2020-01-10 07:37:00,95.0,1,1,5636.243027777866,11732326.0,7650692.0,2.45183333333334,0,8877959.0,1671551.0,6140493.0,0
1876,2020-01-10 07:38:00,92.0,1,1,5737.983138888986,11959995.0,7777923.0,2.49602777777778,0,9068231.0,1708772.0,6203231.0,0
1876,2020-01-10 07:39:00,89.20000000000002,1,1,5885.228722222326,12288804.0,8022037.0,2.5055,0,9256115.0,1742461.0,6327564.0,0
1876,2020-01-10 07:40:00,87.20000000000002,1,1,6005.206694444546,12561180.0,8094863.0,2.56483333333334,0,9400751.0,1778413.0,6437765.0,0
1876,2020-01-10 07:41:00,80.80000000000001,1,1,6136.913861111206,12844060.0,8299808.0,2.58041666666666,0,9568883.0,1817367.0,6607831.0,0
1876,2020-01-10 07:42:00,79.20000000000002,1,1,6193.144277777866,13011500.0,8396762.0,2.619,0,9673703.0,1837519.0,6658427.0,0
1876,2020-01-10 07:43:00,76.4,1,1,6301.753527777866,13371367.0,8526749.0,2.6573611111111,0,9844607.0,1861279.0,6784657.0,0
1876,2020-01-10 07:44:00,75.6,1,1,6331.350250000106,13473729.0,8585860.0,2.66652777777778,0,9907787.0,1875443.0,6830144.0,0
1876,2020-01-10 07:45:00,73.20000000000002,1,1,6438.901583333426,13697329.0,8679551.0,2.6872222222222204,0,10044251.0,1896476.0,6911680.0,0
1876,2020-01-10 07:46:00,70.4,1,1,6591.878972222326,13995185.0,8782693.0,2.7810000000000006,0,10238639.0,1923660.0,6977343.0,0
1876,2020-01-10 07:47:00,67.6,1,1,6710.789555555646,14204550.0,8930425.0,2.798111111111101,0,10410371.0,1953177.0,7109241.0,0
1876,2020-01-10 07:48:00,64.80000000000001,1,1,6788.812555555646,14452434.0,9061790.0,2.8585555555555606,0,10521516.0,1984514.0,7154884.0,0
1876,2020-01-10 07:49:00,62.0,1,1,6911.137583333426,14729334.0,9135721.0,2.936333333333341,0,10681524.0,2007338.0,7270753.0,0
1876,2020-01-10 07:50:00,59.20000000000002,1,1,6999.895750000186,15024213.0,9209964.0,2.9556388888888807,0,10789692.0,2030235.0,7364340.0,0
1876,2020-01-10 07:51:00,58.400000000000006,1,1,7012.154416666786,15055738.0,9224394.0,2.976472222222221,0,10802940.0,2037824.0,7407708.0,0
1876,2020-01-10 07:52:00,57.400000000000006,1,1,7037.306416666786,15129370.0,9258675.0,3.0148055555555606,0,10862508.0,2045444.0,7438557.0,0
1876,2020-01-10 07:53:00,57.20000000000002,1,1,7038.306416666786,15132919.0,9272949.0,3.0148055555555606,0,10862508.0,2045812.0,7440625.0,0
1876,2020-01-10 07:54:00,56.6,1,1,7074.182361111186,15199089.0,9309583.0,3.043194444444441,0,10927992.0,2054125.0,7459852.0,0
1876,2020-01-10 07:55:00,56.400000000000006,1,1,7075.442361111186,15201442.0,9325937.0,3.043194444444441,0,10929720.0,2054610.0,7468484.0,0
1876,2020-01-10 07:56:00,55.80000000000001,1,1,7095.577416666785,15227612.0,9333620.0,3.0682222222222206,0,10963824.0,2064818.0,7472202.0,0
1876,2020-01-10 07:57:00,53.6,1,1,7207.834361111185,15361149.0,9481756.0,3.164472222222221,0,11120976.0,2083980.0,7550176.0,0
1876,2020-01-10 07:58:00,53.20000000000002,1,1,7215.446083333386,15371615.0,9487749.0,3.1804722222222206,0,11150580.0,2086193.0,7559263.0,0
1876,2020-01-10 07:59:00,53.0,1,1,7215.446083333386,15371615.0,9488231.0,3.1804722222222206,0,11150580.0,2086193.0,7559263.0,0
1876,2020-01-10 08:00:00,52.400000000000006,1,1,7253.781305555585,15411798.0,9517897.0,3.2097777777777807,0,11190000.0,2093826.0,7577424.0,0
1876,2020-01-10 08:01:00,51.20000000000002,1,1,7320.370888888986,15498080.0,9558015.0,3.2097777777777807,0,11267868.0,2104395.0,7611029.0,0
1876,2020-01-10 08:02:00,50.400000000000006,1,1,7355.073944444585,15645929.0,9604712.0,3.2097777777777807,0,11314428.0,2113279.0,7683401.0,0
1876,2020-01-10 08:03:00,50.0,1,1,7370.123777777786,15658461.0,9627384.0,3.2097777777777807,0,11334792.0,2114503.0,7689472.0,0
1876,2020-01-10 08:04:00,49.0,1,1,7401.409500000185,15735643.0,9695400.0,3.2190000000000003,0,11375509.0,2123116.0,7759061.0,0
1876,2020-01-10 08:05:00,48.80000000000001,1,1,7401.409500000185,15735643.0,9704488.0,3.2190000000000003,0,11375509.0,2123124.0,7759061.0,0
1876,2020-01-10 08:06:00,46.400000000000006,1,1,7493.148750000186,15849497.0,9851999.0,3.2395555555555604,0,11549845.0,2140904.0,7972651.0,0
1876,2020-01-10 08:07:00,46.20000000000002,1,1,7497.700138888986,15869699.0,9853481.0,3.2395555555555604,0,11553205.0,2143048.0,7972651.0,0
1876,2020-01-10 08:08:00,45.80000000000001,1,1,7515.7823055555855,15886521.0,9866611.0,3.2395555555555604,0,11581249.0,2150714.0,7985262.0,0
1876,2020-01-10 08:09:00,45.6,1,1,7521.030611111186,15921595.0,9868769.0,3.2395555555555604,0,11591977.0,2153223.0,7998991.0,0
1876,2020-01-10 08:10:00,45.20000000000002,1,1,7542.680750000186,15964729.0,9878688.0,3.23966666666666,0,11618485.0,2158195.0,8009339.0,0
1876,2020-01-10 08:11:00,44.20000000000002,1,1,7570.966527777786,15988402.0,9906106.0,3.24113888888888,0,11653837.0,2167451.0,8024770.0,0
1876,2020-01-10 08:12:00,43.400000000000006,1,1,7623.288583333386,16012101.0,9942363.0,3.25675,0,11720989.0,2174839.0,8048859.0,0
1876,2020-01-10 08:13:00,43.20000000000002,1,1,7624.288583333386,16014909.0,9950800.0,3.25675,0,11720989.0,2174887.0,8051278.0,0
1876,2020-01-10 08:14:00,43.0,1,1,7625.288583333386,16022033.0,9965971.0,3.25675,0,11720989.0,2175281.0,8053579.0,0
1876,2020-01-10 08:15:00,41.0,1,1,7708.607250000186,16204137.0,10015047.0,3.26363888888888,0,11863826.0,2205894.0,8175194.0,0
1876,2020-01-10 08:16:00,40.80000000000001,1,1,7718.708500000186,16289742.0,10019377.0,3.26363888888888,0,11892278.0,2208843.0,8199374.0,0
1876,2020-01-10 08:17:00,37.6,1,1,7815.9671666667855,16412306.0,10101667.0,3.26363888888888,0,12002474.0,2246035.0,8251816.0,0
1876,2020-01-10 08:18:00,37.20000000000002,1,1,7847.671194444586,16573740.0,10103110.0,3.27408333333334,0,12043971.0,2252275.0,8286410.0,0
1876,2020-01-10 08:19:00,36.400000000000006,1,1,7888.808500000186,16646449.0,10126173.0,3.2826111111111,0,12105843.0,2269767.0,8331845.0,0
1876,2020-01-10 08:20:00,36.20000000000002,1,1,7889.808500000186,16650128.0,10131997.0,3.2826111111111,0,12105843.0,2270107.0,8337357.0,0
1876,2020-01-10 08:21:00,34.80000000000001,1,1,7922.165750000186,16750515.0,10179135.0,3.2826111111111,0,12161739.0,2287857.0,8378229.0,0
1876,2020-01-10 08:22:00,33.0,1,1,7995.473583333385,16894776.0,10245929.0,3.2826111111111,0,12245151.0,2311669.0,8427759.0,0
1876,2020-01-10 08:23:00,31.40000000000001,1,1,8051.733361111185,17009397.0,10290064.0,3.2826111111111,0,12325935.0,2329693.0,8474403.0,0
1876,2020-01-10 08:24:00,31.200000000000017,1,1,8057.558027777785,17033357.0,10296019.0,3.2826111111111,0,12330567.0,2333813.0,8486792.0,0
1876,2020-01-10 08:25:00,28.40000000000001,1,1,8144.891055555584,17246765.0,10410861.0,3.29994444444444,0,12482211.0,2368294.0,8599086.0,0
1876,2020-01-10 08:26:00,24.80000000000001,1,1,8383.041472222385,17479894.0,10583072.0,3.33794444444444,0,12742791.0,2411375.0,8794970.0,0
1876,2020-01-10 08:27:00,21.200000000000017,1,1,8570.494111111186,17830933.0,10737278.0,3.45019444444444,0,13002099.0,2458835.0,8893432.0,0
1876,2020-01-10 08:28:00,18.40000000000001,1,1,8720.123083333387,18043666.0,10852679.0,3.48569444444444,0,13209112.0,2510491.0,9020585.0,0
1876,2020-01-10 08:29:00,16.0,1,1,8836.081972222386,18343056.0,10920748.0,3.53730555555556,0,13396673.0,2549408.0,9080580.0,0
1876,2020-01-10 08:30:00,15.800000000000011,1,1,8836.347527777787,18343056.0,10936933.0,3.53730555555556,0,13396721.0,2549644.0,9080580.0,0
1876,2020-01-10 08:31:00,14.400000000000006,1,1,8908.968361111187,18519089.0,11000386.0,3.538555555555559,0,13493597.0,2573276.0,9136103.0,0
1876,2020-01-10 08:32:00,11.599999999999994,1,1,9076.716277777788,18844363.0,11085628.0,3.6543333333333385,0,13699673.0,2602117.0,9263802.0,0
1876,2020-01-10 08:33:00,11.200000000000015,1,1,9120.387722222387,18916254.0,11105961.0,3.65547222222222,0,13751633.0,2609454.0,9272915.0,0
1876,2020-01-10 08:34:00,7.599999999999994,1,1,9152.62430555572,18957360.0,11192762.0,3.65547222222222,0,13763765.0,2616002.0,9320963.0,0
1876,2020-01-10 08:35:00,4.800000000000011,1,1,9282.945416666833,19325703.0,11535676.0,3.690555555555554,0,13945733.0,2649438.0,9553013.0,0
1876,2020-01-10 08:36:00,4.400000000000006,1,1,9309.081888889054,19379419.0,11572128.0,3.716944444444442,0,13968690.0,2658078.0,9596017.0,0
1950,2020-01-10 14:42:00,348.6,1,1,1001.0795,2447939.0,3856892.0,0.119611111111112,0,1011072.0,606662.0,1706809.0,0
1950,2020-01-10 14:43:00,347.20000000000005,1,1,1058.95872222222,2541110.0,3934931.0,0.1204444444444458,0,1060585.0,636931.0,1771432.0,0
1950,2020-01-10 14:44:00,345.8,1,1,1086.02525,2623413.0,4018807.0,0.125722222222224,0,1107386.0,654740.0,1796691.0,0
1950,2020-01-10 14:45:00,344.6,1,1,1136.14688888888,2692443.0,4102163.0,0.131750000000002,0,1177371.0,679740.0,1829673.0,0
1950,2020-01-10 14:46:00,343.0,1,1,1159.6409444444398,2744912.0,4207294.0,0.131750000000002,0,1191567.0,693452.0,1858442.0,0
1950,2020-01-10 14:47:00,340.20000000000005,1,1,1267.6228888888795,2884077.0,4402749.0,0.134805555555556,0,1343535.0,738864.0,1914290.0,0
1950,2020-01-10 14:48:00,339.0,1,1,1313.0811666666598,2953510.0,4504240.0,0.13638888888889,0,1383160.0,757366.0,1934531.0,0
1950,2020-01-10 14:49:00,335.6,1,1,1429.6317499999998,3139358.0,4711174.0,0.145361111111112,0,1535428.0,815458.0,2050192.0,0
1950,2020-01-10 14:50:00,334.6,1,1,1457.1493055555595,3158936.0,4761367.0,0.145361111111112,0,1568765.0,831508.0,2064934.0,0
1950,2020-01-10 14:51:00,330.40000000000003,1,1,1518.57602777778,3236273.0,4887038.0,0.153250000000002,0,1619537.0,868913.0,2133847.0,0
1950,2020-01-10 14:52:00,329.0,1,1,1562.6726111110995,3277574.0,4996498.0,0.169777777777772,0,1698161.0,892781.0,2176214.0,0
1950,2020-01-10 14:53:00,327.6,1,1,1614.95427777778,3314585.0,5097937.0,0.182194444444452,0,1759877.0,919610.0,2210573.0,0
1950,2020-01-10 14:54:00,326.20000000000005,1,1,1657.4660277777798,3368081.0,5195125.0,0.184166666666672,0,1841057.0,937427.0,2299727.0,0
1950,2020-01-10 14:55:00,324.8,1,1,1722.71044444446,3436175.0,5285865.0,0.195888888888892,0,1916897.0,962971.0,2337830.0,0
1950,2020-01-10 14:56:00,323.6,1,1,1787.1371666666596,3477841.0,5427201.0,0.199083333333332,0,1992017.0,988675.0,2388673.0,0
1950,2020-01-10 14:57:00,322.0,1,1,1840.69608333326,3551603.0,5526417.0,0.203638888888892,0,2058521.0,1011136.0,2420497.0,0
1950,2020-01-10 14:58:00,320.6,1,1,1880.97680555546,3634114.0,5637008.0,0.207555555555552,0,2128169.0,1024068.0,2456157.0,0
1950,2020-01-10 14:59:00,319.20000000000005,1,1,1933.70269444446,3719797.0,5776824.0,0.238138888888892,0,2191542.0,1050280.0,2501826.0,0
1950,2020-01-10 15:00:00,317.8,1,1,1971.59463888886,3806611.0,5935645.0,0.263305555555552,0,2223786.0,1074360.0,2554242.0,0
1950,2020-01-10 15:01:00,316.40000000000003,1,1,2023.06208333326,3886964.0,6027867.0,0.285416666666672,0,2281878.0,1094488.0,2593125.0,0
1950,2020-01-10 15:02:00,315.20000000000005,1,1,2038.75875000006,3929696.0,6078918.0,0.285416666666672,0,2288082.0,1101533.0,2620048.0,0
1950,2020-01-10 15:03:00,313.6,1,1,2084.57913888886,4039962.0,6209867.0,0.294194444444452,0,2328786.0,1137645.0,2721058.0,0
1950,2020-01-10 15:04:00,312.20000000000005,1,1,2119.15188888886,4120744.0,6328271.0,0.294194444444452,0,2376294.0,1170630.0,2770783.0,0
1950,2020-01-10 15:05:00,310.8,1,1,2164.35538888886,4230894.0,6482971.0,0.298499999999992,0,2444622.0,1194014.0,2826618.0,0
1950,2020-01-10 15:06:00,309.40000000000003,1,1,2207.42747222226,4312196.0,6651854.0,0.299833333333332,0,2477310.0,1217158.0,2878709.0,0
1950,2020-01-10 15:07:00,308.0,1,1,2256.38027777786,4486553.0,6803798.0,0.302833333333332,0,2528598.0,1248512.0,3019161.0,0
1950,2020-01-10 15:08:00,306.0,1,1,2275.90130555546,4529921.0,6908500.0,0.302833333333332,0,2536254.0,1260891.0,3059487.0,0
1950,2020-01-10 15:09:00,304.8,1,1,2276.02711111106,4529922.0,6943379.0,0.302833333333332,0,2536254.0,1261140.0,3059487.0,0
1950,2020-01-10 15:10:00,303.8,1,1,2306.86919444446,4631894.0,7092633.0,0.303055555555552,0,2575650.0,1279128.0,3143103.0,0
1950,2020-01-10 15:11:00,302.6,1,1,2353.49211111106,4719007.0,7184219.0,0.303055555555552,0,2621766.0,1293896.0,3194570.0,0
1950,2020-01-10 15:12:00,301.0,1,1,2387.14586111106,4840778.0,7424017.0,0.311972222222232,0,2657874.0,1317268.0,3294267.0,0
1950,2020-01-10 15:13:00,299.6,1,1,2421.23913888886,5157146.0,7631952.0,0.312999999999992,0,2685270.0,1340820.0,3418639.0,0
1950,2020-01-10 15:14:00,296.8,1,1,2462.25830555546,5255335.0,7769167.0,0.312999999999992,0,2724462.0,1371414.0,3508847.0,0
1950,2020-01-10 15:15:00,295.6,1,1,2491.94758333326,5363144.0,7976244.0,0.317999999999992,0,2761902.0,1390023.0,3568764.0,0
1950,2020-01-10 15:16:00,293.40000000000003,1,1,2565.39463888886,5598718.0,8206292.0,0.333111111111112,0,2830398.0,1427369.0,3730692.0,0
1950,2020-01-10 15:17:00,292.6,1,1,2573.15408333326,5616490.0,8285540.0,0.333583333333332,0,2847258.0,1431429.0,3740196.0,0
1950,2020-01-10 15:18:00,291.20000000000005,1,1,2609.82616666666,5738651.0,8408598.0,0.335888888888892,0,2885946.0,1453114.0,3804559.0,0
1950,2020-01-10 15:19:00,289.8,1,1,2634.13122222226,5872239.0,8548140.0,0.335888888888892,0,2919918.0,1470926.0,3872185.0,0
1950,2020-01-10 15:20:00,288.40000000000003,1,1,2658.43883333326,5922835.0,8686057.0,0.338333333333332,0,2945058.0,1485390.0,3941982.0,0
1950,2020-01-10 15:21:00,287.0,1,1,2706.87902777786,6009519.0,8764408.0,0.341333333333332,0,2973270.0,1516550.0,3976484.0,0
1950,2020-01-10 15:22:00,285.20000000000005,1,1,2750.63816666666,6106253.0,8871970.0,0.346777777777772,0,3022615.0,1553563.0,4066601.0,0
1950,2020-01-10 15:23:00,284.40000000000003,1,1,2796.23211111106,6187608.0,8968469.0,0.355944444444452,0,3075535.0,1568240.0,4110736.0,0
1950,2020-01-10 15:24:00,282.8,1,1,2837.99636111106,6283548.0,9081491.0,0.357722222222232,0,3136759.0,1586285.0,4161527.0,0
1950,2020-01-10 15:25:00,281.6,1,1,2893.61116666666,6358415.0,9168006.0,0.358111111111112,0,3200287.0,1615970.0,4234899.0,0
1950,2020-01-10 15:26:00,280.0,1,1,2943.58752777786,6435544.0,9279676.0,0.358499999999992,0,3254839.0,1642375.0,4260236.0,0
1950,2020-01-10 15:27:00,278.8,1,1,2985.207138888972,6502702.0,9354452.0,0.358499999999992,0,3295855.0,1658596.0,4288147.0,0
1950,2020-01-10 15:28:00,276.0,1,1,3131.633944444526,6720426.0,9596447.0,0.358499999999992,0,3399631.0,1731825.0,4462438.0,0
1950,2020-01-10 15:29:00,273.8,1,1,3193.94683333342,6720426.0,9596447.0,0.358999999999992,0,3399631.0,1731826.0,4462438.0,0
1950,2020-01-10 15:30:00,270.40000000000003,1,1,3317.0012222223004,6864570.0,9827392.0,0.3762777777777698,0,3554108.0,1783270.0,4578528.0,0
1950,2020-01-10 15:31:00,269.0,1,1,3365.141138888981,6978203.0,9887803.0,0.3771666666666584,0,3584240.0,1815498.0,4640200.0,0
1950,2020-01-10 15:32:00,267.6,1,1,3405.8548888889804,7273225.0,10007234.0,0.3771666666666584,0,3628196.0,1830268.0,4795875.0,0
1950,2020-01-10 15:33:00,266.0,1,1,3431.4676111112003,7312446.0,10028034.0,0.3771666666666584,0,3641420.0,1853429.0,4811215.0,0
1950,2020-01-10 15:34:00,264.8,1,1,3480.51227777786,7491144.0,10115394.0,0.3788888888888798,0,3699944.0,1885190.0,4861746.0,0
1950,2020-01-10 15:35:00,263.40000000000003,1,1,3510.5622222223,7652982.0,10218445.0,0.3829722222222138,0,3724484.0,1902874.0,4947845.0,0
1950,2020-01-10 15:36:00,262.0,1,1,3561.83755555564,7681127.0,10276048.0,0.3829722222222138,0,3785396.0,1917826.0,5008776.0,0
1950,2020-01-10 15:37:00,260.6,1,1,3606.27241666674,8193340.0,10365397.0,0.388416666666658,0,3818625.0,1941298.0,5083890.0,0
1950,2020-01-10 15:38:00,259.20000000000005,1,1,3669.9718611112,8257625.0,10474857.0,0.388416666666658,0,3860733.0,1964018.0,5122110.0,0
1950,2020-01-10 15:39:00,258.20000000000005,1,1,3674.5636388889793,8271951.0,10508514.0,0.388416666666658,0,3861525.0,1965802.0,5146121.0,0
1950,2020-01-10 15:40:00,252.2,1,1,3858.54319444452,8753211.0,10854301.0,0.4220555555555478,0,4006917.0,2049188.0,5380941.0,0
1950,2020-01-10 15:41:00,246.2,1,1,4073.12541666674,9072933.0,11383336.0,0.4349166666666578,0,4237606.0,2150034.0,5562421.0,0
1950,2020-01-10 15:42:00,239.40000000000003,1,1,4315.58005555564,9465286.0,11921614.0,0.4714722222222138,0,4533742.0,2279195.0,5866907.0,0
1950,2020-01-10 15:43:00,231.00000000000003,1,1,4480.77825000008,9859785.0,12486477.0,0.499944444444436,0,4699847.0,2379332.0,6110878.0,0
1950,2020-01-10 15:44:00,229.00000000000003,1,1,4571.386833333419,10017865.0,12761336.0,0.5119166666666578,0,4764395.0,2428102.0,6328381.0,0
1950,2020-01-10 15:45:00,227.40000000000003,1,1,4662.32030555564,10127131.0,12977058.0,0.5253888888888818,0,4836516.0,2452907.0,6420526.0,0
1950,2020-01-10 15:46:00,226.6,1,1,4686.752027777859,10161425.0,13047050.0,0.5253888888888818,0,4844976.0,2462545.0,6440234.0,0
1950,2020-01-10 15:47:00,223.40000000000003,1,1,4803.0288611112,10382308.0,13455848.0,0.5381111111111038,0,4985784.0,2515938.0,6635611.0,0
1950,2020-01-10 15:48:00,223.2,1,1,4803.444972222298,10392695.0,13463219.0,0.5381111111111038,0,4985845.0,2516183.0,6644854.0,0
1950,2020-01-10 15:49:00,220.40000000000003,1,1,4937.207777777859,10562983.0,13722582.0,0.5411111111111038,0,5162869.0,2558887.0,6769121.0,0
1950,2020-01-10 15:50:00,219.2,1,1,4960.193166666659,10592506.0,13867675.0,0.5411111111111038,0,5189894.0,2570299.0,6791299.0,0
1950,2020-01-10 15:51:00,212.2,1,1,5119.262250000058,10903635.0,14345438.0,0.5642499999999918,0,5393582.0,2641967.0,6993397.0,0
1950,2020-01-10 15:52:00,206.2,1,1,5214.921000000058,11055293.0,14664030.0,0.587611111111112,0,5539935.0,2680415.0,7094186.0,0
1950,2020-01-10 15:53:00,200.2,1,1,5415.240250000058,11287408.0,15225877.0,0.599694444444432,0,5741715.0,2764531.0,7330435.0,0
1950,2020-01-10 15:54:00,194.2,1,1,5618.461611111259,11602489.0,15576318.0,0.660999999999992,0,5988123.0,2849831.0,7502152.0,0
1950,2020-01-10 15:55:00,191.6,1,1,5704.720333333459,11817821.0,15709633.0,0.683638888888872,0,6069543.0,2882479.0,7591878.0,0
1950,2020-01-10 15:56:00,187.2,1,1,5829.955277777858,12154210.0,15912563.0,0.737805555555552,0,6212416.0,2933853.0,7698985.0,0
1950,2020-01-10 15:57:00,183.40000000000003,1,1,5891.835777777859,12262709.0,16160265.0,0.737805555555552,0,6241469.0,2963261.0,7802088.0,0
1950,2020-01-10 15:58:00,177.40000000000003,1,1,6141.188333333458,12567182.0,16591215.0,0.810361111111112,0,6520697.0,3060806.0,7973702.0,0
1950,2020-01-10 15:59:00,171.40000000000003,1,1,6447.071388889059,12890116.0,17246142.0,0.812361111111112,0,6770129.0,3177659.0,8187877.0,0
1950,2020-01-10 16:00:00,170.60000000000002,1,1,6479.047805555659,12907796.0,17279552.0,0.812361111111112,0,6791622.0,3183676.0,8191049.0,0
1950,2020-01-10 16:01:00,164.60000000000002,1,1,6700.955750000059,13237242.0,18024920.0,0.878694444444432,0,7044666.0,3281168.0,8444367.0,0
1950,2020-01-10 16:02:00,163.20000000000002,1,1,6727.781694444458,13263398.0,18183507.0,0.878694444444432,0,7062222.0,3287873.0,8487229.0,0
1950,2020-01-10 16:03:00,157.20000000000002,1,1,6805.455388889059,13435687.0,18688219.0,0.927222222222212,0,7142874.0,3327362.0,8600225.0,0
1950,2020-01-10 16:04:00,154.00000000000003,1,1,6901.522722222258,13668816.0,19098720.0,0.928999999999992,0,7221811.0,3374631.0,8780769.0,0
1950,2020-01-10 16:05:00,149.40000000000003,1,1,7059.797916666657,14063418.0,19784068.0,1.003972222222212,0,7377752.0,3437676.0,9092002.0,0
1950,2020-01-10 16:06:00,147.20000000000002,1,1,7113.460916666658,14168016.0,20077738.0,1.0324999999999922,0,7431141.0,3469436.0,9234690.0,0
1950,2020-01-10 16:07:00,145.00000000000003,1,1,7173.790583333458,14286512.0,20401477.0,1.036249999999992,0,7494813.0,3500825.0,9332515.0,0
1950,2020-01-10 16:08:00,144.00000000000003,1,1,7197.485583333458,14327358.0,20543008.0,1.040472222222212,0,7530609.0,3516033.0,9370475.0,0
1950,2020-01-10 16:09:00,143.8,1,1,7198.469416666658,14327358.0,20592798.0,1.040472222222212,0,7530765.0,3517325.0,9376767.0,0
1950,2020-01-10 16:10:00,137.8,1,1,7443.9883055556575,14703916.0,21164694.0,1.0749999999999922,0,7751038.0,3620106.0,9628629.0,0
1950,2020-01-10 16:11:00,132.8,1,1,7640.191527777858,14978190.0,21569280.0,1.0979999999999923,0,7941935.0,3704500.0,9805533.0,0
1950,2020-01-10 16:12:00,126.8,1,1,7926.847111111258,15263592.0,22004677.0,1.1414722222222122,0,8145551.0,3836425.0,9959986.0,0
1950,2020-01-10 16:13:00,120.60000000000002,1,1,8149.706416666658,15713886.0,22323515.0,1.2076111111111123,0,8378459.0,3939497.0,10154050.0,0
1950,2020-01-10 16:14:00,112.8,1,1,8318.278611111258,15857549.0,22652298.0,1.2094999999999922,0,8467535.0,4040103.0,10289809.0,0
1950,2020-01-10 16:15:00,108.8,1,1,8439.530583333459,16011534.0,22916835.0,1.2336666666666525,0,8508647.0,4098819.0,10392951.0,0
1950,2020-01-10 16:16:00,102.8,1,1,8592.540555555659,16206794.0,23372836.0,1.2343333333333324,0,8684195.0,4176575.0,10557258.0,0
1950,2020-01-10 16:17:00,101.8,1,1,8644.042694444459,16268908.0,23501315.0,1.2353333333333325,0,8730888.0,4192911.0,10591877.0,0
1950,2020-01-10 16:18:00,95.8,1,1,8841.52933333346,16515623.0,23983147.0,1.2636666666666525,0,8953308.0,4282509.0,10725803.0,0
1950,2020-01-10 16:19:00,89.80000000000001,1,1,9030.332083333458,16877998.0,24457504.0,1.2871111111111122,0,9095197.0,4380813.0,10943800.0,0
1950,2020-01-10 16:20:00,88.40000000000003,1,1,9095.93663888906,16945234.0,24578105.0,1.297861111111112,0,9166009.0,4414841.0,10998634.0,0
1950,2020-01-10 16:21:00,86.40000000000003,1,1,9134.14397222226,17040758.0,24662124.0,1.297861111111112,0,9169202.0,4440674.0,11044771.0,0
1950,2020-01-10 16:22:00,80.40000000000003,1,1,9264.43855555566,17321377.0,25199779.0,1.307388888888872,0,9327638.0,4518467.0,11213667.0,0
1950,2020-01-10 16:23:00,76.40000000000003,1,1,9364.59622222226,17492912.0,25536115.0,1.312472222222212,0,9444950.0,4574052.0,11350193.0,0
1950,2020-01-10 16:24:00,74.40000000000003,1,1,9418.264944444483,17566388.0,25756180.0,1.312472222222212,0,9514082.0,4605230.0,11410864.0,0
1950,2020-01-10 16:25:00,72.60000000000002,1,1,9464.748444444484,17678305.0,25926038.0,1.3129999999999895,0,9561878.0,4637515.0,11475552.0,0
1950,2020-01-10 16:26:00,72.40000000000003,1,1,9464.748444444484,17678306.0,25928586.0,1.3129999999999895,0,9561879.0,4637535.0,11475552.0,0
1950,2020-01-10 16:27:00,68.20000000000005,1,1,9594.922583333382,17850023.0,26321654.0,1.3164999999999898,0,9738267.0,4684775.0,11594528.0,0
1950,2020-01-10 16:28:00,65.60000000000002,1,1,9683.36083333338,17967543.0,26589663.0,1.34949999999999,0,9841287.0,4724787.0,11668329.0,0
1950,2020-01-10 16:29:00,59.60000000000002,1,1,9869.88997222226,18217819.0,26942964.0,1.370638888888878,0,10034967.0,4804515.0,11798875.0,0
1950,2020-01-10 16:30:00,58.400000000000034,1,1,9894.284833333382,18273407.0,27034497.0,1.3719444444444338,0,10065111.0,4815823.0,11868932.0,0
1950,2020-01-10 16:31:00,58.0,1,1,9911.508361111142,18598901.0,27058807.0,1.3793888888888777,0,10091907.0,4824679.0,11888991.0,0
1950,2020-01-10 16:32:00,55.80000000000001,1,1,9989.0901666667,18688211.0,27160415.0,1.3803888888888776,0,10156876.0,4863780.0,11954030.0,0
1950,2020-01-10 16:33:00,51.60000000000002,1,1,10141.413527777822,18934718.0,27426122.0,1.4281388888888775,0,10299112.0,4943012.0,12073110.0,0
1950,2020-01-10 16:34:00,50.200000000000045,1,1,10177.100638888922,19239334.0,27509687.0,1.4281388888888775,0,10330697.0,4965949.0,12190292.0,0
1950,2020-01-10 16:35:00,36.200000000000045,1,1,10177.100638888922,19239334.0,27563442.0,1.4281388888888775,0,10330697.0,4965950.0,12190293.0,0
1950,2020-01-10 16:36:00,30.200000000000045,1,1,10313.082138888922,19520290.0,27952909.0,1.4334722222222116,0,10461174.0,5039814.0,12439529.0,0
1950,2020-01-10 16:37:00,28.0,1,1,10351.4509166667,19596041.0,28093842.0,1.4334722222222116,0,10507890.0,5064438.0,12558245.0,0
1950,2020-01-10 16:38:00,26.200000000000045,1,1,10389.5849166667,19650707.0,28241457.0,1.4339999999999895,0,10557378.0,5085095.0,12622426.0,0
1950,2020-01-10 16:39:00,22.200000000000045,1,1,10481.43722222226,19830198.0,28563234.0,1.4339999999999895,0,10672830.0,5131035.0,12745719.0,0
1950,2020-01-10 16:40:00,19.400000000000038,1,1,10569.962472222262,20070543.0,28892368.0,1.4339999999999895,0,10762591.0,5185387.0,12898157.0,0
1950,2020-01-10 16:41:00,18.80000000000001,1,1,10586.945416666702,20139768.0,28959319.0,1.4339999999999895,0,10794932.0,5193793.0,12934258.0,0
1950,2020-01-10 16:42:00,13.400000000000034,1,1,10678.311750000044,20390071.0,29483675.0,1.4339999999999895,0,10917812.0,5241129.0,13164150.0,0
1950,2020-01-10 16:43:00,8.400000000000034,1,1,10799.503722222264,20671027.0,29877796.0,1.4339999999999895,0,11077820.0,5283741.0,13452451.0,0
1950,2020-01-10 16:44:00,7.0,1,1,10844.731305555604,20740850.0,30056026.0,1.4339999999999895,0,11123192.0,5301102.0,13490880.0,0
1950,2020-01-10 16:45:00,5.600000000000023,1,1,10857.324444444484,20830862.0,30142541.0,1.4339999999999895,0,11142140.0,5309467.0,13534586.0,0
1950,2020-01-10 16:46:00,5.2000000000000455,1,1,10858.324444444484,20830862.0,30153825.0,1.4339999999999895,0,11142140.0,5309568.0,13534586.0,0
1968,2020-01-10 17:34:00,303.4,1,0,53.6845833333326,328965.0,146770.0,0.0,0,6984.0,49220.0,221403.0,1
1968,2020-01-10 17:35:00,301.79999999999995,1,0,116.9234166666666,612183.0,193804.0,0.0,0,18192.0,89569.0,311727.0,1
1968,2020-01-10 17:36:00,300.6,1,0,164.9202222222226,1042887.0,221676.0,0.0,0,34140.0,125121.0,452101.0,1
1968,2020-01-10 17:37:00,299.0,1,0,294.2781666666666,1933985.0,321556.0,0.0,0,50880.0,192874.0,730809.0,1
1968,2020-01-10 17:38:00,298.79999999999995,1,0,311.5850833333266,2122485.0,332190.0,0.0,0,55957.0,206615.0,767300.0,1
1968,2020-01-10 17:39:00,298.0,1,0,314.0963055555466,2122485.0,372906.0,0.0,0,56125.0,209808.0,798149.0,1
1968,2020-01-10 17:40:00,296.2,1,0,417.4654722222266,2305980.0,395929.0,0.0,0,76298.0,242669.0,880582.0,1
1968,2020-01-10 17:41:00,295.4,1,0,434.7873888888866,2465672.0,416443.0,0.0,0,81651.0,253983.0,974039.0,1
1968,2020-01-10 17:42:00,294.0,1,0,493.1093611111066,2745315.0,456691.0,0.0,0,94527.0,288061.0,1192751.0,1
1968,2020-01-10 17:43:00,292.4,1,0,536.4481666666666,3058446.0,489672.0,0.0,0,105687.0,318434.0,1402883.0,1
1968,2020-01-10 17:44:00,291.2,1,0,569.8305277777865,3280083.0,529088.0,0.0,0,114447.0,343830.0,1567697.0,1
1968,2020-01-10 17:45:00,289.79999999999995,1,0,622.0965555555465,3533726.0,550994.0,0.0,0,127347.0,379502.0,1711490.0,1
1968,2020-01-10 17:46:00,287.79999999999995,1,0,674.5676666666666,3827396.0,562525.0,0.0,0,140895.0,418870.0,1910286.0,1
1968,2020-01-10 17:47:00,286.4,1,0,710.8717777777705,3905357.0,595233.0,0.0,0,147123.0,435670.0,1993356.0,1
1968,2020-01-10 17:48:00,285.6,1,0,746.4521111111045,3985866.0,601317.0,0.0,0,154527.0,455571.0,2013389.0,1
1968,2020-01-10 17:49:00,284.2,1,0,788.5829999999924,4072212.0,601317.0,0.0,0,166827.0,479259.0,2095497.0,1
1968,2020-01-10 17:50:00,282.79999999999995,1,0,817.3040555555486,4254992.0,601317.0,0.0,0,178420.0,500986.0,2130350.0,1
1968,2020-01-10 17:51:00,281.2,1,0,851.5156944444385,4439371.0,603450.0,0.0,0,194261.0,529823.0,2204658.0,1
1968,2020-01-10 17:52:00,280.6,1,0,876.8573333333266,4598622.0,603450.0,0.0,0,200897.0,557363.0,2220843.0,1
1968,2020-01-10 17:53:00,279.79999999999995,1,0,907.0648888888866,4634775.0,603451.0,0.0,0,205937.0,569427.0,2247948.0,1
1968,2020-01-10 17:54:00,278.4,1,0,1002.9273611111066,4751892.0,603452.0,0.0,0,221357.0,605867.0,2280383.0,1
1968,2020-01-10 17:55:00,277.0,1,0,1051.9271388888867,4964104.0,605845.0,0.0,0,229649.0,632759.0,2343186.0,1
1968,2020-01-10 17:56:00,275.79999999999995,1,0,1111.9830555555468,5167723.0,613385.0,0.0,0,244266.0,669825.0,2365728.0,1
1968,2020-01-10 17:57:00,274.2,1,0,1146.5212777777667,5328897.0,630441.0,0.0,0,257670.0,692033.0,2417702.0,1
1968,2020-01-10 17:58:00,268.2,1,0,1225.3155277777669,5559972.0,647588.0,0.0003055555555554,0,275646.0,736798.0,2456780.0,1
1968,2020-01-10 17:59:00,267.4,1,0,1229.9546388888868,5582762.0,652268.0,0.0003055555555554,0,276462.0,741102.0,2475539.0,1
1968,2020-01-10 18:00:00,267.2,1,0,1232.0245555555468,5590147.0,662278.0,0.0003055555555554,0,277254.0,742095.0,2487811.0,1
1968,2020-01-10 18:01:00,265.79999999999995,1,0,1303.0920277777668,5693653.0,672119.0,0.0003055555555554,0,289927.0,776903.0,2515826.0,1
1968,2020-01-10 18:02:00,264.6,1,0,1333.678583333327,5840956.0,672119.0,0.0003055555555554,0,299887.0,798216.0,2531934.0,1
1968,2020-01-10 18:03:00,263.79999999999995,1,0,1373.7727777777668,6038114.0,672119.0,0.0003055555555554,0,311515.0,821357.0,2621660.0,1
1968,2020-01-10 18:04:00,263.0,1,0,1391.999833333327,6098863.0,672119.0,0.0003055555555554,0,315787.0,829833.0,2638859.0,1
1968,2020-01-10 18:05:00,261.6,1,0,1450.263722222207,6293863.0,672120.0,0.0003055555555554,0,329071.0,856882.0,2684789.0,1
1968,2020-01-10 18:06:00,260.2,1,0,1515.259416666667,6531399.0,672120.0,0.0003055555555554,0,339788.0,889226.0,2729328.0,1
1968,2020-01-10 18:07:00,258.79999999999995,1,0,1574.352249999987,6729623.0,676046.0,0.0003055555555554,0,350612.0,918542.0,2768927.0,1
1968,2020-01-10 18:08:00,257.4,1,0,1678.890055555547,6843828.0,679179.0,0.0003055555555554,0,373904.0,957151.0,2818496.0,1
1968,2020-01-10 18:09:00,257.0,1,0,1689.187111111107,6850497.0,679179.0,0.0003055555555554,0,376796.0,960245.0,2833303.0,1
1968,2020-01-10 18:10:00,256.2,1,0,1701.544833333327,6868242.0,682638.0,0.0003055555555554,0,379652.0,963453.0,2844171.0,1
1968,2020-01-10 18:11:00,254.6,1,0,1791.8464166666668,7030482.0,700084.0,0.0003055555555554,0,403004.0,997121.0,2876931.0,1
1968,2020-01-10 18:12:00,253.4,1,0,1835.2190833333268,7172403.0,700084.0,0.0003055555555554,0,418784.0,1039818.0,2905349.0,1
1968,2020-01-10 18:13:00,251.8,1,0,1908.5734166666668,7471949.0,749172.0,0.0003055555555554,0,435548.0,1091659.0,2991682.0,1
1968,2020-01-10 18:14:00,250.6,1,0,1993.6949166666668,7655145.0,770076.0,0.0003055555555554,0,457808.0,1126460.0,3050884.0,1
1968,2020-01-10 18:15:00,250.0,1,0,2016.8279166666669,7741140.0,780919.0,0.0003055555555554,0,466064.0,1145397.0,3146512.0,1
1968,2020-01-10 18:16:00,249.0,1,0,2044.4155833333268,7846752.0,803097.0,0.0003055555555554,0,472245.0,1168942.0,3225474.0,1
1968,2020-01-10 18:17:00,247.6,1,0,2122.4379166666668,8054960.0,830644.0,0.0003055555555554,0,496461.0,1212234.0,3270688.0,1
1968,2020-01-10 18:18:00,246.2,1,0,2230.144361111107,8308318.0,870632.0,0.0003055555555554,0,526785.0,1265154.0,3363170.0,1
1968,2020-01-10 18:19:00,244.8,1,0,2339.227472222228,8744507.0,906591.0,0.0003055555555554,0,554337.0,1333362.0,3470355.0,1
1968,2020-01-10 18:20:00,243.4,1,0,2434.5064444444474,8974568.0,947216.0,0.0003055555555554,0,586257.0,1381651.0,3551761.0,1
1968,2020-01-10 18:21:00,242.0,1,0,2544.1533055555474,9235907.0,999710.0,0.0003055555555554,0,604485.0,1431455.0,3642930.0,1
1968,2020-01-10 18:22:00,240.6,1,0,2630.994749999987,9532996.0,1045679.0,0.0003055555555554,0,624081.0,1475756.0,3697414.0,1
1968,2020-01-10 18:23:00,237.8,1,0,2743.9234444445274,9832022.0,1095963.0,0.0003055555555554,0,644457.0,1536116.0,3766145.0,1
1968,2020-01-10 18:24:00,236.4,1,0,2812.639611111127,10146817.0,1144778.0,0.0003055555555554,0,662733.0,1577468.0,3842312.0,1
1968,2020-01-10 18:25:00,235.0,1,0,2942.2686388889274,10383157.0,1184272.0,0.0003055555555554,0,688533.0,1635024.0,3896340.0,1
1968,2020-01-10 18:26:00,233.6,1,0,3006.0165555555272,10759013.0,1218540.0,0.0003055555555554,0,700953.0,1667684.0,3968971.0,1
1968,2020-01-10 18:27:00,232.2,1,0,3106.327944444527,11079932.0,1249662.0,0.0003055555555554,0,728601.0,1717828.0,4095240.0,1
1968,2020-01-10 18:28:00,230.8,1,0,3221.439999999928,11484115.0,1295514.0,0.0003055555555554,0,758913.0,1769548.0,4188398.0,1
1968,2020-01-10 18:29:00,229.4,1,0,3298.255277777728,12107751.0,1319954.0,0.0003055555555554,0,776830.0,1814452.0,4261874.0,1
1968,2020-01-10 18:30:00,228.0,1,0,3347.038527777728,12313723.0,1387788.0,0.0003055555555554,0,786395.0,1839385.0,4374519.0,1
1968,2020-01-10 18:31:00,226.6,1,0,3394.7767499999272,12576324.0,1414412.0,0.0003055555555554,0,800687.0,1875817.0,4532924.0,1
1968,2020-01-10 18:32:00,225.2,1,0,3447.8821111111274,12822050.0,1433171.0,0.0003055555555554,0,822012.0,1914606.0,4633037.0,1
1968,2020-01-10 18:33:00,225.0,1,0,3488.243194444527,12974488.0,1445521.0,0.0003055555555554,0,838692.0,1926015.0,4693838.0,1
1968,2020-01-10 18:34:00,223.8,1,0,3546.847527777727,13061680.0,1479322.0,0.0003055555555554,0,852432.0,1946044.0,4762010.0,1
1968,2020-01-10 18:35:00,222.4,1,0,3593.501083333327,13435352.0,1504152.0,0.0003055555555554,0,865105.0,1981309.0,4852945.0,1
1968,2020-01-10 18:36:00,221.0,1,0,3672.584361111128,13734027.0,1523327.0,0.0003055555555554,0,889621.0,2022290.0,4973156.0,1
1968,2020-01-10 18:37:00,219.6,1,0,3730.619277777728,13990257.0,1543347.0,0.0003055555555554,0,906769.0,2054658.0,5078950.0,1
1968,2020-01-10 18:38:00,218.4,1,0,3778.026583333328,14106854.0,1557140.0,0.0003055555555554,0,939253.0,2079238.0,5117924.0,1
1968,2020-01-10 18:39:00,218.2,1,0,3809.810499999928,14169566.0,1561560.0,0.0003055555555554,0,951817.0,2083422.0,5129208.0,1
1968,2020-01-10 18:40:00,217.0,1,0,3974.615277777728,14342687.0,1588652.0,0.0003055555555554,0,1017781.0,2112794.0,5183275.0,1
1968,2020-01-10 18:41:00,215.4,1,0,4156.198583333328,14467539.0,1626469.0,0.0003055555555554,0,1078321.0,2139378.0,5220585.0,1
1968,2020-01-10 18:42:00,214.2,1,0,4372.053416666728,14640478.0,1675531.0,0.0003055555555554,0,1147801.0,2174706.0,5260209.0,1
1968,2020-01-10 18:43:00,211.4,1,0,4648.649083333328,15018284.0,1717820.0,0.0003055555555554,0,1230337.0,2246407.0,5386361.0,1
1968,2020-01-10 18:44:00,210.0,1,0,4882.294444444528,15471829.0,1717820.0,0.0009444444444444,0,1312549.0,2290392.0,5430951.0,1
1968,2020-01-10 18:45:00,209.8,1,0,4912.892305555528,15502756.0,1717820.0,0.0009444444444444,0,1321285.0,2296445.0,5436736.0,1
1968,2020-01-10 18:46:00,207.2,1,0,5197.954138888928,15696352.0,1721109.0,0.0018888888888888,0,1425805.0,2343445.0,5479285.0,1
1968,2020-01-10 18:47:00,202.8,1,0,5720.856749999968,15976541.0,1784459.0,0.0018888888888888,0,1632445.0,2428265.0,5536173.0,1
1968,2020-01-10 18:48:00,201.6,1,0,5864.135749999968,16090252.0,1814684.0,0.0018888888888888,0,1690441.0,2452550.0,5574224.0,1
1968,2020-01-10 18:49:00,200.2,1,0,5977.277361111087,16213492.0,1832130.0,0.0018888888888888,0,1716433.0,2492879.0,5599314.0,1
1968,2020-01-10 18:50:00,198.8,1,0,6007.695694444408,16485114.0,1840060.0,0.0018888888888888,0,1726021.0,2522144.0,5677431.0,1
1968,2020-01-10 18:51:00,197.4,1,0,6327.215444444408,16575282.0,1840061.0,0.0025277777777776,0,1827241.0,2572793.0,5688975.0,1
1968,2020-01-10 18:52:00,196.6,1,0,6530.988277777748,16615257.0,1840061.0,0.0025277777777776,0,1894585.0,2619061.0,5695619.0,1
1968,2020-01-10 18:53:00,196.0,1,0,6533.396611111088,16619131.0,1844156.0,0.0025277777777776,0,1896410.0,2620560.0,5697530.0,1
1968,2020-01-10 18:54:00,194.6,1,0,6793.636027777748,16705126.0,1849369.0,0.0025277777777776,0,1978130.0,2659929.0,5719136.0,1
1968,2020-01-10 18:55:00,193.2,1,0,7018.722583333308,16803003.0,1859418.0,0.0025277777777776,0,2049207.0,2703674.0,5737076.0,1
1968,2020-01-10 18:56:00,191.8,1,0,7047.679361111088,16976397.0,1859418.0,0.0025277777777776,0,2059431.0,2736606.0,5759943.0,1
1968,2020-01-10 18:57:00,191.4,1,0,7054.917972222188,17057595.0,1859418.0,0.0025277777777776,0,2060475.0,2749847.0,5767405.0,1
1968,2020-01-10 18:58:00,191.0,1,0,7070.686027777748,17143396.0,1861524.0,0.0025277777777776,0,2064651.0,2766659.0,5783421.0,1
1968,2020-01-10 18:59:00,190.4,1,0,7072.631416666648,17149377.0,1887850.0,0.0025277777777776,0,2065048.0,2768351.0,5797461.0,1
1968,2020-01-10 19:00:00,184.4,1,0,7413.617694444328,17953700.0,1994476.0,0.0025277777777776,0,2163485.0,2926339.0,5909404.0,1
1968,2020-01-10 19:01:00,178.39999999999998,1,0,7662.109972222128,18948278.0,2139140.0,0.0131388888888888,0,2231981.0,3048371.0,6293320.0,1
1968,2020-01-10 19:02:00,176.39999999999998,1,0,7806.570527777728,19291439.0,2177737.0,0.0454722222222228,0,2282057.0,3083514.0,6340211.0,1
1968,2020-01-10 19:03:00,169.99999999999997,1,0,8108.311916666728,20513088.0,2361323.0,0.0671666666666668,0,2398422.0,3213742.0,6831689.0,1
1968,2020-01-10 19:04:00,168.79999999999998,1,0,8212.002749999927,21001849.0,2390716.0,0.0676944444444448,0,2449542.0,3251127.0,6875109.0,1
1968,2020-01-10 19:05:00,161.59999999999997,1,0,8297.013916666727,21496071.0,2469704.0,0.0676944444444448,0,2480346.0,3293067.0,7123539.0,1
1968,2020-01-10 19:06:00,160.39999999999998,1,0,8349.034027777727,21632909.0,2483302.0,0.0749166666666668,0,2504646.0,3323888.0,7181025.0,1
1968,2020-01-10 19:07:00,154.79999999999998,1,0,8663.899416666727,22294376.0,2596012.0,0.0792500000000008,0,2593938.0,3474864.0,7530699.0,1
1968,2020-01-10 19:08:00,150.39999999999998,1,0,8921.033583333327,23198357.0,2657151.0,0.0842222222222228,0,2662998.0,3584724.0,8013779.0,1
1968,2020-01-10 19:09:00,141.99999999999997,1,0,9327.927944444327,24127116.0,2769861.0,0.1117222222222228,0,2815278.0,3807862.0,8276457.0,1
1968,2020-01-10 19:10:00,137.99999999999997,1,0,9742.743749999929,24844248.0,2869285.0,0.1117222222222228,0,2938038.0,3910611.0,8464047.0,1
1968,2020-01-10 19:11:00,135.99999999999997,1,0,9915.615777777728,25008360.0,2916125.0,0.1117222222222228,0,3004843.0,3926883.0,8487772.0,1
1968,2020-01-10 19:12:00,132.59999999999997,1,0,10796.366249999928,25308790.0,2975353.0,0.1117222222222228,0,3190291.0,4014891.0,8536015.0,1
1968,2020-01-10 19:13:00,132.2,1,0,10893.605555555485,25331268.0,3009803.0,0.1117222222222228,0,3211759.0,4027848.0,8542996.0,1
1968,2020-01-10 19:14:00,131.59999999999997,1,0,10985.836444444372,25348038.0,3028276.0,0.1117222222222228,0,3232735.0,4038188.0,8545232.0,1
1968,2020-01-10 19:15:00,125.79999999999998,1,0,11907.730972222147,25726000.0,3106224.0,0.1117222222222228,0,3469507.0,4195680.0,8635842.0,1
1968,2020-01-10 19:16:00,123.79999999999998,1,0,12172.473694444368,25851204.0,3159342.0,0.1117222222222228,0,3569444.0,4225124.0,8670968.0,1
1968,2020-01-10 19:17:00,121.59999999999997,1,0,12351.935611111048,26094434.0,3202879.0,0.1117222222222228,0,3629072.0,4254157.0,8706835.0,1
1968,2020-01-10 19:18:00,115.59999999999997,1,0,13446.532888888729,26541205.0,3278032.0,0.1117222222222228,0,3922556.0,4393966.0,8798290.0,1
1968,2020-01-10 19:19:00,110.99999999999996,1,0,14247.51269444433,26980696.0,3292280.0,0.1117222222222228,0,4126496.0,4507102.0,8853618.0,1
1968,2020-01-10 19:20:00,110.59999999999997,1,0,14247.51269444433,26980827.0,3311455.0,0.1117222222222228,0,4126664.0,4507291.0,8860730.0,1
1968,2020-01-10 19:21:00,103.99999999999996,1,0,15035.05961111113,28146173.0,3372048.0,0.1215000000000006,0,4407860.0,4668168.0,9024517.0,1
1968,2020-01-10 19:22:00,97.99999999999996,1,0,15539.125083333329,29118755.0,3498434.0,0.1215000000000006,0,4547216.0,4772357.0,9753011.0,1
1968,2020-01-10 19:23:00,93.99999999999996,1,0,16196.38677777773,29755196.0,3611950.0,0.1215000000000006,0,4716944.0,4846858.0,9958190.0,1
1968,2020-01-10 19:24:00,93.39999999999998,1,0,16220.10058333333,29873458.0,3660077.0,0.1215000000000006,0,4724204.0,4858098.0,9999063.0,1
1968,2020-01-10 19:25:00,87.39999999999998,1,0,16578.68699999993,30739466.0,3819406.0,0.1215000000000006,0,4847877.0,4989719.0,10287260.0,1
1968,2020-01-10 19:26:00,80.99999999999997,1,0,16870.61191666653,32440100.0,4048545.0,0.1215000000000006,0,4933209.0,5168427.0,11625233.0,1
1968,2020-01-10 19:27:00,77.99999999999997,1,0,17174.54233333333,33319603.0,4109320.0,0.1215000000000006,0,4994505.0,5259471.0,11847247.0,1
1968,2020-01-10 19:28:00,73.99999999999997,1,0,17786.67986111113,33878109.0,4168106.0,0.1215000000000006,0,5166489.0,5360327.0,11920931.0,1
1968,2020-01-10 19:29:00,68.39999999999998,1,0,18621.47561111113,34198364.0,4247159.0,0.1215000000000006,0,5400537.0,5475860.0,12111394.0,1
1968,2020-01-10 19:30:00,66.39999999999998,1,0,18988.17597222213,34282032.0,4291698.0,0.1215000000000006,0,5514585.0,5519116.0,12142464.0,1
1968,2020-01-10 19:31:00,65.59999999999997,1,0,19053.019805555527,34295930.0,4309521.0,0.1215000000000006,0,5532777.0,5531660.0,12177915.0,1
1968,2020-01-10 19:32:00,63.0,1,0,19478.057249999933,34349842.0,4326031.0,0.1215000000000006,0,5671389.0,5580916.0,12223116.0,1
1968,2020-01-10 19:33:00,61.19999999999999,1,0,19869.87224999993,34442142.0,4347871.0,0.1215000000000006,0,5792541.0,5625500.0,12249974.0,1
1968,2020-01-10 19:34:00,60.599999999999966,1,0,20030.65136111113,34450410.0,4350601.0,0.1215000000000006,0,5835717.0,5640892.0,12253978.0,1
1968,2020-01-10 19:35:00,58.19999999999999,1,0,20409.209361111127,34598806.0,4363146.0,0.1215000000000006,0,5935245.0,5694001.0,12286700.0,1
1968,2020-01-10 19:36:00,57.19999999999999,1,0,20523.15802777773,34668408.0,4366708.0,0.1215000000000006,0,5962017.0,5717781.0,12309801.0,1
1968,2020-01-10 19:37:00,53.599999999999966,1,0,20893.78433333333,34813085.0,4368632.0,0.1215000000000006,0,6115365.0,5796841.0,12328859.0,1
1968,2020-01-10 19:38:00,51.0,1,0,21261.409194444328,34884533.0,4379058.0,0.1215000000000006,0,6269745.0,5865094.0,12347137.0,1
1968,2020-01-10 19:39:00,45.599999999999966,1,0,21409.74099999989,35264056.0,4532835.0,0.1220000000000006,0,6363465.0,5919922.0,12571283.0,1
1968,2020-01-10 19:40:00,39.599999999999966,1,0,22314.231194444328,35673023.0,4592141.0,0.1238055555555562,0,6730821.0,6027830.0,12677715.0,1
1968,2020-01-10 19:41:00,37.0,1,0,22712.17358333321,35754377.0,4615698.0,0.1238055555555562,0,6920973.0,6075238.0,12799655.0,1
1968,2020-01-10 19:42:00,32.799999999999955,1,0,23536.747833333127,35989092.0,4642803.0,0.1273888888888894,0,7164561.0,6159763.0,12898586.0,1
1968,2020-01-10 19:43:00,29.0,1,0,24612.389361110927,36281150.0,4692762.0,0.1273888888888894,0,7391709.0,6263495.0,12957424.0,1
1968,2020-01-10 19:44:00,26.0,1,0,25405.503861110927,36724164.0,4737144.0,0.1273888888888894,0,7556722.0,6342207.0,13051947.0,1
1968,2020-01-10 19:45:00,24.19999999999999,1,0,25852.396722222133,37035930.0,4766407.0,0.1273888888888894,0,7658830.0,6391268.0,13102726.0,1
1968,2020-01-10 19:46:00,18.19999999999999,1,0,26152.991777777737,38247933.0,4873800.0,0.1273888888888894,0,7832278.0,6473856.0,13355576.0,1
1968,2020-01-10 19:47:00,16.599999999999966,1,0,26262.878666666533,38494336.0,4955557.0,0.1273888888888894,0,7864498.0,6500597.0,13507936.0,1
1968,2020-01-10 19:48:00,15.199999999999989,1,0,26358.934888888733,38567773.0,4980985.0,0.1273888888888894,0,7884082.0,6509089.0,13580854.0,1
1968,2020-01-10 19:49:00,13.399999999999975,1,0,26654.797472222137,39263897.0,5034403.0,0.1273888888888894,0,7969258.0,6550437.0,13684074.0,1
1968,2020-01-10 19:50:00,10.599999999999966,1,0,26916.519499999937,40185767.0,5136167.0,0.134694444444445,0,8084255.0,6592545.0,13854231.0,1
1968,2020-01-10 19:51:00,9.599999999999966,1,0,27022.19319444433,40467958.0,5156863.0,0.1380555555555562,0,8121743.0,6609978.0,13967527.0,1
1968,2020-01-10 19:52:00,9.399999999999975,1,0,27067.598833333224,40516605.0,5167563.0,0.1380555555555562,0,8132375.0,6614390.0,13972571.0,1
1968,2020-01-10 19:53:00,8.399999999999977,1,0,27180.906111111,40740556.0,5209826.0,0.1380555555555562,0,8167391.0,6632831.0,14072606.0,1
1968,2020-01-10 19:54:00,7.399999999999977,1,0,27336.60177777768,41125031.0,5257172.0,0.1380555555555562,0,8221919.0,6652912.0,14181897.0,1
1968,2020-01-10 19:55:00,5.199999999999989,1,0,27529.95955555545,41683980.0,5314970.0,0.1380555555555562,0,8298767.0,6696410.0,14257440.0,1
1968,2020-01-10 19:56:00,3.599999999999966,1,0,27671.14066666656,42195765.0,5376954.0,0.1380555555555562,0,8360063.0,6721762.0,14515686.0,1
1988,2020-01-10 20:56:00,284.8,1,1,66.74136111111112,264369.0,336584.0,0.0,0,84504.0,79700.0,231036.0,0
1988,2020-01-10 20:57:00,277.6,1,1,275.0630833333312,874745.0,1048347.0,0.0,0,406236.0,203617.0,845585.0,0
1988,2020-01-10 20:58:00,274.8,1,1,368.9071944444512,1224757.0,1381615.0,0.0,0,570708.0,298431.0,1100086.0,0
1988,2020-01-10 20:59:00,272.0,1,1,461.6604444444512,1473564.0,1687649.0,0.0,0,726313.0,353080.0,1597856.0,0
1988,2020-01-10 21:00:00,269.2,1,1,558.3453611111112,1716092.0,1985804.0,0.0,0,916033.0,411817.0,1829555.0,0
1988,2020-01-10 21:01:00,267.8,1,1,593.2775555555512,1851188.0,2167141.0,0.0,0,964261.0,433654.0,2060370.0,0
1988,2020-01-10 21:02:00,266.2,1,1,656.6899722222312,2079377.0,2422605.0,0.0,0,1088125.0,464834.0,2355132.0,0
1988,2020-01-10 21:03:00,265.2,1,1,696.6870277777712,2249028.0,2645958.0,0.0,0,1140421.0,508507.0,2548910.0,0
1988,2020-01-10 21:04:00,261.0,1,1,814.8145833333313,2709618.0,3031590.0,0.023805555555556,0,1374805.0,577459.0,2904330.0,0
1988,2020-01-10 21:05:00,259.2,1,1,852.7292222222312,2788138.0,3159862.0,0.023805555555556,0,1427821.0,588883.0,2976727.0,0
1988,2020-01-10 21:06:00,258.0,1,1,893.8724999999912,2868400.0,3228398.0,0.023805555555556,0,1490521.0,616075.0,3045979.0,0
1988,2020-01-10 21:07:00,256.6,1,1,928.1229999999912,2939302.0,3298651.0,0.023805555555556,0,1562821.0,638821.0,3110070.0,0
1988,2020-01-10 21:08:00,253.4,1,1,1048.0358055555512,3109329.0,3515296.0,0.023805555555556,0,1772413.0,704421.0,3341990.0,0
1988,2020-01-10 21:09:00,251.2,1,1,1161.2842777777712,3220323.0,3691004.0,0.023805555555556,0,1929661.0,746581.0,3461980.0,0
1988,2020-01-10 21:10:00,249.6,1,1,1207.0884722222313,3285310.0,3789635.0,0.023805555555556,0,2010193.0,769125.0,3525667.0,0
1988,2020-01-10 21:11:00,248.2,1,1,1241.9946388888914,3347113.0,3883235.0,0.023805555555556,0,2076793.0,799237.0,3614237.0,0
1988,2020-01-10 21:12:00,247.0,1,1,1332.1514444444513,3454455.0,3960806.0,0.023805555555556,0,2184482.0,825227.0,3671841.0,0
1988,2020-01-10 21:13:00,243.8,1,1,1420.2241666666712,3706317.0,4122110.0,0.023805555555556,0,2384186.0,873796.0,3774762.0,0
1988,2020-01-10 21:14:00,242.6,1,1,1472.0585555555513,3782757.0,4186707.0,0.023805555555556,0,2493314.0,895693.0,3872679.0,0
1988,2020-01-10 21:15:00,236.4,1,1,1717.1879166666713,4612080.0,4496718.0,0.023805555555556,0,2924330.0,995101.0,4280866.0,0
1988,2020-01-10 21:16:00,235.6,1,1,1751.4468888888912,4675884.0,4541243.0,0.023805555555556,0,2994831.0,1021941.0,4311000.0,0
1988,2020-01-10 21:17:00,231.4,1,1,1874.2081388888912,4914343.0,4780924.0,0.036861111111112,0,3229564.0,1101109.0,4544974.0,0
1988,2020-01-10 21:18:00,230.2,1,1,1911.1604166666712,5029484.0,4862382.0,0.036861111111112,0,3290344.0,1116773.0,4734397.0,0
1988,2020-01-10 21:19:00,228.8,1,1,1976.2942222222312,5084539.0,4983166.0,0.036861111111112,0,3344512.0,1142609.0,4809394.0,0
1988,2020-01-10 21:20:00,226.0,1,1,2071.5084722223114,5189748.0,5158744.0,0.036861111111112,0,3451912.0,1190093.0,4965225.0,0
1988,2020-01-10 21:21:00,223.2,1,1,2192.580777777711,5457029.0,5347999.0,0.036861111111112,0,3570268.0,1272170.0,5150891.0,0
1988,2020-01-10 21:22:00,220.2,1,1,2254.742416666711,5633374.0,5574563.0,0.036861111111112,0,3645832.0,1324046.0,5331981.0,0
1988,2020-01-10 21:23:00,218.4,1,1,2312.945499999911,5721644.0,5627395.0,0.036861111111112,0,3717424.0,1359646.0,5414363.0,0
1988,2020-01-10 21:24:00,217.4,1,1,2355.251083333311,5815855.0,5719293.0,0.036861111111112,0,3770344.0,1381478.0,5487020.0,0
1988,2020-01-10 21:25:00,216.8,1,1,2392.853055555511,5854972.0,5761465.0,0.036861111111112,0,3811132.0,1399651.0,5509979.0,0
1988,2020-01-10 21:26:00,216.2,1,1,2432.307249999911,5874654.0,5787192.0,0.036861111111112,0,3849412.0,1407992.0,5532495.0,0
1988,2020-01-10 21:27:00,216.0,1,1,2432.307249999911,5874654.0,5823982.0,0.036861111111112,0,3849412.0,1408257.0,5536305.0,0
1988,2020-01-10 21:28:00,214.6,1,1,2457.496583333311,5932947.0,5905427.0,0.036861111111112,0,3888868.0,1427942.0,5601162.0,0
1988,2020-01-10 21:29:00,213.2,1,1,2494.201194444511,6082915.0,6100272.0,0.036861111111112,0,3928444.0,1443078.0,5744332.0,0
1988,2020-01-10 21:30:00,211.6,1,1,2552.414444444511,6263238.0,6235785.0,0.036861111111112,0,4000048.0,1469922.0,5810593.0,0
1988,2020-01-10 21:31:00,210.4,1,1,2604.1906666667114,6479922.0,6362171.0,0.036861111111112,0,4065976.0,1503040.0,5932702.0,0
1988,2020-01-10 21:32:00,209.0,1,1,2646.436694444511,6653121.0,6515130.0,0.036861111111112,0,4155388.0,1529556.0,6057853.0,0
1988,2020-01-10 21:33:00,207.6,1,1,2717.420222222311,6814334.0,6780266.0,0.036861111111112,0,4242845.0,1572088.0,6184148.0,0
1988,2020-01-10 21:34:00,204.6,1,1,2781.571472222311,6950847.0,6922213.0,0.040027777777778,0,4326065.0,1593372.0,6248810.0,0
1988,2020-01-10 21:35:00,204.0,1,1,2782.637527777711,6957100.0,6980051.0,0.040027777777778,0,4326713.0,1595128.0,6253789.0,0
1988,2020-01-10 21:36:00,203.4,1,1,2782.637527777711,6957100.0,6993481.0,0.040027777777778,0,4326713.0,1595229.0,6253789.0,0
1988,2020-01-10 21:37:00,202.0,1,1,2849.064027777711,7143858.0,7155019.0,0.040027777777778,0,4407377.0,1636921.0,6598354.0,0
1988,2020-01-10 21:38:00,199.2,1,1,2927.382611111111,7334620.0,7512389.0,0.040027777777778,0,4524689.0,1687547.0,6705721.0,0
1988,2020-01-10 21:39:00,197.8,1,1,2955.580138888911,7413218.0,7578520.0,0.040027777777778,0,4577837.0,1702324.0,6920767.0,0
1988,2020-01-10 21:40:00,196.4,1,1,3031.139749999911,7606152.0,7786326.0,0.040027777777778,0,4692713.0,1732717.0,6998026.0,0
1988,2020-01-10 21:41:00,195.2,1,1,3085.834694444511,7660297.0,7982652.0,0.040027777777778,0,4775645.0,1762958.0,7098724.0,0
1988,2020-01-10 21:42:00,193.6,1,1,3116.9294166667114,7810850.0,8122051.0,0.040027777777778,0,4857869.0,1786095.0,7332594.0,0
1988,2020-01-10 21:43:00,192.4,1,1,3189.782388888911,7899953.0,8247072.0,0.040027777777778,0,4959281.0,1825724.0,7464154.0,0
1988,2020-01-10 21:44:00,191.0,1,1,3266.1719166667112,8224863.0,8428539.0,0.040027777777778,0,5049005.0,1853921.0,7554426.0,0
1988,2020-01-10 21:45:00,189.4,1,1,3322.749722222311,8342435.0,8543498.0,0.040027777777778,0,5138333.0,1880450.0,7606205.0,0
1988,2020-01-10 21:46:00,186.4,1,1,3408.097472222311,8704095.0,8859437.0,0.040027777777778,0,5271161.0,1925619.0,7943399.0,0
1988,2020-01-10 21:47:00,184.0,1,1,3478.283444444511,9012052.0,9028346.0,0.040027777777778,0,5407037.0,1962527.0,8063611.0,0
1988,2020-01-10 21:48:00,182.4,1,1,3538.636666666711,9136943.0,9172282.0,0.040027777777778,0,5515913.0,2002023.0,8220937.0,0
1988,2020-01-10 21:49:00,181.0,1,1,3625.567888888911,9211395.0,9276503.0,0.040027777777778,0,5549057.0,2067528.0,8294531.0,0
1988,2020-01-10 21:50:00,178.39999999999998,1,1,3667.182833333311,9331515.0,9435129.0,0.040027777777778,0,5647793.0,2109185.0,8389822.0,0
1988,2020-01-10 21:51:00,171.0,1,1,3896.629277777712,9782992.0,9825506.0,0.040027777777778,0,5990381.0,2250590.0,8958130.0,0
1988,2020-01-10 21:52:00,166.0,1,1,4076.124583333312,10069798.0,10059285.0,0.040027777777778,0,6283265.0,2374315.0,9164479.0,0
1988,2020-01-10 21:53:00,164.39999999999998,1,1,4113.807416666712,10145055.0,10131813.0,0.040027777777778,0,6328530.0,2407491.0,9230857.0,0
1988,2020-01-10 21:54:00,162.2,1,1,4214.322055555511,10679459.0,10247110.0,0.040027777777778,0,6414918.0,2463871.0,9423257.0,0
1988,2020-01-10 21:55:00,161.6,1,1,4215.620416666712,10692836.0,10274046.0,0.040027777777778,0,6415351.0,2465883.0,9445279.0,0
1988,2020-01-10 21:56:00,160.2,1,1,4264.211361111111,10711634.0,10353152.0,0.040027777777778,0,6501151.0,2482151.0,9519470.0,0
1988,2020-01-10 21:57:00,154.2,1,1,4344.412166666712,10790830.0,10626789.0,0.040027777777778,0,6587719.0,2532940.0,9700119.0,0
1988,2020-01-10 21:58:00,147.6,1,1,4532.021083333312,11230672.0,11091578.0,0.040027777777778,0,6885559.0,2636568.0,10048974.0,0
1988,2020-01-10 21:59:00,146.2,1,1,4572.699416666711,11388648.0,11172568.0,0.040027777777778,0,6941467.0,2658472.0,10085192.0,0
1988,2020-01-10 22:00:00,143.39999999999998,1,1,4685.907722222312,11765739.0,11390721.0,0.040027777777778,0,7097803.0,2734548.0,10255817.0,0
1988,2020-01-10 22:01:00,143.2,1,1,4685.976166666756,11765739.0,11409714.0,0.040027777777778,0,7097803.0,2734876.0,10255817.0,0
1988,2020-01-10 22:02:00,142.0,1,1,4713.242194444533,11973298.0,11536607.0,0.040027777777778,0,7158511.0,2765845.0,10622508.0,0
1988,2020-01-10 22:03:00,136.2,1,1,4943.135611111191,12909025.0,12056373.0,0.040027777777778,0,7509247.0,2887241.0,11255140.0,0
1988,2020-01-10 22:04:00,135.0,1,1,4998.805694444531,13153087.0,12144071.0,0.040027777777778,0,7608415.0,2906862.0,11360427.0,0
1988,2020-01-10 22:05:00,132.79999999999998,1,1,5048.264583333431,13305980.0,12273148.0,0.040027777777778,0,7704139.0,2929584.0,11526138.0,0
1988,2020-01-10 22:06:00,129.39999999999998,1,1,5104.283333333431,13519934.0,12541416.0,0.040027777777778,0,7779355.0,2965284.0,11663769.0,0
1988,2020-01-10 22:07:00,128.0,1,1,5162.084055555652,13885208.0,12648718.0,0.040027777777778,0,7878535.0,2992190.0,11802818.0,0
1988,2020-01-10 22:08:00,126.39999999999998,1,1,5223.942888888972,14089295.0,12807683.0,0.040027777777778,0,7967131.0,3024103.0,11905973.0,0
1988,2020-01-10 22:09:00,122.39999999999998,1,1,5405.505305555652,14634931.0,13178404.0,0.040027777777778,0,8256175.0,3109383.0,12247470.0,0
1988,2020-01-10 22:10:00,119.6,1,1,5500.635388888972,14985086.0,13489221.0,0.040027777777778,0,8402035.0,3168111.0,12430081.0,0
1988,2020-01-10 22:11:00,118.0,1,1,5548.142250000084,15217735.0,13602230.0,0.040027777777778,0,8488424.0,3193503.0,12518807.0,0
1988,2020-01-10 22:12:00,116.79999999999998,1,1,5595.041861111194,15444417.0,13689448.0,0.040027777777778,0,8570648.0,3215380.0,12631141.0,0
1988,2020-01-10 22:13:00,116.6,1,1,5595.149277777859,15449695.0,13696014.0,0.040027777777778,0,8570649.0,3215520.0,12637225.0,0
1988,2020-01-10 22:14:00,110.6,1,1,5814.573055555631,16307461.0,14204795.0,0.040027777777778,0,8932101.0,3318649.0,13551073.0,0
1988,2020-01-10 22:15:00,109.79999999999998,1,1,5836.528722222312,16337803.0,14274085.0,0.040027777777778,0,8970945.0,3329421.0,13606336.0,0
1988,2020-01-10 22:16:00,103.79999999999998,1,1,5967.542555555632,16706874.0,14644001.0,0.040027777777778,0,9163401.0,3414065.0,13972013.0,0
1988,2020-01-10 22:17:00,96.79999999999998,1,1,6245.402055555631,17434081.0,14912711.0,0.040027777777778,0,9695661.0,3483321.0,14330514.0,0
1988,2020-01-10 22:19:00,84.0,1,1,6909.512805555632,18603119.0,15529614.0,0.040027777777778,0,10774475.0,3712918.0,15001275.0,0
1988,2020-01-10 22:20:00,83.0,1,1,6955.97208333341,18666624.0,15588569.0,0.040027777777778,0,10834967.0,3724476.0,15033476.0,0
1988,2020-01-10 22:21:00,81.79999999999998,1,1,7003.30136111119,18969902.0,15644288.0,0.040027777777778,0,10933355.0,3737084.0,15153687.0,0
1988,2020-01-10 22:22:00,76.19999999999999,1,1,7275.75075000009,19359187.0,16066138.0,0.040027777777778,0,11403960.0,3802525.0,15528634.0,0
1988,2020-01-10 22:23:00,70.19999999999999,1,1,7568.94394444457,19988738.0,16577090.0,0.040027777777778,0,11740728.0,3889870.0,16036817.0,0
1988,2020-01-10 22:24:00,69.79999999999998,1,1,7624.69575000017,19995914.0,16628375.0,0.040027777777778,0,11798184.0,3897356.0,16052209.0,0
1988,2020-01-10 22:25:00,69.6,1,1,7624.69575000017,19995915.0,16646836.0,0.040027777777778,0,11798185.0,3897461.0,16052209.0,0
1988,2020-01-10 22:26:00,63.39999999999998,1,1,7925.281694444571,20858582.0,17268392.0,0.0437500000000002,0,12299485.0,3986734.0,16808081.0,0
1988,2020-01-10 22:27:00,57.39999999999998,1,1,8081.321555555572,21342624.0,17835361.0,0.0437500000000002,0,12618049.0,4052654.0,17457054.0,0
1988,2020-01-10 22:28:00,55.19999999999999,1,1,8168.50977777777,21551223.0,18116045.0,0.0437500000000002,0,12778621.0,4079975.0,17671619.0,0
1988,2020-01-10 22:29:00,49.19999999999999,1,1,8458.82800000017,22261154.0,18895616.0,0.0437500000000002,0,13144177.0,4177740.0,18280864.0,0
1988,2020-01-10 22:30:00,43.39999999999998,1,1,8669.08550000017,22699840.0,19424664.0,0.0437500000000002,0,13462105.0,4230344.0,18832896.0,0
1988,2020-01-10 22:31:00,42.6,1,1,8705.63158333337,22763631.0,19610954.0,0.0437500000000002,0,13526821.0,4235868.0,19010736.0,0
1988,2020-01-10 22:32:00,36.19999999999999,1,1,8891.87850000017,23203031.0,20051551.0,0.0437500000000002,0,13834873.0,4289464.0,19282501.0,0
1988,2020-01-10 22:33:00,30.80000000000001,1,1,9094.46083333337,23445910.0,20285837.0,0.0501666666666668,0,14120102.0,4362901.0,19532075.0,0
1988,2020-01-10 22:34:00,24.0,1,1,9324.21913888897,23989116.0,20619067.0,0.0589722222222224,0,14477930.0,4440213.0,19755558.0,0
1988,2020-01-10 22:35:00,20.0,1,1,9511.39561111117,24224962.0,20764343.0,0.060694444444444,0,14744895.0,4470190.0,19914028.0,0
1988,2020-01-10 22:36:00,16.599999999999966,1,1,9645.152611111169,24357900.0,20931237.0,0.060694444444444,0,14938167.0,4515914.0,19996682.0,0
1988,2020-01-10 22:37:00,15.800000000000011,1,1,9691.03863888897,24406481.0,20942703.0,0.060694444444444,0,14974743.0,4537754.0,20013036.0,0
1988,2020-01-10 22:38:00,9.0,1,1,9915.182944444568,24715439.0,21344898.0,0.060694444444444,0,15338751.0,4647475.0,20282058.0,0
1988,2020-01-10 22:39:00,5.800000000000011,1,1,10002.838500000167,24819752.0,21504590.0,0.060722222222222,0,15470656.0,4686325.0,20348878.0,0
1988,2020-01-10 22:40:00,4.800000000000011,1,1,10021.65225000017,24859701.0,21548933.0,0.060722222222222,0,15506296.0,4692779.0,20370602.0,0
1988,2020-01-10 22:41:00,2.599999999999966,1,1,10140.04858333337,25109327.0,21686577.0,0.060722222222222,0,15642064.0,4726575.0,20505296.0,0
1988,2020-01-10 22:42:00,1.0,1,1,10192.16197222237,25238963.0,21781529.0,0.060722222222222,0,15739816.0,4741479.0,20563848.0,0
2089,2020-01-11 08:27:00,352.0,1,0,1.75327777777774,7696.0,82303.0,0.0,0,96.0,3225.0,19500.0,0
2089,2020-01-11 08:28:00,341.4,1,0,247.6754999999933,773929.0,810291.0,0.067333333333334,0,571440.0,169774.0,605410.0,0
2089,2020-01-11 08:29:00,340.0,1,0,257.15316666667337,833872.0,864826.0,0.067333333333334,0,578676.0,184730.0,634842.0,0
2089,2020-01-11 08:30:00,337.2,1,0,348.9496388888934,1026233.0,1003341.0,0.067444444444444,0,748284.0,218899.0,780754.0,0
2089,2020-01-11 08:31:00,335.4,1,0,355.8825555555534,1051415.0,1027353.0,0.067444444444444,0,758328.0,225616.0,786851.0,0
2089,2020-01-11 08:32:00,334.4,1,0,386.88413888889335,1103805.0,1105120.0,0.076805555555556,0,832356.0,241092.0,844571.0,0
2089,2020-01-11 08:33:00,333.0,1,0,405.6263611111133,1188734.0,1174580.0,0.0905,0,895668.0,260801.0,899743.0,0
2089,2020-01-11 08:34:00,332.6,1,0,412.2406388888934,1259545.0,1229141.0,0.0905,0,901380.0,270454.0,969839.0,0
2089,2020-01-11 08:35:00,331.6,1,0,428.2658333333334,1338143.0,1308779.0,0.091472222222222,0,965604.0,282858.0,1065468.0,0
2089,2020-01-11 08:36:00,330.0,1,0,472.43861111111335,1454077.0,1415614.0,0.091472222222222,0,1051968.0,311338.0,1165881.0,0
2089,2020-01-11 08:37:00,329.6,1,0,478.5985555555534,1475306.0,1450272.0,0.091472222222222,0,1068697.0,315626.0,1189437.0,0
2089,2020-01-11 08:38:00,329.0,1,0,504.2282222222134,1493727.0,1479496.0,0.097916666666666,0,1125397.0,317558.0,1203815.0,0
2089,2020-01-11 08:39:00,327.6,1,0,530.7424166666733,1582153.0,1595599.0,0.103333333333334,0,1187785.0,340738.0,1302407.0,0
2089,2020-01-11 08:40:00,326.2,1,0,546.5723611111133,1627939.0,1660586.0,0.107833333333334,0,1270117.0,346675.0,1358281.0,0
2089,2020-01-11 08:41:00,324.8,1,0,565.9379722222133,1696632.0,1748011.0,0.110444444444444,0,1354045.0,363976.0,1421760.0,0
2089,2020-01-11 08:42:00,323.0,1,0,581.6944166666733,1727585.0,1795682.0,0.110444444444444,0,1403605.0,374768.0,1439557.0,0
2089,2020-01-11 08:43:00,322.0,1,0,607.0686388888934,1783277.0,1846994.0,0.111388888888888,0,1506625.0,385776.0,1502724.0,0
2089,2020-01-11 08:44:00,320.4,1,0,627.6307499999933,1845911.0,1917272.0,0.112416666666666,0,1575877.0,399365.0,1555712.0,0
2089,2020-01-11 08:45:00,317.6,1,0,674.0019444444533,1919998.0,2002462.0,0.131527777777778,0,1734242.0,416941.0,1609675.0,0
2089,2020-01-11 08:46:00,316.4,1,0,692.1711666666733,1984335.0,2043685.0,0.149583333333334,0,1790282.0,430581.0,1651392.0,0
2089,2020-01-11 08:47:00,311.6,1,0,705.4402499999933,2020332.0,2075106.0,0.149583333333334,0,1803566.0,443209.0,1673622.0,0
2089,2020-01-11 08:48:00,306.0,1,0,705.4402499999933,2020333.0,2098779.0,0.149583333333334,0,1803566.0,443485.0,1673623.0,0
2089,2020-01-11 08:49:00,281.8,1,0,705.4402499999933,2020334.0,2127223.0,0.149583333333334,0,1803566.0,443595.0,1673624.0,0
2089,2020-01-11 08:50:00,278.2,1,0,705.4402499999933,2020334.0,2205327.0,0.149583333333334,0,1803566.0,443787.0,1674430.0,0
2089,2020-01-11 08:51:00,275.4,1,0,705.4402499999933,2020334.0,2267961.0,0.149583333333334,0,1803566.0,444688.0,1674431.0,0
2089,2020-01-11 08:52:00,274.4,1,0,713.5089722222133,2062246.0,2351447.0,0.149583333333334,0,1810851.0,450864.0,1766822.0,0
2089,2020-01-11 08:53:00,272.8,1,0,735.5922222222133,2105068.0,2542300.0,0.149583333333334,0,1875171.0,465113.0,1811126.0,0
2089,2020-01-11 08:54:00,271.4,1,0,763.4867222222133,2306334.0,2693009.0,0.149583333333334,0,1963059.0,486379.0,1977890.0,0
2089,2020-01-11 08:55:00,268.8,1,0,815.9890277777733,2462061.0,2921718.0,0.149583333333334,0,2096559.0,520023.0,2090652.0,0
2089,2020-01-11 08:56:00,267.2,1,0,834.4298333333334,2599627.0,3092187.0,0.149583333333334,0,2149767.0,539186.0,2200970.0,0
2089,2020-01-11 08:57:00,266.0,1,0,854.4115555555533,2695464.0,3225685.0,0.153111111111112,0,2222283.0,551463.0,2257468.0,0
2089,2020-01-11 08:58:00,264.4,1,0,873.5263055555534,2837983.0,3312031.0,0.153111111111112,0,2249115.0,574363.0,2323001.0,0
2089,2020-01-11 08:59:00,263.0,1,0,921.2828611111134,3081044.0,3510138.0,0.1535,0,2297955.0,611451.0,2467574.0,0
2089,2020-01-11 09:00:00,261.8,1,0,945.0224722222132,3154065.0,3707816.0,0.1535,0,2368179.0,619993.0,2519847.0,0
2089,2020-01-11 09:01:00,260.4,1,0,1002.8800555555534,3307673.0,3860450.0,0.1535,0,2434395.0,652525.0,2623886.0,0
2089,2020-01-11 09:02:00,259.0,1,0,1019.7543888888932,3404731.0,3977230.0,0.161111111111112,0,2483043.0,667821.0,2675054.0,0
2089,2020-01-11 09:03:00,257.4,1,0,1059.809805555553,3531702.0,4121140.0,0.164333333333334,0,2573691.0,685001.0,2721945.0,0
2089,2020-01-11 09:04:00,256.0,1,0,1074.114361111113,3583767.0,4176598.0,0.164333333333334,0,2595543.0,690433.0,2772424.0,0
2089,2020-01-11 09:05:00,254.8,1,0,1135.4041388888934,3635104.0,4346222.0,0.164333333333334,0,2698107.0,704253.0,2868924.0,0
2089,2020-01-11 09:06:00,253.4,1,0,1151.699305555553,3685922.0,4420465.0,0.164333333333334,0,2751303.0,717842.0,2926540.0,0
2089,2020-01-11 09:07:00,252.4,1,0,1173.3239166666733,3768030.0,4484087.0,0.164333333333334,0,2787159.0,732422.0,2983688.0,0
2089,2020-01-11 09:08:00,251.8,1,0,1176.992472222213,3792744.0,4526207.0,0.164333333333334,0,2787903.0,734378.0,3002889.0,0
2089,2020-01-11 09:09:00,250.2,1,0,1219.1503611111134,3898161.0,4641296.0,0.164333333333334,0,2847411.0,765946.0,3063873.0,0
2089,2020-01-11 09:10:00,249.0,1,0,1252.4195555555534,3981647.0,4724483.0,0.164333333333334,0,2923635.0,782046.0,3136556.0,0
2089,2020-01-11 09:11:00,247.4,1,0,1292.7654722222132,4024301.0,4799012.0,0.164333333333334,0,3001887.0,790460.0,3163388.0,0
2089,2020-01-11 09:12:00,246.2,1,0,1322.4833611111133,4069632.0,4880704.0,0.167666666666666,0,3058215.0,809737.0,3208095.0,0
2089,2020-01-11 09:13:00,245.0,1,0,1340.0517499999933,4124609.0,4946901.0,0.167666666666666,0,3071296.0,818937.0,3285537.0,0
2089,2020-01-11 09:14:00,243.0,1,0,1412.9909999999934,4248669.0,5140250.0,0.167666666666666,0,3177544.0,872309.0,3486712.0,0
2089,2020-01-11 09:15:00,242.2,1,0,1416.8929999999932,4289619.0,5187505.0,0.167666666666666,0,3189556.0,876185.0,3508786.0,0
2089,2020-01-11 09:16:00,239.4,1,0,1485.8806388888934,4503157.0,5378203.0,0.168972222222222,0,3256252.0,933058.0,3599721.0,0
2089,2020-01-11 09:17:00,239.0,1,0,1503.9838611111134,4540988.0,5400563.0,0.168972222222222,0,3277216.0,948810.0,3613891.0,0
2089,2020-01-11 09:18:00,238.4,1,0,1521.1370833333333,4585435.0,5426368.0,0.168972222222222,0,3297592.0,961723.0,3647211.0,0
2089,2020-01-11 09:19:00,232.4,1,0,1670.4688055555553,4860814.0,5694870.0,0.1776111111111108,0,3583312.0,1049384.0,4069581.0,0
2089,2020-01-11 09:20:00,231.0,1,0,1736.040944444453,4995729.0,5762757.0,0.1776111111111108,0,3697804.0,1083716.0,4178131.0,0
2089,2020-01-11 09:21:00,229.6,1,0,1786.0160555555533,5037304.0,5836194.0,0.1776111111111108,0,3791656.0,1098832.0,4219822.0,0
2089,2020-01-11 09:22:00,228.2,1,0,1826.3104999999928,5180486.0,5933642.0,0.180722222222222,0,3937144.0,1121105.0,4252361.0,0
2089,2020-01-11 09:23:00,226.8,1,0,1884.2957777777733,5476886.0,5989426.0,0.182722222222222,0,4053353.0,1142677.0,4368633.0,0
2089,2020-01-11 09:24:00,225.4,1,0,1909.5084166666736,5529407.0,6049720.0,0.182722222222222,0,4076441.0,1156294.0,4437871.0,0
2089,2020-01-11 09:25:00,223.6,1,0,1978.5139444444533,5635565.0,6123599.0,0.182722222222222,0,4153277.0,1190662.0,4568235.0,0
2089,2020-01-11 09:26:00,222.6,1,0,2009.4981944444537,5766306.0,6212337.0,0.182722222222222,0,4178717.0,1205455.0,4666463.0,0
2089,2020-01-11 09:27:00,215.2,1,0,2210.0862222222136,6292599.0,6598437.0,0.189722222222222,0,4556897.0,1315180.0,5176713.0,0
2089,2020-01-11 09:28:00,212.8,1,0,2263.556499999994,6420753.0,6816083.0,0.191194444444444,0,4650161.0,1354761.0,5300058.0,0
2089,2020-01-11 09:29:00,206.8,1,0,2352.422749999994,6884892.0,7105788.0,0.191194444444444,0,4737245.0,1460134.0,5534188.0,0
2089,2020-01-11 09:30:00,205.2,1,0,2393.418388888894,7055387.0,7200130.0,0.191194444444444,0,4803521.0,1501250.0,5666229.0,0
2089,2020-01-11 09:31:00,200.0,1,0,2534.299555555553,7309355.0,7767853.0,0.191194444444444,0,5133173.0,1566563.0,5934315.0,0
2089,2020-01-11 09:32:00,199.8,1,0,2535.913083333334,7322213.0,7821686.0,0.191194444444444,0,5133773.0,1568143.0,5938098.0,0
2089,2020-01-11 09:33:00,192.8,1,0,2632.2020277777738,7670054.0,8294314.0,0.191194444444444,0,5385509.0,1626888.0,6268025.0,0
2089,2020-01-11 09:34:00,186.8,1,0,2761.3454999999926,8120504.0,8737289.0,0.191194444444444,0,5650469.0,1697769.0,6561487.0,0
2089,2020-01-11 09:35:00,168.6,1,0,3019.915999999993,9081009.0,9958236.0,0.216472222222222,0,6083585.0,1855494.0,7621949.0,0
2089,2020-01-11 09:36:00,162.4,1,0,3150.0162777777728,9446907.0,10219562.0,0.216472222222222,0,6181157.0,1935282.0,7898615.0,0
2089,2020-01-11 09:37:00,159.6,1,0,3215.273499999993,9584421.0,10332909.0,0.216472222222222,0,6299765.0,1985202.0,8028745.0,0
2089,2020-01-11 09:38:00,153.6,1,0,3347.816611111113,9949175.0,10636134.0,0.216472222222222,0,6465977.0,2084896.0,8484967.0,0
2089,2020-01-11 09:39:00,147.6,1,0,3482.4233055555533,10385026.0,10891636.0,0.216472222222222,0,6689057.0,2173746.0,8761204.0,0
2089,2020-01-11 09:41:00,135.0,1,0,3781.394666666733,11623224.0,11723376.0,0.25736111111111,0,7172490.0,2314959.0,9392458.0,0
2089,2020-01-11 09:42:00,130.2,1,0,3884.3878055555338,11852648.0,12221653.0,0.2685,0,7371642.0,2353244.0,9736439.0,0
2089,2020-01-11 09:43:00,128.4,1,0,3920.4345555555337,11963031.0,12437102.0,0.2685,0,7467498.0,2365985.0,9825906.0,0
2089,2020-01-11 09:44:00,122.4,1,0,4009.580333333334,12201542.0,12854714.0,0.2685,0,7788006.0,2397441.0,10014328.0,0
2089,2020-01-11 09:45:00,119.8,1,0,4033.5007499999338,12356775.0,13111737.0,0.2685,0,7833654.0,2410173.0,10128638.0,0
2089,2020-01-11 09:46:00,113.8,1,0,4129.866805555534,12668164.0,13845028.0,0.2685,0,8086386.0,2447857.0,10422997.0,0
2089,2020-01-11 09:47:00,107.8,1,0,4245.358277777734,12992736.0,14312794.0,0.2685,0,8338555.0,2470441.0,10595351.0,0
2089,2020-01-11 09:48:00,101.8,1,0,4345.762611111133,13237409.0,14800775.0,0.2685,0,8565968.0,2498986.0,11016226.0,0
2089,2020-01-11 09:49:00,95.60000000000002,1,0,4505.428499999933,13550436.0,15267085.0,0.268722222222222,0,8831240.0,2572963.0,11315460.0,0
2089,2020-01-11 09:50:00,93.0,1,0,4544.250277777733,13657310.0,15371371.0,0.268722222222222,0,8880560.0,2591669.0,11406551.0,0
2089,2020-01-11 09:51:00,92.2,1,0,4580.296527777733,13697350.0,15422631.0,0.268722222222222,0,8915733.0,2612841.0,11436933.0,0
2089,2020-01-11 09:52:00,92.0,1,0,4590.626777777733,13705176.0,15429599.0,0.268722222222222,0,8926605.0,2617641.0,11446644.0,0
2089,2020-01-11 09:53:00,88.0,1,0,4705.094305555533,13998820.0,15663131.0,0.268722222222222,0,9052317.0,2688226.0,11721256.0,0
2089,2020-01-11 09:54:00,87.60000000000002,1,0,4727.6139444445325,14035402.0,15682384.0,0.268722222222222,0,9067377.0,2699459.0,11759775.0,0
2089,2020-01-11 09:55:00,81.60000000000002,1,0,4846.100166666733,14399155.0,15995710.0,0.268777777777778,0,9253377.0,2786196.0,11977577.0,0
2089,2020-01-11 09:56:00,79.19999999999999,1,0,4890.708833333332,14555662.0,16126854.0,0.268777777777778,0,9344553.0,2808097.0,12076858.0,0
2089,2020-01-11 09:57:00,79.0,1,0,4898.635916666732,14563657.0,16134485.0,0.268777777777778,0,9359505.0,2810917.0,12096319.0,0
2089,2020-01-11 09:58:00,76.60000000000002,1,0,4959.791972222132,14671635.0,16267631.0,0.268777777777778,0,9465837.0,2835537.0,12163647.0,0
2089,2020-01-11 09:59:00,74.0,1,0,5008.264083333332,14805574.0,16457223.0,0.268777777777778,0,9560865.0,2865245.0,12244157.0,0
2089,2020-01-11 10:00:00,73.39999999999998,1,0,5022.440333333332,14845822.0,16480832.0,0.268777777777778,0,9579130.0,2878255.0,12256637.0,0
2089,2020-01-11 10:01:00,67.39999999999998,1,0,5130.293694444532,15196445.0,16796563.0,0.268777777777778,0,9742138.0,2959063.0,12461114.0,0
2089,2020-01-11 10:02:00,58.80000000000001,1,0,5321.488583333332,15711908.0,17474422.0,0.268777777777778,0,10036534.0,3068291.0,12894898.0,0
2089,2020-01-11 10:03:00,49.0,1,0,5519.754611111131,16066574.0,18390727.0,0.273,0,10485946.0,3140909.0,13291425.0,0
2089,2020-01-11 10:04:00,48.60000000000002,1,0,5540.61330555553,16133628.0,18419873.0,0.273,0,10506166.0,3151057.0,13329671.0,0
2089,2020-01-11 10:05:00,42.19999999999999,1,0,5657.850833333331,16450373.0,18998503.0,0.273,0,10811926.0,3193105.0,13524138.0,0
2089,2020-01-11 10:06:00,36.19999999999999,1,0,5777.91097222213,16773904.0,19598674.0,0.27661111111111,0,11054578.0,3247946.0,13793433.0,0
2089,2020-01-11 10:07:00,28.80000000000001,1,0,5918.203222222131,17259337.0,20160950.0,0.27661111111111,0,11254822.0,3321010.0,14083151.0,0
2089,2020-01-11 10:08:00,22.80000000000001,1,0,6039.808638888932,17620035.0,20416712.0,0.27661111111111,0,11402458.0,3389786.0,14356515.0,0
2089,2020-01-11 10:09:00,16.0,1,0,6044.054916666732,17961325.0,20698293.0,0.27661111111111,0,11558146.0,3455683.0,14545743.0,0
2122,2020-01-11 11:21:00,323.0,1,0,222.40147222221336,401167.0,574912.0,0.0,0,271056.0,57508.0,188370.0,1
2122,2020-01-11 11:22:00,322.2,1,0,275.9963333333333,451334.0,667849.0,0.0,0,312396.0,65118.0,248027.0,1
2122,2020-01-11 11:23:00,321.6,1,0,300.1984999999934,485823.0,755248.0,0.0,0,344629.0,71916.0,286689.0,1
2122,2020-01-11 11:24:00,320.2,1,0,365.79394444445336,547170.0,918931.0,0.0,0,423097.0,82289.0,346893.0,1
2122,2020-01-11 11:25:00,320.0,1,0,382.98861111111336,575653.0,979979.0,0.0,0,460609.0,85718.0,363507.0,1
2122,2020-01-11 11:26:00,319.8,1,0,382.98861111111336,575653.0,981110.0,0.0,0,460609.0,85719.0,363507.0,1
2122,2020-01-11 11:27:00,318.8,1,0,411.5232777777734,687310.0,1089595.0,0.0,0,512965.0,94532.0,407174.0,1
2122,2020-01-11 11:28:00,317.6,1,0,482.61566666667335,789270.0,1320072.0,0.0,0,601837.0,105201.0,515009.0,1
2122,2020-01-11 11:29:00,316.0,1,0,561.6077222222134,861043.0,1463475.0,0.0,0,687109.0,113733.0,577019.0,1
2122,2020-01-11 11:30:00,314.8,1,0,668.4708611111134,1017979.0,1607008.0,0.0055833333333334,0,799262.0,126351.0,684477.0,1
2122,2020-01-11 11:31:00,313.2,1,0,738.6084166666734,1099749.0,1835028.0,0.0055833333333334,0,859191.0,135515.0,756055.0,1
2122,2020-01-11 11:32:00,312.0,1,0,786.3324722222134,1373711.0,2004874.0,0.0055833333333334,0,977368.0,142115.0,827724.0,1
2122,2020-01-11 11:33:00,310.8,1,0,847.8913333333334,1475735.0,2152307.0,0.0055833333333334,0,1042096.0,157392.0,914109.0,1
2122,2020-01-11 11:34:00,308.0,1,0,955.5335277777734,1607776.0,2403766.0,0.0055833333333334,0,1179808.0,175800.0,985895.0,1
2122,2020-01-11 11:35:00,306.6,1,0,1027.9126666666734,1683852.0,2566461.0,0.0055833333333334,0,1239928.0,189008.0,1028483.0,1
2122,2020-01-11 11:36:00,305.2,1,0,1079.3733611111134,1775464.0,2734980.0,0.0055833333333334,0,1349765.0,196328.0,1085007.0,1
2122,2020-01-11 11:37:00,303.8,1,0,1149.1008888888937,1817376.0,2833572.0,0.0055833333333334,0,1431437.0,204829.0,1108888.0,1
2122,2020-01-11 11:38:00,301.0,1,0,1244.2988611111134,1927499.0,2979692.0,0.016,0,1570865.0,215049.0,1227409.0,1
2122,2020-01-11 11:39:00,300.8,1,0,1250.74977777778,1935455.0,3005731.0,0.016,0,1578761.0,216007.0,1234520.0,1
2122,2020-01-11 11:40:00,299.6,1,0,1295.7866388888915,2014586.0,3057666.0,0.016,0,1628021.0,224088.0,1279188.0,1
2122,2020-01-11 11:41:00,298.2,1,0,1372.6903888888914,2059072.0,3122276.0,0.016,0,1709669.0,232978.0,1325819.0,1
2122,2020-01-11 11:42:00,296.6,1,0,1435.7758888888914,2125255.0,3226081.0,0.0222777777777778,0,1755809.0,243923.0,1394121.0,1
2122,2020-01-11 11:43:00,295.4,1,0,1512.5645555555534,2180051.0,3308436.0,0.0278888888888888,0,1824641.0,253884.0,1471601.0,1
2122,2020-01-11 11:44:00,293.8,1,0,1586.832916666673,2223926.0,3400619.0,0.0621388888888878,0,1880154.0,263458.0,1516035.0,1
2122,2020-01-11 11:45:00,292.4,1,0,1663.7982499999937,2295504.0,3477761.0,0.0625833333333338,0,1923402.0,285026.0,1585546.0,1
2122,2020-01-11 11:46:00,291.0,1,0,1702.8767777777734,2347504.0,3588222.0,0.0625833333333338,0,1952994.0,301702.0,1642018.0,1
2122,2020-01-11 11:47:00,289.6,1,0,1755.7419444444536,2390561.0,3654925.0,0.0625833333333338,0,1968282.0,314787.0,1659035.0,1
2122,2020-01-11 11:48:00,288.2,1,0,1797.9074722222335,2434293.0,3764801.0,0.0625833333333338,0,1985095.0,326432.0,1705198.0,1
2122,2020-01-11 11:49:00,286.8,1,0,1848.2388888888936,2470823.0,3864043.0,0.0625833333333338,0,2044039.0,338812.0,1730964.0,1
2122,2020-01-11 11:50:00,286.6,1,0,1856.2046666666736,2481821.0,3896167.0,0.0625833333333338,0,2059867.0,340040.0,1744666.0,1
2122,2020-01-11 11:51:00,285.4,1,0,1891.6396666666733,2539723.0,3946425.0,0.0625833333333338,0,2091763.0,356080.0,1785305.0,1
2122,2020-01-11 11:52:00,282.8,1,0,1965.745194444453,2644126.0,4054143.0,0.0625833333333338,0,2184703.0,374021.0,1876474.0,1
2122,2020-01-11 11:53:00,282.6,1,0,1970.6856111111133,2655059.0,4054143.0,0.0625833333333338,0,2189743.0,376337.0,1876474.0,1
2122,2020-01-11 11:54:00,281.4,1,0,2028.2239166666736,2698674.0,4127788.0,0.0640555555555558,0,2259380.0,387805.0,1908923.0,1
2122,2020-01-11 11:55:00,279.8,1,0,2061.971194444453,2754054.0,4173600.0,0.0640555555555558,0,2302340.0,398174.0,1938836.0,1
2122,2020-01-11 11:56:00,278.4,1,0,2119.1758333333337,2811306.0,4238718.0,0.0640555555555558,0,2337284.0,414303.0,1985441.0,1
2122,2020-01-11 11:57:00,276.6,1,0,2187.4218611111137,2861733.0,4339221.0,0.0640555555555558,0,2424020.0,424935.0,2059047.0,1
2122,2020-01-11 11:58:00,275.8,1,0,2212.2397777777737,2915697.0,4431638.0,0.0640555555555558,0,2453984.0,431107.0,2094407.0,1
2122,2020-01-11 11:59:00,274.2,1,0,2241.698416666674,2982439.0,4499278.0,0.0640555555555558,0,2503820.0,437071.0,2128428.0,1
2122,2020-01-11 12:00:00,273.8,1,0,2269.102777777774,3015837.0,4516581.0,0.0640555555555558,0,2535716.0,441392.0,2144860.0,1
2122,2020-01-11 12:01:00,273.6,1,0,2269.102777777774,3015838.0,4528437.0,0.0640555555555558,0,2535716.0,441532.0,2144977.0,1
2122,2020-01-11 12:02:00,272.8,1,0,2303.604777777774,3040993.0,4589498.0,0.0640555555555558,0,2580908.0,446604.0,2172537.0,1
2122,2020-01-11 12:03:00,271.4,1,0,2366.902694444454,3136010.0,4687843.0,0.0699999999999998,0,2668341.0,459108.0,2210679.0,1
2122,2020-01-11 12:04:00,270.2,1,0,2388.5848055555543,3182017.0,4797680.0,0.0699999999999998,0,2711217.0,466015.0,2268881.0,1
2122,2020-01-11 12:05:00,268.6,1,0,2470.6999722222345,3274031.0,4925145.0,0.0699999999999998,0,2801349.0,477731.0,2318580.0,1
2122,2020-01-11 12:06:00,265.8,1,0,2592.0805277777745,3397363.0,5115907.0,0.0699999999999998,0,2948853.0,495712.0,2397997.0,1
2122,2020-01-11 12:07:00,264.6,1,0,2696.8248888888947,3478431.0,5200940.0,0.0699999999999998,0,2998629.0,513188.0,2478116.0,1
2122,2020-01-11 12:08:00,263.0,1,0,2731.0807777777745,3531602.0,5322100.0,0.0699999999999998,0,3053409.0,521065.0,2583560.0,1
2122,2020-01-11 12:09:00,261.6,1,0,2842.810750000014,3593703.0,5440465.0,0.0699999999999998,0,3148833.0,536117.0,2616866.0,1
2122,2020-01-11 12:10:00,260.2,1,0,2897.911777777774,3689552.0,5566929.0,0.0699999999999998,0,3254817.0,544929.0,2642606.0,1
2122,2020-01-11 12:11:00,259.8,1,0,2917.703305555555,3738874.0,5618461.0,0.0699999999999998,0,3287061.0,549965.0,2674535.0,1
2122,2020-01-11 12:12:00,258.4,1,0,2918.602277777775,3738875.0,5660556.0,0.0699999999999998,0,3287157.0,551389.0,2712092.0,1
2122,2020-01-11 12:13:00,256.2,1,0,3019.985305555555,3957886.0,6071968.0,0.0699999999999998,0,3435537.0,573239.0,2890426.0,1
2122,2020-01-11 12:14:00,255.6,1,0,3062.527388888895,3994039.0,6103663.0,0.0699999999999998,0,3467841.0,578929.0,2941868.0,1
2122,2020-01-11 12:15:00,254.6,1,0,3118.919666666675,4041684.0,6190386.0,0.0699999999999998,0,3548181.0,583702.0,2978112.0,1
2122,2020-01-11 12:16:00,251.6,1,0,3169.8786666666742,4162584.0,6329096.0,0.0699999999999998,0,3621309.0,595636.0,3051315.0,1
2122,2020-01-11 12:17:00,250.4,1,0,3186.5260277777747,4171515.0,6494431.0,0.0699999999999998,0,3646941.0,598277.0,3087052.0,1
2122,2020-01-11 12:18:00,249.2,1,0,3258.7798611111148,4251517.0,6676340.0,0.0699999999999998,0,3740866.0,609649.0,3153105.0,1
2122,2020-01-11 12:19:00,247.6,1,0,3359.428944444515,4412548.0,7080549.0,0.0699999999999998,0,3847654.0,619574.0,3230066.0,1
2122,2020-01-11 12:20:00,247.4,1,0,3361.472194444515,4412548.0,7127649.0,0.0699999999999998,0,3847990.0,621826.0,3257899.0,1
2122,2020-01-11 12:21:00,246.4,1,0,3412.057666666715,4470827.0,7247249.0,0.0699999999999998,0,3916210.0,629679.0,3352084.0,1
2122,2020-01-11 12:22:00,245.0,1,0,3466.303972222315,4653698.0,7607232.0,0.0699999999999998,0,3986687.0,641695.0,3487168.0,1
2122,2020-01-11 12:23:00,244.8,1,0,3466.303972222315,4653698.0,7607610.0,0.0699999999999998,0,3986687.0,641695.0,3487168.0,1
2122,2020-01-11 12:24:00,243.6,1,0,3478.221444444515,4690592.0,7716875.0,0.0699999999999998,0,4011396.0,646200.0,3512908.0,1
2122,2020-01-11 12:25:00,242.0,1,0,3558.936805555515,4854925.0,7919936.0,0.0699999999999998,0,4089240.0,685133.0,3620431.0,1
2122,2020-01-11 12:26:00,240.6,1,0,3598.099999999915,4933419.0,8093500.0,0.0699999999999998,0,4159584.0,695141.0,3703202.0,1
2122,2020-01-11 12:27:00,239.4,1,0,3654.9920277777146,5019089.0,8209486.0,0.0699999999999998,0,4241412.0,705901.0,3780721.0,1
2122,2020-01-11 12:28:00,237.8,1,0,3712.171555555515,5093657.0,8393995.0,0.0699999999999998,0,4335816.0,715121.0,3852260.0,1
2122,2020-01-11 12:29:00,236.4,1,0,3785.0974999999135,5227142.0,8527869.0,0.0699999999999998,0,4435236.0,727867.0,3939074.0,1
2122,2020-01-11 12:30:00,236.2,1,0,3806.9157777777145,5258342.0,8554675.0,0.0699999999999998,0,4451724.0,731873.0,3976449.0,1
2122,2020-01-11 12:31:00,236.0,1,0,3807.8105555555135,5258342.0,8567454.0,0.0699999999999998,0,4451737.0,732543.0,3980284.0,1
2122,2020-01-11 12:32:00,235.0,1,0,3844.0765277777145,5293442.0,8631844.0,0.0699999999999998,0,4508749.0,738251.0,4017269.0,1
2122,2020-01-11 12:33:00,233.6,1,0,3895.8239999999146,5364487.0,8810426.0,0.0699999999999998,0,4595125.0,748659.0,4070868.0,1
2122,2020-01-11 12:34:00,232.2,1,0,3932.4617777777135,5429084.0,8924099.0,0.0699999999999998,0,4631701.0,760755.0,4169889.0,1
2122,2020-01-11 12:35:00,231.0,1,0,3994.5339722223134,5555678.0,9021339.0,0.070027777777778,0,4678861.0,781299.0,4230235.0,1
2122,2020-01-11 12:36:00,229.4,1,0,4091.5573333333145,5629336.0,9198880.0,0.070027777777778,0,4759286.0,789452.0,4294858.0,1
2122,2020-01-11 12:37:00,228.2,1,0,4164.741277777715,5699731.0,9293742.0,0.070027777777778,0,4834934.0,801428.0,4340307.0,1
2122,2020-01-11 12:38:00,225.4,1,0,4241.619055555514,5870149.0,9584448.0,0.070027777777778,0,4913115.0,830399.0,4486961.0,1
2122,2020-01-11 12:39:00,219.2,1,0,4649.891166666715,6116967.0,9978114.0,0.0705,0,5249355.0,900083.0,4751655.0,1
2122,2020-01-11 12:40:00,219.0,1,0,4649.891166666715,6116967.0,9979284.0,0.0705,0,5249355.0,900083.0,4751655.0,1
2122,2020-01-11 12:41:00,217.0,1,0,4740.542722222272,6214415.0,10112963.0,0.0705,0,5337483.0,916183.0,4834335.0,1
2122,2020-01-11 12:42:00,215.6,1,0,4800.558750000049,6243821.0,10241260.0,0.0705,0,5395491.0,922924.0,4895396.0,1
2122,2020-01-11 12:43:00,214.2,1,0,4851.911472222275,6268950.0,10339709.0,0.0705,0,5447967.0,930420.0,4946474.0,1
2122,2020-01-11 12:44:00,212.8,1,0,4918.4367222222745,6308067.0,10429383.0,0.0705,0,5510259.0,940708.0,5024175.0,1
2122,2020-01-11 12:45:00,211.4,1,0,5004.443638888934,6390500.0,10475221.0,0.0705,0,5564811.0,955309.0,5061199.0,1
2122,2020-01-11 12:46:00,210.0,1,0,5093.836083333376,6499154.0,10552142.0,0.0705,0,5614827.0,978022.0,5178810.0,1
2122,2020-01-11 12:47:00,208.8,1,0,5137.981305555594,6548256.0,10613555.0,0.0705,0,5675583.0,988574.0,5197791.0,1
2122,2020-01-11 12:48:00,208.6,1,0,5147.146666666714,6551506.0,10638788.0,0.0705,0,5687595.0,989646.0,5216902.0,1
2122,2020-01-11 12:49:00,207.6,1,0,5175.384777777834,6560061.0,10708403.0,0.0705,0,5712519.0,992886.0,5234608.0,1
2122,2020-01-11 12:50:00,206.2,1,0,5232.465277777834,6625425.0,10765057.0,0.0705,0,5785035.0,1008282.0,5279562.0,1
2122,2020-01-11 12:51:00,205.8,1,0,5247.332500000054,6635579.0,10803563.0,0.0705,0,5805628.0,1009678.0,5290391.0,1
2122,2020-01-11 12:52:00,204.4,1,0,5291.844805555595,6659395.0,10871046.0,0.0705,0,5854408.0,1016118.0,5316664.0,1
2122,2020-01-11 12:53:00,201.6,1,0,5435.193055555595,6771572.0,11029269.0,0.0705,0,5953756.0,1044175.0,5451630.0,1
2122,2020-01-11 12:54:00,198.8,1,0,5543.1297777778345,6894631.0,11207187.0,0.0705,0,6095764.0,1061367.0,5580850.0,1
2122,2020-01-11 12:55:00,196.0,1,0,5721.697444444495,7021537.0,11416812.0,0.0705,0,6244552.0,1086127.0,5700658.0,1
2122,2020-01-11 12:56:00,193.2,1,0,5897.535388888935,7221191.0,11569237.0,0.0705,0,6383872.0,1129440.0,5824886.0,1
2122,2020-01-11 12:57:00,191.0,1,0,5993.269166666715,7358354.0,11717567.0,0.0705,0,6458644.0,1156916.0,5895854.0,1
2122,2020-01-11 12:58:00,188.2,1,0,6186.204277777835,7521517.0,11975006.0,0.08975,0,6677068.0,1189048.0,6014141.0,1
2122,2020-01-11 12:59:00,186.2,1,0,6244.127500000055,7603183.0,12110102.0,0.08975,0,6757924.0,1201989.0,6066154.0,1
2122,2020-01-11 13:00:00,186.0,1,0,6245.604722222274,7615507.0,12152885.0,0.08975,0,6758044.0,1203353.0,6076866.0,1
2122,2020-01-11 13:01:00,184.0,1,0,6388.895638888936,7717076.0,12317465.0,0.08975,0,6892708.0,1223985.0,6191943.0,1
2122,2020-01-11 13:02:00,181.6,1,0,6557.300944444494,7893018.0,12492641.0,0.08975,0,7073200.0,1250693.0,6441946.0,1
2122,2020-01-11 13:03:00,180.6,1,0,6566.237222222275,7917042.0,12518771.0,0.08975,0,7078480.0,1254222.0,6465229.0,1
2122,2020-01-11 13:04:00,177.6,1,0,6575.990444444496,7923958.0,12565129.0,0.08975,0,7091632.0,1255599.0,6480725.0,1
2122,2020-01-11 13:05:00,174.6,1,0,6700.344944444514,8073094.0,12899060.0,0.08975,0,7212628.0,1293628.0,6639182.0,1
2122,2020-01-11 13:06:00,171.0,1,0,6921.815500000115,8347849.0,13391539.0,0.08975,0,7576816.0,1339798.0,6833480.0,1
2122,2020-01-11 13:07:00,168.2,1,0,7080.789472222315,8482919.0,13769501.0,0.08975,0,7738888.0,1368192.0,7026166.0,1
2122,2020-01-11 13:08:00,165.4,1,0,7214.5468611111155,8658354.0,14015773.0,0.08975,0,7891828.0,1393348.0,7160976.0,1
2122,2020-01-11 13:09:00,162.4,1,0,7336.905888888916,8815615.0,14313435.0,0.08975,0,8015453.0,1423633.0,7396328.0,1
2122,2020-01-11 13:10:00,159.6,1,0,7450.497500000116,8987072.0,14583302.0,0.08975,0,8154017.0,1444758.0,7507010.0,1
2122,2020-01-11 13:11:00,158.6,1,0,7485.429361111115,9026475.0,14643674.0,0.08975,0,8181594.0,1454267.0,7547583.0,1
2122,2020-01-11 13:12:00,155.8,1,0,7591.81394444445,9136286.0,14943402.0,0.08975,0,8291166.0,1476963.0,7646110.0,1
2122,2020-01-11 13:13:00,153.0,1,0,7744.300499999996,9263803.0,15165611.0,0.08975,0,8405634.0,1508140.0,7794830.0,1
2122,2020-01-11 13:14:00,150.0,1,0,7845.753055555556,9426940.0,15410752.0,0.08975,0,8505342.0,1538396.0,7892967.0,1
2122,2020-01-11 13:15:00,147.2,1,0,7927.341166666676,9546397.0,15591921.0,0.08975,0,8635290.0,1560721.0,7991702.0,1
2122,2020-01-11 13:16:00,144.4,1,0,8076.458777777776,9703645.0,15774610.0,0.08975,0,8751438.0,1595685.0,8167917.0,1
2122,2020-01-11 13:17:00,143.4,1,0,8117.788444444456,9747117.0,15825427.0,0.08975,0,8788002.0,1607874.0,8247165.0,1
2122,2020-01-11 13:18:00,139.8,1,0,8299.383083333336,9886711.0,16072661.0,0.0986944444444442,0,8915118.0,1636932.0,8359576.0,1
2122,2020-01-11 13:19:00,137.0,1,0,8387.495972222236,9977542.0,16233055.0,0.0986944444444442,0,8998710.0,1667444.0,8485598.0,1
2122,2020-01-11 13:20:00,135.0,1,0,8475.415027777775,10071519.0,16355047.0,0.0986944444444442,0,9088290.0,1685209.0,8564404.0,1
2122,2020-01-11 13:21:00,131.6,1,0,8702.350166666676,10201623.0,16505808.0,0.0986944444444442,0,9199326.0,1722561.0,8702347.0,1
2122,2020-01-11 13:22:00,128.8,1,0,8780.282666666677,10323681.0,16688536.0,0.0986944444444442,0,9272358.0,1752433.0,8824053.0,1
2122,2020-01-11 13:23:00,125.8,1,0,8965.457916666677,10477004.0,16932326.0,0.0986944444444442,0,9438750.0,1783526.0,8945356.0,1
2122,2020-01-11 13:24:00,122.8,1,0,9097.853500000016,10586542.0,17158617.0,0.0986944444444442,0,9570726.0,1811838.0,9075174.0,1
2122,2020-01-11 13:25:00,120.0,1,0,9252.768222222236,10817487.0,17357816.0,0.0986944444444442,0,9727074.0,1847982.0,9204303.0,1
2122,2020-01-11 13:26:00,117.2,1,0,9397.85522222224,10976061.0,17597536.0,0.0986944444444442,0,9896802.0,1881903.0,9346159.0,1
2122,2020-01-11 13:27:00,114.4,1,0,9532.247222222317,11139939.0,17934639.0,0.106361111111111,0,10040430.0,1908603.0,9538299.0,1
2122,2020-01-11 13:28:00,111.6,1,0,9685.447305555515,11242197.0,18459436.0,0.1118333333333338,0,10229154.0,1924484.0,9618145.0,1
2122,2020-01-11 13:29:00,108.8,1,0,9813.603805555516,11402968.0,18774413.0,0.1118333333333338,0,10360218.0,1950756.0,9773443.0,1
2122,2020-01-11 13:30:00,106.6,1,0,9875.071027777716,11445426.0,18882638.0,0.1118333333333338,0,10398714.0,1959098.0,9807451.0,1
2122,2020-01-11 13:31:00,103.8,1,0,9946.585499999916,11602336.0,19181509.0,0.1118333333333338,0,10512990.0,1970966.0,9925557.0,1
2122,2020-01-11 13:32:00,102.0,1,0,9996.798388888916,11729671.0,19698142.0,0.1118333333333338,0,10558734.0,1987698.0,10009693.0,1
2122,2020-01-11 13:33:00,101.8,1,0,10009.732305555515,11758882.0,19762089.0,0.1118333333333338,0,10559802.0,1995235.0,10057455.0,1
2122,2020-01-11 13:34:00,99.0,1,0,10142.944527777716,12078397.0,20281257.0,0.1118333333333338,0,10698991.0,2027435.0,10233111.0,1
2122,2020-01-11 13:35:00,96.0,1,0,10296.859333333316,12358209.0,20864385.0,0.1118333333333338,0,10879291.0,2056303.0,10531448.0,1
2122,2020-01-11 13:36:00,95.8,1,0,10296.859333333316,12358210.0,20866972.0,0.1118333333333338,0,10879291.0,2056344.0,10531448.0,1
2122,2020-01-11 13:37:00,95.6,1,0,10296.859333333316,12358211.0,20868493.0,0.1118333333333338,0,10879291.0,2056421.0,10531448.0,1
2122,2020-01-11 13:38:00,90.0,1,0,10616.076527777715,12856606.0,21563070.0,0.1118333333333338,0,11187380.0,2132514.0,11000956.0,1
2122,2020-01-11 13:39:00,89.80000000000001,1,0,10616.446527777716,12860480.0,21590436.0,0.1118333333333338,0,11187524.0,2132918.0,11004778.0,1
2122,2020-01-11 13:40:00,89.6,1,0,10617.386138888916,12860480.0,21596521.0,0.1118333333333338,0,11187644.0,2133242.0,11010056.0,1
2122,2020-01-11 13:41:00,83.4,1,0,10772.999750000028,13134416.0,22195041.0,0.1118333333333338,0,11381696.0,2176599.0,11250504.0,1
2122,2020-01-11 13:42:00,77.19999999999999,1,0,10969.488833333357,13455971.0,22660324.0,0.1118333333333338,0,11580116.0,2226932.0,11503367.0,1
2122,2020-01-11 13:43:00,71.0,1,0,11174.985444444475,13727437.0,22939889.0,0.116444444444445,0,11767125.0,2295036.0,11681792.0,1
2122,2020-01-11 13:44:00,70.60000000000002,1,0,11204.568194444477,13779853.0,22955399.0,0.116444444444445,0,11778621.0,2303048.0,11721079.0,1
2122,2020-01-11 13:45:00,66.0,1,0,11332.619222222256,13893512.0,23100583.0,0.116444444444445,0,11917557.0,2324956.0,11804695.0,1
2122,2020-01-11 13:46:00,60.0,1,0,11567.922611111137,14120180.0,23404575.0,0.1266388888888894,0,12122013.0,2384936.0,11988386.0,1
2122,2020-01-11 13:47:00,59.0,1,0,11598.392611111136,14146531.0,23429926.0,0.1273611111111116,0,12157149.0,2392593.0,12000476.0,1
2122,2020-01-11 13:48:00,58.39999999999998,1,0,11601.663472222255,14149040.0,23441808.0,0.1273611111111116,0,12157389.0,2393157.0,12004000.0,1
2122,2020-01-11 13:49:00,58.19999999999999,1,0,11601.720277777797,14149040.0,23447255.0,0.1273611111111116,0,12157390.0,2393322.0,12006106.0,1
2122,2020-01-11 13:50:00,52.19999999999999,1,0,11786.475555555588,14360199.0,23790351.0,0.1289722222222228,0,12308483.0,2445867.0,12164641.0,1
2122,2020-01-11 13:51:00,50.0,1,0,11848.166305555596,14398380.0,23985936.0,0.1289722222222228,0,12383387.0,2456691.0,12219242.0,1
2122,2020-01-11 13:52:00,45.39999999999998,1,0,12018.195416666696,14566276.0,24296974.0,0.133472222222223,0,12578975.0,2488901.0,12387319.0,1
2122,2020-01-11 13:53:00,39.0,1,0,12161.083972222255,14822481.0,24645790.0,0.133472222222223,0,12648215.0,2521206.0,12601039.0,1
2122,2020-01-11 13:54:00,32.0,1,0,12309.406611111135,15152421.0,25093341.0,0.1378611111111118,0,12873983.0,2561399.0,12880006.0,1
2122,2020-01-11 13:55:00,24.399999999999977,1,0,12594.807000000035,15638492.0,25738870.0,0.1391666666666672,0,13217088.0,2624860.0,13215900.0,1
2122,2020-01-11 13:56:00,18.19999999999999,1,0,12789.857027777816,15916757.0,26349441.0,0.1391666666666672,0,13427484.0,2666648.0,13376398.0,1
2122,2020-01-11 13:57:00,12.199999999999989,1,0,12987.004138888917,16183270.0,26902422.0,0.1391666666666672,0,13699500.0,2708745.0,13550637.0,1
2122,2020-01-11 13:58:00,6.199999999999989,1,0,13183.034916666697,16409249.0,27351078.0,0.1520555555555556,0,13905301.0,2748373.0,13796649.0,1
2122,2020-01-11 13:59:00,5.0,1,0,13218.284861111137,16482907.0,27409370.0,0.1520555555555556,0,13947722.0,2759390.0,13827161.0,1
2122,2020-01-11 14:00:00,1.0,1,0,13343.999027777816,16576689.0,27643305.0,0.1520555555555556,0,14065118.0,2782874.0,13947775.0,1
2187,2020-01-11 18:13:00,321.6,1,0,203.06705555554663,4068597.0,464906.0,0.0088611111111112,0,136560.0,38741.0,904839.0,1
2187,2020-01-11 18:14:00,318.2,1,0,386.1138611111066,7120269.0,726141.0,0.01175,0,250956.0,73082.0,1653509.0,1
2187,2020-01-11 18:15:00,313.4,1,0,406.3954444444466,7548320.0,836095.0,0.0173611111111112,0,266005.0,99802.0,1817062.0,1
2187,2020-01-11 18:16:00,312.79999999999995,1,0,434.33055555554665,8087274.0,897338.0,0.040944444444444,0,292501.0,106534.0,1890603.0,1
2187,2020-01-11 18:17:00,311.4,1,0,504.1105277777866,9103290.0,1040962.0,0.041194444444444,0,329510.0,128783.0,2114138.0,1
2187,2020-01-11 18:18:00,309.79999999999995,1,0,509.5616111111066,9258900.0,1074502.0,0.041194444444444,0,335006.0,131021.0,2241720.0,1
2187,2020-01-11 18:19:00,308.2,1,0,509.7708888888865,9258900.0,1159314.0,0.041194444444444,0,335030.0,131525.0,2249507.0,1
2187,2020-01-11 18:20:00,307.0,1,0,524.2151666666666,9595145.0,1214382.0,0.055138888888888,0,352562.0,135737.0,2300610.0,1
2187,2020-01-11 18:21:00,305.79999999999995,1,0,543.2502500000065,9930845.0,1255059.0,0.056833333333334,0,362798.0,147218.0,2402699.0,1
2187,2020-01-11 18:22:00,304.4,1,0,584.3173055555466,10661537.0,1408186.0,0.056833333333334,0,390543.0,164262.0,2569892.0,1
2187,2020-01-11 18:23:00,303.4,1,0,623.9734444444466,11762793.0,1546493.0,0.056833333333334,0,434643.0,179670.0,2703623.0,1
2187,2020-01-11 18:24:00,302.0,1,0,762.8668611111066,14001796.0,1631838.0,0.056833333333334,0,518691.0,222190.0,2939106.0,1
2187,2020-01-11 18:25:00,300.6,1,0,821.6478055555466,15006436.0,1735838.0,0.056833333333334,0,548583.0,247699.0,3166178.0,1
2187,2020-01-11 18:26:00,299.2,1,0,933.2800833333266,16729157.0,1792467.0,0.056833333333334,0,608547.0,281380.0,3295164.0,1
2187,2020-01-11 18:27:00,297.79999999999995,1,0,979.1836666666666,17251952.0,1833248.0,0.056833333333334,0,626392.0,292312.0,3353807.0,1
2187,2020-01-11 18:28:00,296.2,1,0,1055.9193055555463,18836912.0,1931294.0,0.05725,0,696196.0,317437.0,3468090.0,1
2187,2020-01-11 18:29:00,295.0,1,0,1158.5894722222265,20623775.0,1994045.0,0.05725,0,762617.0,351933.0,3578811.0,1
2187,2020-01-11 18:30:00,293.79999999999995,1,0,1203.6730000000064,21896228.0,2048022.0,0.060722222222222,0,812453.0,365851.0,3626755.0,1
2187,2020-01-11 18:31:00,292.0,1,0,1341.8420000000065,23815652.0,2192270.0,0.060722222222222,0,883253.0,410859.0,3744509.0,1
2187,2020-01-11 18:32:00,290.79999999999995,1,0,1424.7758055555464,25248629.0,2352430.0,0.061805555555556,0,926453.0,436639.0,3915459.0,1
2187,2020-01-11 18:33:00,289.4,1,0,1476.6422222222266,26288564.0,2413375.0,0.061805555555556,0,955049.0,457243.0,4080000.0,1
2187,2020-01-11 18:34:00,287.79999999999995,1,0,1564.7313333333266,27486788.0,2497394.0,0.061805555555556,0,994805.0,476589.0,4124681.0,1
2187,2020-01-11 18:35:00,286.6,1,0,1663.8154444444465,29676144.0,2526722.0,0.061805555555556,0,1070765.0,512994.0,4168647.0,1
2187,2020-01-11 18:36:00,285.0,1,0,1824.8687500000065,31650311.0,2577916.0,0.066111111111112,0,1183529.0,533006.0,4211275.0,1
2187,2020-01-11 18:37:00,283.6,1,0,1859.3870555555663,33332251.0,2632399.0,0.066388888888888,0,1217813.0,550726.0,4299987.0,1
2187,2020-01-11 18:38:00,282.2,1,0,1919.3157500000063,35787002.0,2665419.0,0.066388888888888,0,1279733.0,590114.0,4405014.0,1
2187,2020-01-11 18:39:00,280.79999999999995,1,0,1994.5866944444465,37296770.0,2696580.0,0.066388888888888,0,1340549.0,608522.0,4472913.0,1
2187,2020-01-11 18:40:00,279.4,1,0,2123.4875277778665,39392150.0,2736932.0,0.067638888888888,0,1407557.0,634974.0,4535353.0,1
2187,2020-01-11 18:41:00,278.0,1,0,2205.9694166666663,41322182.0,2765234.0,0.067638888888888,0,1456481.0,663902.0,4574938.0,1
2187,2020-01-11 18:42:00,276.6,1,0,2273.2587222222664,42862526.0,2827621.0,0.069722222222222,0,1515461.0,676463.0,4649870.0,1
2187,2020-01-11 18:43:00,273.79999999999995,1,0,2397.0740833332666,46806414.0,2937848.0,0.069722222222222,0,1691861.0,714919.0,4795600.0,1
2187,2020-01-11 18:44:00,272.4,1,0,2463.286861111066,48283513.0,2975964.0,0.071888888888888,0,1728857.0,733367.0,4852345.0,1
2187,2020-01-11 18:45:00,271.0,1,0,2537.8325000000664,50072872.0,3013937.0,0.071888888888888,0,1790381.0,752268.0,4927823.0,1
2187,2020-01-11 18:46:00,269.6,1,0,2621.3951666666662,51243327.0,3060816.0,0.071888888888888,0,1844405.0,761052.0,4940654.0,1
2187,2020-01-11 18:47:00,268.4,1,0,2720.2729722222666,52443253.0,3115156.0,0.072361111111112,0,1898321.0,769588.0,4979108.0,1
2187,2020-01-11 18:48:00,268.2,1,0,2725.3126111110664,52505536.0,3124738.0,0.072361111111112,0,1901993.0,770133.0,4997451.0,1
2187,2020-01-11 18:49:00,266.79999999999995,1,0,2795.4781388888664,54453833.0,3170251.0,0.075416666666666,0,1969577.0,794233.0,5066598.0,1
2187,2020-01-11 18:50:00,265.6,1,0,2873.3758055554663,56633843.0,3221120.0,0.075416666666666,0,2048429.0,820001.0,5137982.0,1
2187,2020-01-11 18:51:00,264.0,1,0,2983.8072777778666,58490230.0,3269767.0,0.078555555555556,0,2122589.0,838342.0,5212628.0,1
2187,2020-01-11 18:52:00,262.6,1,0,3067.5287777778663,60325194.0,3344440.0,0.081666666666666,0,2189262.0,856975.0,5291369.0,1
2187,2020-01-11 18:53:00,261.4,1,0,3150.9213055554665,62162471.0,3412638.0,0.081666666666666,0,2282478.0,870805.0,5354173.0,1
2187,2020-01-11 18:54:00,260.6,1,0,3188.7521388888663,63335799.0,3442486.0,0.081666666666666,0,2316294.0,883666.0,5502971.0,1
2187,2020-01-11 18:55:00,259.79999999999995,1,0,3209.3501944444224,63796805.0,3473895.0,0.081666666666666,0,2337774.0,886918.0,5530713.0,1
2187,2020-01-11 18:56:00,258.6,1,0,3276.581055555532,65818072.0,3521696.0,0.0958333333333326,0,2416422.0,907135.0,5570936.0,1
2187,2020-01-11 18:57:00,257.0,1,0,3365.431805555532,67355127.0,3560501.0,0.0958333333333326,0,2499786.0,919419.0,5715691.0,1
2187,2020-01-11 18:58:00,255.8,1,0,3419.053583333306,69043021.0,3622368.0,0.0958333333333326,0,2561142.0,934104.0,5869871.0,1
2187,2020-01-11 18:59:00,254.2,1,0,3481.432277777746,71137711.0,3720843.0,0.0958333333333326,0,2629962.0,970029.0,6053912.0,1
2187,2020-01-11 19:00:00,252.8,1,0,3554.095972222206,72564539.0,3747272.0,0.0958333333333326,0,2671350.0,993885.0,6286963.0,1
2187,2020-01-11 19:01:00,251.4,1,0,3673.644861111086,74579215.0,3801833.0,0.097055555555555,0,2746482.0,1020973.0,6409332.0,1
2187,2020-01-11 19:02:00,250.0,1,0,3721.762666666646,75426256.0,3826131.0,0.0979444444444438,0,2783082.0,1034658.0,6715964.0,1
2187,2020-01-11 19:03:00,248.8,1,0,3773.220694444426,77476031.0,3872945.0,0.0979444444444438,0,2844918.0,1069070.0,6946857.0,1
2187,2020-01-11 19:04:00,247.2,1,0,3813.552499999986,78651088.0,3912544.0,0.0983611111111104,0,2882646.0,1092624.0,7296024.0,1
2187,2020-01-11 19:05:00,245.8,1,0,3879.575833333306,80237920.0,3982185.0,0.12211111111111,0,2940546.0,1141693.0,7545559.0,1
2187,2020-01-11 19:06:00,242.8,1,0,3912.590527777746,81251296.0,4063071.0,0.127916666666666,0,2974843.0,1175073.0,7784889.0,1
2187,2020-01-11 19:07:00,237.0,1,0,4013.4144722222063,82902829.0,4171843.0,0.148972222222222,0,3050623.0,1208499.0,8007151.0,1
2187,2020-01-11 19:08:00,234.6,1,0,4013.4144722222063,82902830.0,4200782.0,0.148972222222222,0,3050623.0,1208572.0,8007151.0,1
2187,2020-01-11 19:09:00,234.2,1,0,4013.8502499999854,82910617.0,4226743.0,0.148972222222222,0,3050623.0,1209292.0,8062167.0,1
2187,2020-01-11 19:10:00,233.2,1,0,4019.6476388888655,83328749.0,4264521.0,0.148972222222222,0,3062443.0,1221269.0,8132289.0,1
2187,2020-01-11 19:11:00,231.8,1,0,4057.734527777746,84891934.0,4328403.0,0.148972222222222,0,3117955.0,1243129.0,8809823.0,1
2187,2020-01-11 19:12:00,230.6,1,0,4117.997388888866,86920753.0,4384342.0,0.148972222222222,0,3212347.0,1266041.0,9022153.0,1
2187,2020-01-11 19:13:00,229.0,1,0,4153.376027777746,87801464.0,4421717.0,0.148972222222222,0,3238651.0,1279230.0,9123267.0,1
2187,2020-01-11 19:14:00,227.6,1,0,4240.490361111088,89459107.0,4451032.0,0.148972222222222,0,3295795.0,1308514.0,9235964.0,1
2187,2020-01-11 19:15:00,226.2,1,0,4299.411333333306,90814058.0,4506776.0,0.148972222222222,0,3342403.0,1330662.0,9350221.0,1
2187,2020-01-11 19:16:00,224.8,1,0,4389.925777777747,92563156.0,4544242.0,0.148972222222222,0,3417643.0,1354242.0,9503439.0,1
2187,2020-01-11 19:17:00,223.4,1,0,4446.787777777747,94220357.0,4595320.0,0.148972222222222,0,3469495.0,1373807.0,9566515.0,1
2187,2020-01-11 19:18:00,222.2,1,0,4512.345972222207,95717957.0,4617823.0,0.149805555555554,0,3534679.0,1388783.0,9666264.0,1
2187,2020-01-11 19:19:00,220.6,1,0,4536.668305555527,96591687.0,4654093.0,0.1505,0,3565471.0,1391929.0,9693265.0,1
2187,2020-01-11 19:20:00,219.4,1,0,4574.989638888866,97412117.0,4669836.0,0.151944444444444,0,3587971.0,1402309.0,9804039.0,1
2187,2020-01-11 19:21:00,216.6,1,0,4744.987944444427,100982932.0,4730078.0,0.16236111111111,0,3743875.0,1432558.0,9967670.0,1
2187,2020-01-11 19:22:00,211.6,1,0,5116.491333333306,107396443.0,4838954.0,0.16611111111111,0,4013347.0,1504562.0,10185316.0,1
2187,2020-01-11 19:23:00,211.2,1,0,5116.491333333306,107396443.0,4862328.0,0.16611111111111,0,4013347.0,1505246.0,10185316.0,1
2187,2020-01-11 19:24:00,206.8,1,0,5375.165194444467,112819706.0,5005120.0,0.173916666666666,0,4219687.0,1572019.0,10461306.0,1
2187,2020-01-11 19:25:00,203.6,1,0,5472.043555555467,114393617.0,5036242.0,0.173916666666666,0,4283983.0,1585779.0,10516296.0,1
2187,2020-01-11 19:26:00,202.6,1,0,5474.719361111066,114474490.0,5061930.0,0.173916666666666,0,4284583.0,1587355.0,10530466.0,1
2187,2020-01-11 19:27:00,201.2,1,0,5535.923083333268,115872497.0,5082873.0,0.185694444444444,0,4334984.0,1596719.0,10543050.0,1
2187,2020-01-11 19:28:00,199.8,1,0,5614.379277777666,117807898.0,5138825.0,0.185694444444444,0,4402724.0,1619271.0,10659192.0,1
2187,2020-01-11 19:29:00,198.4,1,0,5692.729666666666,119715362.0,5160223.0,0.185694444444444,0,4479200.0,1629421.0,10768029.0,1
2187,2020-01-11 19:30:00,197.0,1,0,5759.258416666668,121452240.0,5182830.0,0.185694444444444,0,4534964.0,1645713.0,10802063.0,1
2187,2020-01-11 19:31:00,195.6,1,0,5830.547083333267,123235580.0,5204696.0,0.1913611111111098,0,4589684.0,1665702.0,10857626.0,1
2187,2020-01-11 19:32:00,191.2,1,0,6120.173277777668,129111281.0,5307552.0,0.192083333333332,0,4775696.0,1745386.0,11031241.0,1
2187,2020-01-11 19:33:00,189.2,1,0,6225.901305555468,131919229.0,5343939.0,0.195666666666666,0,4858220.0,1774758.0,11113401.0,1
2187,2020-01-11 19:34:00,183.2,1,0,6642.788250000068,138224385.0,5636790.0,0.197388888888888,0,5068484.0,1941030.0,11529492.0,1
2187,2020-01-11 19:35:00,177.2,1,0,6945.291805555467,143460356.0,6135444.0,0.202666666666666,0,5251569.0,2085328.0,12422813.0,1
2187,2020-01-11 19:36:00,168.79999999999998,1,0,7249.021305555466,148642455.0,6486860.0,0.209777777777778,0,5442105.0,2196554.0,13088934.0,1
2187,2020-01-11 19:37:00,166.99999999999997,1,0,7364.946027777667,150504315.0,6543723.0,0.209777777777778,0,5509461.0,2234948.0,13315680.0,1
2187,2020-01-11 19:38:00,164.79999999999998,1,0,7448.026611111066,153014199.0,6688985.0,0.209777777777778,0,5619105.0,2259565.0,13581842.0,1
2187,2020-01-11 19:39:00,158.79999999999998,1,0,7683.305638888867,157714154.0,7000075.0,0.210722222222222,0,5809941.0,2306997.0,14838747.0,1
2187,2020-01-11 19:40:00,151.99999999999997,1,0,7934.153361111067,164665905.0,7203226.0,0.214055555555556,0,6084201.0,2399779.0,15429910.0,1
2187,2020-01-11 19:41:00,150.59999999999997,1,0,7977.839694444468,166050054.0,7226978.0,0.214055555555556,0,6124329.0,2418783.0,15562757.0,1
2187,2020-01-11 19:42:00,144.59999999999997,1,0,8188.850611111067,172039349.0,7396381.0,0.217444444444444,0,6313533.0,2489623.0,15878176.0,1
2187,2020-01-11 19:43:00,138.2,1,0,8488.374388888868,178350082.0,7512146.0,0.217444444444444,0,6573765.0,2547187.0,16209494.0,1
2187,2020-01-11 19:44:00,136.79999999999998,1,0,8627.485777777667,179171578.0,7532803.0,0.217444444444444,0,6627069.0,2561279.0,16241968.0,1
2187,2020-01-11 19:45:00,131.79999999999998,1,0,9051.658083333266,184380847.0,7690558.0,0.23986111111111,0,6867837.0,2625432.0,16431443.0,1
2187,2020-01-11 19:46:00,127.79999999999998,1,0,9054.811555555463,184457665.0,7717702.0,0.23986111111111,0,6868881.0,2627848.0,16437397.0,1
2187,2020-01-11 19:47:00,122.79999999999998,1,0,9137.087583333265,187679546.0,7852265.0,0.243166666666666,0,6967593.0,2679964.0,16540045.0,1
2187,2020-01-11 19:48:00,118.2,1,0,9275.044694444465,192002931.0,8018835.0,0.258694444444444,0,7116849.0,2734733.0,16764490.0,1
2187,2020-01-11 19:49:00,112.2,1,0,9574.943638888864,196847511.0,8159872.0,0.276305555555556,0,7298290.0,2844101.0,17157259.0,1
2187,2020-01-11 19:50:00,105.99999999999996,1,0,9916.629444444465,202453514.0,8336100.0,0.276305555555556,0,7526278.0,2928482.0,17608658.0,1
2187,2020-01-11 19:51:00,99.99999999999996,1,0,10242.720222222264,209635806.0,8495116.0,0.276305555555556,0,7828522.0,3053636.0,18151720.0,1
2187,2020-01-11 19:52:00,93.39999999999998,1,0,10351.934500000065,212734005.0,8678039.0,0.276305555555556,0,7947418.0,3111900.0,18509129.0,1
2187,2020-01-11 19:53:00,90.2,1,0,10476.097638888865,216332873.0,8822027.0,0.280416666666666,0,8097154.0,3173548.0,18895216.0,1
2187,2020-01-11 19:54:00,85.59999999999997,1,0,10743.674722222266,221375912.0,9025035.0,0.280416666666666,0,8304011.0,3276965.0,19756284.0,1
2187,2020-01-11 19:55:00,80.79999999999998,1,0,10981.362999999988,226212315.0,9163459.0,0.280416666666666,0,8482295.0,3356970.0,20171556.0,1
2187,2020-01-11 19:56:00,75.79999999999998,1,0,11095.694416666647,230766020.0,9317938.0,0.2874722222222216,0,8607395.0,3462710.0,20647512.0,1
2187,2020-01-11 19:57:00,72.99999999999997,1,0,11223.947305555526,234031841.0,9603821.0,0.319638888888888,0,8716643.0,3549111.0,20959148.0,1
2187,2020-01-11 19:58:00,68.79999999999995,1,0,11452.439444444426,237914460.0,9939273.0,0.415444444444444,0,8870399.0,3615216.0,21239975.0,1
2187,2020-01-11 19:59:00,62.0,1,0,11833.004861111089,244484699.0,10337892.0,0.486416666666666,0,9081587.0,3788008.0,21728398.0,1
2187,2020-01-11 20:00:00,55.599999999999966,1,0,12143.513472222206,249307387.0,10534413.0,0.508027777777786,0,9267756.0,3891461.0,21909605.0,1
2187,2020-01-11 20:01:00,49.599999999999966,1,0,12577.024472222209,256390490.0,10701775.0,0.548305555555546,0,9600576.0,4025234.0,22120270.0,1
2187,2020-01-11 20:02:00,49.39999999999998,1,0,12624.491861111088,256845361.0,10715646.0,0.548722222222226,0,9627060.0,4038023.0,22144060.0,1
2187,2020-01-11 20:03:00,48.19999999999999,1,0,12669.337138888866,257955263.0,10776993.0,0.548722222222226,0,9666864.0,4064216.0,22165328.0,1
2187,2020-01-11 20:04:00,48.0,1,0,12669.337138888866,258028401.0,10789525.0,0.548722222222226,0,9672156.0,4065420.0,22171178.0,1
2187,2020-01-11 20:05:00,44.39999999999998,1,0,12884.094499999968,261353255.0,10983394.0,0.5659444444444484,0,9813528.0,4131785.0,22307444.0,1
2187,2020-01-11 20:06:00,42.19999999999999,1,0,13154.657222222208,264742251.0,11066893.0,0.57741666666667,0,9967740.0,4175844.0,22414707.0,1
2187,2020-01-11 20:07:00,37.19999999999999,1,0,13508.160722222208,269237223.0,11223413.0,0.6120277777777822,0,10137012.0,4249541.0,22656832.0,1
2187,2020-01-11 20:08:00,36.599999999999966,1,0,13557.094611111088,270358694.0,11267912.0,0.6120277777777822,0,10172244.0,4270685.0,22681506.0,1
2187,2020-01-11 20:09:00,34.39999999999998,1,0,13608.679305555532,271404258.0,11409014.0,0.6216111111111156,0,10208424.0,4298922.0,22764641.0,1
2187,2020-01-11 20:10:00,26.0,1,0,13785.279916666648,275406399.0,11704088.0,0.6287777777777822,0,10424004.0,4348027.0,23040228.0,1
2187,2020-01-11 20:11:00,19.799999999999955,1,0,13916.754222222207,279239657.0,12043245.0,0.6287777777777822,0,10581960.0,4443807.0,23445035.0,1
2187,2020-01-11 20:12:00,19.0,1,0,13979.764749999968,279677783.0,12082531.0,0.6287777777777822,0,10607736.0,4457016.0,23516080.0,1
2187,2020-01-11 20:13:00,13.0,1,0,14406.018277777748,285587947.0,12526455.0,0.6327777777777822,0,10923144.0,4566892.0,24097284.0,1
2187,2020-01-11 20:14:00,12.199999999999989,1,0,14417.391611111088,285695535.0,12564584.0,0.6327777777777822,0,10928208.0,4571045.0,24114314.0,1
2187,2020-01-11 20:15:00,10.199999999999989,1,0,14509.892555555529,288728201.0,12813820.0,0.6339166666666702,0,11067984.0,4623245.0,24313630.0,1
2187,2020-01-11 20:16:00,3.7999999999999545,1,0,14830.846749999968,292768250.0,13088367.0,0.6357500000000041,0,11243184.0,4712550.0,24650916.0,1
2205,2020-01-11 20:50:00,281.4,1,0,163.01991666666646,275327.0,717067.0,0.0,0,198300.0,73100.0,301860.0,0
2205,2020-01-11 20:51:00,281.2,1,0,172.50555555555644,289887.0,719277.0,0.0,0,205584.0,74240.0,308386.0,0
2205,2020-01-11 20:52:00,277.6,1,0,276.2731111111044,466428.0,1319799.0,0.0,0,349656.0,145645.0,578253.0,0
2205,2020-01-11 20:53:00,276.4,1,0,301.80930555556444,495574.0,1498159.0,0.0029722222222222,0,385645.0,160238.0,656058.0,0
2205,2020-01-11 20:54:00,276.2,1,0,312.0872500000044,522354.0,1631513.0,0.0029722222222222,0,400537.0,165843.0,690963.0,0
2205,2020-01-11 20:55:00,274.8,1,0,369.3307500000044,558000.0,1849484.0,0.0029722222222222,0,462205.0,181131.0,737751.0,0
2205,2020-01-11 20:56:00,273.4,1,0,387.6236388888845,643332.0,2207725.0,0.0029722222222222,0,489205.0,195255.0,850852.0,0
2205,2020-01-11 20:57:00,272.0,1,0,432.3183055555644,718616.0,2450981.0,0.0029722222222222,0,550813.0,212711.0,928618.0,0
2205,2020-01-11 20:58:00,270.6,1,0,490.9645000000044,814712.0,2663700.0,0.0029722222222222,0,598837.0,246583.0,991278.0,0
2205,2020-01-11 20:59:00,269.2,1,0,520.8517500000045,912836.0,2798978.0,0.0029722222222222,0,665461.0,263404.0,1078001.0,0
2205,2020-01-11 21:00:00,267.8,1,0,592.4299722222244,1076701.0,3014362.0,0.0029722222222222,0,743353.0,295852.0,1188605.0,0
2205,2020-01-11 21:01:00,267.4,1,0,600.1315555555644,1146706.0,3177954.0,0.0029722222222222,0,750373.0,311952.0,1252058.0,0
2205,2020-01-11 21:02:00,266.8,1,0,607.4052777777845,1163255.0,3342482.0,0.0029722222222222,0,763165.0,319304.0,1278175.0,0
2205,2020-01-11 21:03:00,265.2,1,0,657.2176944444444,1270050.0,3582592.0,0.0029722222222222,0,822553.0,354256.0,1381512.0,0
2205,2020-01-11 21:04:00,264.0,1,0,709.0233333333244,1358151.0,3677310.0,0.0029722222222222,0,879193.0,386176.0,1453194.0,0
2205,2020-01-11 21:05:00,262.0,1,0,830.2928611111043,1489971.0,3995511.0,0.0029722222222222,0,986245.0,442664.0,1623715.0,0
2205,2020-01-11 21:06:00,261.2,1,0,867.3224166666644,1512773.0,4051762.0,0.0029722222222222,0,1010125.0,457542.0,1685374.0,0
2205,2020-01-11 21:07:00,259.8,1,0,896.6199722222244,1570987.0,4267952.0,0.0029722222222222,0,1055905.0,480667.0,1774580.0,0
2205,2020-01-11 21:08:00,258.4,1,0,957.5202500000044,1642188.0,4390607.0,0.0029722222222222,0,1126789.0,511398.0,1838072.0,0
2205,2020-01-11 21:09:00,257.2,1,0,1033.8793611111046,1720852.0,4537182.0,0.0029722222222222,0,1195609.0,547243.0,1886081.0,0
2205,2020-01-11 21:10:00,255.4,1,0,1114.5771388888843,1837618.0,4722329.0,0.0029722222222222,0,1261490.0,583057.0,2042966.0,0
2205,2020-01-11 21:11:00,254.0,1,0,1183.6688333333243,1914201.0,4951129.0,0.0029722222222222,0,1319306.0,610973.0,2157548.0,0
2205,2020-01-11 21:12:00,252.8,1,0,1213.1175833333243,1985454.0,5033926.0,0.0029722222222222,0,1342982.0,646605.0,2220416.0,0
2205,2020-01-11 21:13:00,251.4,1,0,1251.5879444444445,2085424.0,5230629.0,0.0029722222222222,0,1399730.0,673974.0,2258636.0,0
2205,2020-01-11 21:14:00,249.8,1,0,1319.2548611111044,2158198.0,5423445.0,0.0029722222222222,0,1473626.0,716242.0,2323259.0,0
2205,2020-01-11 21:15:00,248.4,1,0,1379.6956111111044,2228814.0,5566952.0,0.0029722222222222,0,1526594.0,742438.0,2520612.0,0
2205,2020-01-11 21:16:00,247.0,1,0,1426.0324444444443,2278578.0,5690401.0,0.0029722222222222,0,1584398.0,773088.0,2622519.0,0
2205,2020-01-11 21:17:00,245.6,1,0,1468.9865000000043,2405757.0,5850145.0,0.0029722222222222,0,1612262.0,818621.0,2714065.0,0
2205,2020-01-11 21:18:00,244.2,1,0,1510.0174166666643,2491454.0,5917251.0,0.0029722222222222,0,1671698.0,847270.0,2767625.0,0
2205,2020-01-11 21:19:00,242.8,1,0,1557.6583888888845,2576956.0,6011956.0,0.0029722222222222,0,1704254.0,893975.0,2809836.0,0
2205,2020-01-11 21:20:00,241.4,1,0,1604.5038888888846,2623978.0,6103034.0,0.0029722222222222,0,1760522.0,925555.0,2916917.0,0
2205,2020-01-11 21:21:00,240.0,1,0,1653.4402222222243,2667931.0,6190875.0,0.0063055555555556,0,1835642.0,948723.0,3003679.0,0
2205,2020-01-11 21:22:00,239.0,1,0,1690.8416111111046,2717475.0,6279301.0,0.0063055555555556,0,1889498.0,976095.0,3050856.0,0
2205,2020-01-11 21:23:00,237.2,1,0,1755.0586388888846,2809139.0,6406116.0,0.0065,0,1966851.0,1027860.0,3178152.0,0
2205,2020-01-11 21:24:00,237.0,1,0,1777.4675555555646,2815483.0,6419428.0,0.0065,0,2008107.0,1032880.0,3214396.0,0
2205,2020-01-11 21:25:00,235.6,1,0,1826.9948611111045,2932860.0,6500483.0,0.0065,0,2045295.0,1074305.0,3319956.0,0
2205,2020-01-11 21:26:00,234.6,1,0,1871.1745277777848,2990424.0,6557008.0,0.0065,0,2099511.0,1096170.0,3351949.0,0
2205,2020-01-11 21:27:00,234.4,1,0,1875.4465277777845,2999758.0,6557008.0,0.0065,0,2100423.0,1101814.0,3351950.0,0
2205,2020-01-11 21:28:00,233.0,1,0,1951.7430555555648,3046013.0,6631537.0,0.0065,0,2157411.0,1134962.0,3415156.0,0
2205,2020-01-11 21:29:00,231.6,1,0,2009.5702777778445,3132671.0,6757988.0,0.0065,0,2217423.0,1166465.0,3522380.0,0
2205,2020-01-11 21:30:00,230.2,1,0,2093.0161111110447,3220733.0,6907384.0,0.0065,0,2325495.0,1198806.0,3610286.0,0
2205,2020-01-11 21:31:00,229.0,1,0,2134.3679722222446,3308912.0,7006145.0,0.0065,0,2370591.0,1239223.0,3652835.0,0
2205,2020-01-11 21:32:00,227.6,1,0,2157.676305555645,3403943.0,7171726.0,0.0065,0,2428732.0,1267264.0,3764856.0,0
2205,2020-01-11 21:33:00,226.0,1,0,2216.2843888888447,3507982.0,7342650.0,0.0065,0,2480272.0,1307436.0,3874758.0,0
2205,2020-01-11 21:34:00,224.8,1,0,2267.566472222245,3551194.0,7476135.0,0.0065,0,2552980.0,1339721.0,3938939.0,0
2205,2020-01-11 21:35:00,223.4,1,0,2349.744611111045,3617806.0,7646487.0,0.0125833333333334,0,2669320.0,1365157.0,4041093.0,0
2205,2020-01-11 21:36:00,222.0,1,0,2397.013944444445,3703736.0,7782806.0,0.0125833333333334,0,2740816.0,1398150.0,4218309.0,0
2205,2020-01-11 21:37:00,219.0,1,0,2492.7096944444447,3922877.0,8043781.0,0.0125833333333334,0,2837248.0,1475694.0,4383734.0,0
2205,2020-01-11 21:38:00,217.6,1,0,2562.6113333332446,3963879.0,8236805.0,0.0125833333333334,0,2883904.0,1518784.0,4522731.0,0
2205,2020-01-11 21:39:00,216.0,1,0,2590.031916666645,4003815.0,8451864.0,0.0125833333333334,0,2948969.0,1544437.0,4615616.0,0
2205,2020-01-11 21:40:00,214.8,1,0,2639.2986944444447,4096440.0,8730220.0,0.0125833333333334,0,3001985.0,1591901.0,4772058.0,0
2205,2020-01-11 21:41:00,214.2,1,0,2653.5933333332446,4133166.0,8863561.0,0.0125833333333334,0,3029597.0,1607417.0,4891567.0,0
2205,2020-01-11 21:42:00,213.4,1,0,2672.9039722222446,4151848.0,8954418.0,0.0125833333333334,0,3043613.0,1617658.0,4931529.0,0
2205,2020-01-11 21:43:00,212.4,1,0,2704.364472222245,4199780.0,9133012.0,0.0125833333333334,0,3096893.0,1640830.0,5023621.0,0
2205,2020-01-11 21:44:00,212.2,1,0,2707.934861111045,4248634.0,9183946.0,0.0125833333333334,0,3102797.0,1644623.0,5062998.0,0
2205,2020-01-11 21:45:00,210.6,1,0,2754.6927500000447,4355520.0,9493060.0,0.0125833333333334,0,3157889.0,1678517.0,5136318.0,0
2205,2020-01-11 21:46:00,209.2,1,0,2825.194111111045,4471519.0,9628313.0,0.0125833333333334,0,3229782.0,1707066.0,5280540.0,0
2205,2020-01-11 21:47:00,206.0,1,0,2898.640138888845,4551573.0,9878199.0,0.0125833333333334,0,3324150.0,1754527.0,5372216.0,0
2205,2020-01-11 21:48:00,203.6,1,0,2984.746444444445,4670809.0,10157803.0,0.0125833333333334,0,3344695.0,1786357.0,5498433.0,0
2205,2020-01-11 21:49:00,202.2,1,0,3013.552861111045,4776668.0,10397445.0,0.0125833333333334,0,3386912.0,1816229.0,5631514.0,0
2205,2020-01-11 21:50:00,200.8,1,0,3067.3653055556447,4932668.0,10544020.0,0.0125833333333334,0,3446276.0,1856643.0,5859638.0,0
2205,2020-01-11 21:51:00,199.4,1,0,3107.736111111045,4974190.0,10668183.0,0.0125833333333334,0,3506481.0,1882027.0,5939289.0,0
2205,2020-01-11 21:52:00,198.0,1,0,3159.8956111110447,5120648.0,11018312.0,0.0125833333333334,0,3543753.0,1915867.0,6145651.0,0
2205,2020-01-11 21:53:00,196.8,1,0,3209.334888888845,5200364.0,11228379.0,0.0125833333333334,0,3593890.0,1944532.0,6227135.0,0
2205,2020-01-11 21:54:00,195.4,1,0,3284.151277777845,5318703.0,11426759.0,0.0125833333333334,0,3682906.0,1983084.0,6383473.0,0
2205,2020-01-11 21:55:00,193.8,1,0,3331.9291111110447,5428800.0,11665244.0,0.0125833333333334,0,3745811.0,2021284.0,6511861.0,0
2205,2020-01-11 21:56:00,192.4,1,0,3361.844861111045,5617470.0,12060912.0,0.0125833333333334,0,3798719.0,2048416.0,6819129.0,0
2205,2020-01-11 21:57:00,192.0,1,0,3396.801972222245,5683861.0,12155110.0,0.0125833333333334,0,3835439.0,2062453.0,6862146.0,0
2205,2020-01-11 21:58:00,189.6,1,0,3454.982166666645,5899297.0,12567184.0,0.01575,0,3913307.0,2101598.0,7209441.0,0
2205,2020-01-11 21:59:00,188.8,1,0,3478.559250000045,5969758.0,12815445.0,0.01575,0,3933527.0,2119714.0,7332941.0,0
2205,2020-01-11 22:00:00,188.2,1,0,3494.553138888845,6006873.0,12869174.0,0.01575,0,3939659.0,2128404.0,7361762.0,0
2205,2020-01-11 22:01:00,187.0,1,0,3539.386555555645,6092023.0,12908408.0,0.01575,0,3992387.0,2156308.0,7442453.0,0
2205,2020-01-11 22:02:00,186.8,1,0,3547.0123055556446,6102294.0,12928376.0,0.01575,0,3997391.0,2160425.0,7446574.0,0
2205,2020-01-11 22:03:00,185.6,1,0,3591.8710833332448,6234101.0,13037745.0,0.01575,0,4038491.0,2201229.0,7523911.0,0
2205,2020-01-11 22:04:00,184.8,1,0,3617.7470555556447,6304275.0,13113561.0,0.01575,0,4064027.0,2226898.0,7591849.0,0
2205,2020-01-11 22:05:00,184.0,1,0,3638.6147777778447,6322684.0,13138196.0,0.01575,0,4105343.0,2236516.0,7626715.0,0
2205,2020-01-11 22:06:00,182.8,1,0,3694.404194444445,6436876.0,13219355.0,0.01575,0,4162811.0,2268505.0,7706626.0,0
2205,2020-01-11 22:07:00,180.0,1,0,3779.195194444445,6653937.0,13586930.0,0.01575,0,4233984.0,2345389.0,7957565.0,0
2205,2020-01-11 22:08:00,173.6,1,0,3991.989722222245,7009994.0,14252674.0,0.01575,0,4460544.0,2484310.0,8512444.0,0
2205,2020-01-11 22:09:00,171.6,1,0,4069.7946944444448,7115385.0,14379398.0,0.01575,0,4586340.0,2530771.0,8651687.0,0
2205,2020-01-11 22:10:00,170.2,1,0,4115.512888888845,7192722.0,14473817.0,0.01575,0,4618980.0,2565119.0,8767517.0,0
2205,2020-01-11 22:11:00,168.79999999999998,1,0,4165.322611111044,7298646.0,14591169.0,0.01575,0,4675608.0,2609208.0,8868202.0,0
2205,2020-01-11 22:12:00,167.39999999999998,1,0,4189.596305555645,7398109.0,14661200.0,0.01575,0,4702008.0,2635497.0,8898154.0,0
2205,2020-01-11 22:13:00,166.0,1,0,4253.962277777845,7563898.0,14759662.0,0.01575,0,4773936.0,2674134.0,9034589.0,0
2205,2020-01-11 22:14:00,164.6,1,0,4288.997750000045,7708004.0,14876987.0,0.01575,0,4837128.0,2700778.0,9113005.0,0
2205,2020-01-11 22:15:00,164.39999999999998,1,0,4312.111888888845,7743988.0,14897527.0,0.01575,0,4862964.0,2707070.0,9122183.0,0
2205,2020-01-11 22:16:00,163.2,1,0,4364.940861111045,7800590.0,14968468.0,0.01575,0,4923720.0,2726506.0,9176445.0,0
2205,2020-01-11 22:17:00,161.79999999999998,1,0,4410.072416666645,7916459.0,15088030.0,0.01575,0,4948920.0,2763786.0,9263766.0,0
2205,2020-01-11 22:18:00,160.79999999999998,1,0,4452.187277777845,8041207.0,15160506.0,0.01575,0,4998661.0,2810362.0,9304599.0,0
2205,2020-01-11 22:19:00,160.39999999999998,1,0,4460.321444444446,8053856.0,15182866.0,0.01575,0,5005105.0,2814798.0,9327986.0,0
2205,2020-01-11 22:20:00,159.0,1,0,4490.409000000045,8094650.0,15258552.0,0.01575,0,5073013.0,2842334.0,9402021.0,0
2205,2020-01-11 22:21:00,153.0,1,0,4665.5948055556455,8502473.0,15665907.0,0.025083333333334,0,5307469.0,2992843.0,9745806.0,0
2205,2020-01-11 22:22:00,147.0,1,0,4932.838527777845,8863093.0,16120244.0,0.038111111111112,0,5588690.0,3122919.0,10192096.0,0
2205,2020-01-11 22:23:00,145.79999999999998,1,0,4963.191666666645,8894202.0,16347459.0,0.038111111111112,0,5635082.0,3137767.0,10315284.0,0
2205,2020-01-11 22:24:00,143.2,1,0,5059.969638888845,9063436.0,16644379.0,0.038111111111112,0,5701167.0,3207173.0,10473624.0,0
2205,2020-01-11 22:25:00,142.6,1,0,5075.050111111045,9083638.0,16680519.0,0.038111111111112,0,5718243.0,3222641.0,10514730.0,0
2205,2020-01-11 22:26:00,136.39999999999998,1,0,5283.140055555646,9577755.0,17543511.0,0.038111111111112,0,5908492.0,3381569.0,10907681.0,0
2205,2020-01-11 22:27:00,134.0,1,0,5341.563472222245,9633967.0,17650709.0,0.038111111111112,0,5970724.0,3415334.0,10984212.0,0
2205,2020-01-11 22:28:00,127.2,1,0,5532.984750000045,10003128.0,18593157.0,0.038111111111112,0,6163828.0,3542290.0,11484517.0,0
2205,2020-01-11 22:29:00,124.6,1,0,5701.918194444445,10168020.0,18892053.0,0.038111111111112,0,6323393.0,3597208.0,11680401.0,0
2205,2020-01-11 22:30:00,118.6,1,0,5907.795111111045,10619758.0,20311718.0,0.038111111111112,0,6563573.0,3723186.0,12157358.0,0
2205,2020-01-11 22:31:00,112.6,1,0,6100.608444444445,10987892.0,21566816.0,0.038111111111112,0,6839045.0,3821798.0,12867574.0,0
2205,2020-01-11 22:32:00,106.39999999999998,1,0,6279.975666666645,11326192.0,22199045.0,0.056611111111112,0,7130718.0,3903170.0,13278595.0,0
2205,2020-01-11 22:33:00,104.79999999999998,1,0,6380.427027777845,11450485.0,22324755.0,0.056611111111112,0,7220514.0,3937622.0,13446672.0,0
2205,2020-01-11 22:34:00,100.39999999999998,1,0,6556.481361111045,11676165.0,22654552.0,0.108583333333334,0,7484214.0,4005386.0,13627515.0,0
2205,2020-01-11 22:35:00,98.2,1,0,6646.613472222245,11800510.0,22865035.0,0.19788888888889,0,7592226.0,4047618.0,13843757.0,0
2205,2020-01-11 22:36:00,92.0,1,0,6829.583444444445,12348265.0,23471056.0,0.23463888888888,0,7841106.0,4141627.0,14338160.0,0
2205,2020-01-11 22:37:00,91.2,1,0,6851.816805555644,12399004.0,23547601.0,0.23463888888888,0,7864854.0,4160283.0,14434308.0,0
2205,2020-01-11 22:38:00,90.6,1,0,6881.364972222245,12454151.0,23602709.0,0.23463888888888,0,7922970.0,4170351.0,14515558.0,0
2205,2020-01-11 22:39:00,84.6,1,0,7286.059916666645,13138952.0,24293464.0,0.26933333333334,0,8326566.0,4276476.0,15109359.0,0
2205,2020-01-11 22:40:00,80.19999999999999,1,0,7434.885638888846,13447910.0,24553530.0,0.28594444444444,0,8484894.0,4356049.0,15361169.0,0
2205,2020-01-11 22:41:00,73.79999999999998,1,0,7739.547250000046,13874817.0,25611237.0,0.29994444444444,0,8798142.0,4504057.0,16181079.0,0
2205,2020-01-11 22:42:00,70.0,1,0,7963.862861111044,14195800.0,25992358.0,0.29994444444444,0,9034987.0,4592082.0,16455600.0,0
2205,2020-01-11 22:43:00,67.39999999999998,1,0,8053.560194444446,14332781.0,26322103.0,0.29994444444444,0,9146599.0,4634019.0,16632725.0,0
2205,2020-01-11 22:44:00,64.6,1,0,8165.948555555645,14551688.0,26680877.0,0.3245,0,9286195.0,4687331.0,16820783.0,0
2205,2020-01-11 22:45:00,64.39999999999998,1,0,8197.69472222231,14569212.0,26720411.0,0.3245,0,9297967.0,4696912.0,16839971.0,0
2205,2020-01-11 22:46:00,58.19999999999999,1,0,8355.651277777866,14927661.0,27166545.0,0.369027777777778,0,9535483.0,4789684.0,17232935.0,0
2205,2020-01-11 22:47:00,52.0,1,0,8560.567666666764,15352995.0,28212499.0,0.369027777777778,0,9807259.0,4904425.0,17636234.0,0
2205,2020-01-11 22:48:00,43.0,1,0,8954.549861111203,16035534.0,29354965.0,0.379722222222222,0,10192123.0,5158198.0,18266942.0,0
2205,2020-01-11 22:49:00,37.6,1,0,9174.036944444524,16384883.0,30120678.0,0.379722222222222,0,10459891.0,5249190.0,18506727.0,0
2205,2020-01-11 22:50:00,31.599999999999994,1,0,9379.878722222304,16629517.0,30498991.0,0.393527777777778,0,10782487.0,5335122.0,18760058.0,0
2205,2020-01-11 22:51:00,31.0,1,0,9387.118333333425,16659807.0,30543763.0,0.393527777777778,0,10794056.0,5346989.0,18801801.0,0
2205,2020-01-11 22:52:00,27.59999999999997,1,0,9507.08888888898,16874607.0,30858610.0,0.393527777777778,0,10921100.0,5401061.0,19059773.0,0
2205,2020-01-11 22:53:00,21.59999999999997,1,0,9704.071166666765,17122348.0,31285270.0,0.393527777777778,0,11245724.0,5478870.0,19425957.0,0
2205,2020-01-11 22:54:00,16.399999999999977,1,0,9911.276444444544,17488311.0,31774526.0,0.393527777777778,0,11540156.0,5554910.0,19919515.0,0
2205,2020-01-11 22:55:00,15.199999999999989,1,0,9974.382222222324,17739913.0,31895777.0,0.393527777777778,0,11621013.0,5581459.0,20040584.0,0
2205,2020-01-11 22:56:00,15.0,1,0,9974.382222222324,17739913.0,31926484.0,0.393527777777778,0,11621013.0,5581459.0,20059005.0,0
2205,2020-01-11 22:57:00,12.399999999999975,1,0,10055.380250000084,17936083.0,32108874.0,0.393527777777778,0,11746845.0,5639048.0,20258009.0,0
2205,2020-01-11 22:58:00,8.0,1,0,10248.922027777864,18144018.0,32471912.0,0.393527777777778,0,11990170.0,5727785.0,20458717.0,0
2205,2020-01-11 22:59:00,2.0,1,0,10496.129527777864,18498255.0,33029989.0,0.393527777777778,0,12230614.0,5863434.0,20744016.0,0
2213,2020-01-12 00:18:00,354.2,1,1,440.6392222222312,616161.0,1058057.0,0.0099722222222222,0,340392.0,181165.0,641888.0,0
2213,2020-01-12 00:19:00,349.8,1,1,641.2696666666712,809393.0,1318252.0,0.020444444444444,0,485760.0,239255.0,813163.0,0
2213,2020-01-12 00:20:00,349.40000000000003,1,1,641.2696666666712,809393.0,1329471.0,0.020444444444444,0,485760.0,239259.0,813163.0,0
2213,2020-01-12 00:21:00,349.2,1,1,667.2865555555511,931528.0,1402765.0,0.020444444444444,0,502524.0,253733.0,865137.0,0
2213,2020-01-12 00:22:00,347.8,1,1,756.1853611111112,998608.0,1478711.0,0.020444444444444,0,573660.0,281301.0,925327.0,0
2213,2020-01-12 00:23:00,346.40000000000003,1,1,803.9385277777712,1058474.0,1752686.0,0.020444444444444,0,646657.0,299829.0,991263.0,0
2213,2020-01-12 00:24:00,345.0,1,1,908.2215277777711,1154310.0,1868802.0,0.020444444444444,0,699361.0,321849.0,1109576.0,0
2213,2020-01-12 00:25:00,343.6,1,1,1046.7527499999912,1267528.0,1999712.0,0.020444444444444,0,776821.0,346221.0,1188720.0,0
2213,2020-01-12 00:26:00,342.2,1,1,1106.6705555555511,1336740.0,2120183.0,0.020444444444444,0,812797.0,377873.0,1303965.0,0
2213,2020-01-12 00:27:00,340.6,1,1,1221.5922222222312,1488411.0,2387983.0,0.020444444444444,0,884965.0,410105.0,1444535.0,0
2213,2020-01-12 00:28:00,339.6,1,1,1271.3441388888912,1586288.0,2563444.0,0.020444444444444,0,919249.0,429159.0,1516451.0,0
2213,2020-01-12 00:29:00,338.2,1,1,1376.288222222231,1646297.0,2703935.0,0.022416666666666,0,988669.0,445983.0,1790192.0,0
2213,2020-01-12 00:30:00,336.8,1,1,1477.059611111111,1723674.0,2860234.0,0.022416666666666,0,1035290.0,470387.0,1880087.0,0
2213,2020-01-12 00:31:00,335.40000000000003,1,1,1538.875500000011,1808681.0,3006302.0,0.022416666666666,0,1079138.0,496647.0,1962547.0,0
2213,2020-01-12 00:32:00,333.6,1,1,1628.136083333331,1936185.0,3156790.0,0.022527777777778,0,1154211.0,513591.0,2150449.0,0
2213,2020-01-12 00:33:00,332.6,1,1,1659.868611111111,1969010.0,3214757.0,0.022527777777778,0,1179207.0,526884.0,2176865.0,0
2213,2020-01-12 00:34:00,331.0,1,1,1745.3390277777712,2004344.0,3352024.0,0.022527777777778,0,1275351.0,543381.0,2264810.0,0
2213,2020-01-12 00:35:00,328.2,1,1,1896.3577222222311,2087167.0,3574377.0,0.022527777777778,0,1437519.0,574521.0,2429455.0,0
2213,2020-01-12 00:36:00,326.8,1,1,1938.2285833333312,2151712.0,3694303.0,0.022527777777778,0,1501455.0,597270.0,2539786.0,0
2213,2020-01-12 00:37:00,325.6,1,1,2032.8025555555112,2238682.0,3755560.0,0.022527777777778,0,1577583.0,614290.0,2568621.0,0
2213,2020-01-12 00:38:00,324.2,1,1,2133.943222222312,2282635.0,3827632.0,0.022527777777778,0,1643607.0,630799.0,2593139.0,0
2213,2020-01-12 00:39:00,322.6,1,1,2211.807694444511,2361715.0,3908700.0,0.022527777777778,0,1739979.0,652620.0,2701715.0,0
2213,2020-01-12 00:40:00,321.2,1,1,2319.141749999911,2418226.0,3959530.0,0.022527777777778,0,1806735.0,674749.0,2747319.0,0
2213,2020-01-12 00:41:00,319.8,1,1,2435.172111111111,2575903.0,4028313.0,0.023694444444444,0,1897276.0,696334.0,2788022.0,0
2213,2020-01-12 00:42:00,318.40000000000003,1,1,2507.367916666711,2624068.0,4100866.0,0.023694444444444,0,1980268.0,710618.0,2833990.0,0
2213,2020-01-12 00:43:00,317.2,1,1,2641.316972222311,2675145.0,4164852.0,0.027361111111112,0,2047804.0,736643.0,2912926.0,0
2213,2020-01-12 00:44:00,315.8,1,1,2719.357972222311,2733217.0,4282957.0,0.027361111111112,0,2127364.0,761927.0,3036011.0,0
2213,2020-01-12 00:45:00,315.0,1,1,2783.706944444511,2794395.0,4315509.0,0.027361111111112,0,2219176.0,772379.0,3100712.0,0
2213,2020-01-12 00:46:00,314.2,1,1,2794.095722222311,2800518.0,4328132.0,0.027361111111112,0,2226880.0,773423.0,3106927.0,0
2213,2020-01-12 00:47:00,313.6,1,1,2802.4647499999114,2803352.0,4350492.0,0.027361111111112,0,2227876.0,775827.0,3110425.0,0
2213,2020-01-12 00:48:00,312.8,1,1,2830.073361111112,2820382.0,4372475.0,0.027361111111112,0,2240212.0,780999.0,3112466.0,0
2213,2020-01-12 00:49:00,311.6,1,1,3009.921777777711,2849151.0,4419288.0,0.027361111111112,0,2328352.0,826303.0,3132343.0,0
2213,2020-01-12 00:50:00,310.0,1,1,3173.5951111111112,2884732.0,4484977.0,0.033388888888888,0,2498296.0,857109.0,3148931.0,0
2213,2020-01-12 00:51:00,308.6,1,1,3311.5183055555112,2950655.0,4529970.0,0.050333333333334,0,2643988.0,882837.0,3214477.0,0
2213,2020-01-12 00:52:00,307.2,1,1,3473.588583333312,2962355.0,4587443.0,0.051555555555556,0,2745700.0,914362.0,3234198.0,0
2213,2020-01-12 00:53:00,306.40000000000003,1,1,3573.511277777712,2976824.0,4611585.0,0.051555555555556,0,2781580.0,930464.0,3250877.0,0
2213,2020-01-12 00:54:00,306.0,1,1,3585.409499999911,2979385.0,4632489.0,0.051555555555556,0,2787485.0,932696.0,3253763.0,0
2213,2020-01-12 00:55:00,304.40000000000003,1,1,3720.796694444512,3013822.0,4697567.0,0.055083333333334,0,2913569.0,954888.0,3371062.0,0
2213,2020-01-12 00:56:00,303.0,1,1,3854.104194444511,3080811.0,4758498.0,0.067333333333334,0,3088745.0,978812.0,3397218.0,0
2213,2020-01-12 00:57:00,301.6,1,1,3969.137777777712,3133344.0,4800189.0,0.067333333333334,0,3210870.0,998040.0,3422308.0,0
2213,2020-01-12 00:58:00,300.2,1,1,4126.744222222311,3161515.0,4841529.0,0.067333333333334,0,3360690.0,1022094.0,3478286.0,0
2213,2020-01-12 00:59:00,298.4,1,1,4345.726999999912,3255297.0,4892502.0,0.067333333333334,0,3556326.0,1068150.0,3540153.0,0
2213,2020-01-12 01:00:00,297.4,1,1,4418.544249999911,3289748.0,4915486.0,0.067333333333334,0,3585439.0,1084294.0,3547862.0,0
2213,2020-01-12 01:01:00,296.0,1,1,4568.000999999911,3336405.0,4978978.0,0.067333333333334,0,3651559.0,1113226.0,3559420.0,0
2213,2020-01-12 01:02:00,293.20000000000005,1,1,4841.980361111111,3403030.0,5099072.0,0.072305555555556,0,3979807.0,1159267.0,3662549.0,0
2213,2020-01-12 01:03:00,291.8,1,1,4985.365472222311,3474648.0,5226069.0,0.074944444444444,0,4166468.0,1181011.0,3706138.0,0
2213,2020-01-12 01:04:00,290.4,1,1,5045.955249999911,3526154.0,5254175.0,0.074944444444444,0,4234580.0,1190468.0,3748440.0,0
2213,2020-01-12 01:05:00,289.20000000000005,1,1,5140.793222222311,3572864.0,5310998.0,0.079055555555556,0,4399232.0,1205248.0,3795058.0,0
2213,2020-01-12 01:06:00,287.6,1,1,5263.10105555551,3675759.0,5390572.0,0.0835,0,4540268.0,1227989.0,3874098.0,0
2213,2020-01-12 01:07:00,286.20000000000005,1,1,5385.211388888912,3782515.0,5511121.0,0.086,0,4709204.0,1250578.0,3930388.0,0
2213,2020-01-12 01:08:00,284.8,1,1,5496.99088888891,3861438.0,5629733.0,0.09925,0,4832444.0,1272035.0,3989642.0,0
2213,2020-01-12 01:09:00,283.4,1,1,5594.233888888911,3932639.0,5705367.0,0.09925,0,4954748.0,1297972.0,4048675.0,0
2213,2020-01-12 01:10:00,282.0,1,1,5644.24911111111,3992985.0,5756029.0,0.09925,0,5016884.0,1313549.0,4144577.0,0
2213,2020-01-12 01:11:00,277.8,1,1,5791.380111111112,4101548.0,5865346.0,0.099833333333334,0,5109512.0,1346090.0,4239620.0,0
2213,2020-01-12 01:12:00,276.6,1,1,5870.423944444512,4168316.0,6035165.0,0.099833333333334,0,5160656.0,1365198.0,4360039.0,0
2213,2020-01-12 01:13:00,275.0,1,1,5969.585638888912,4250385.0,6104000.0,0.110361111111112,0,5259176.0,1386411.0,4416459.0,0
2213,2020-01-12 01:14:00,273.8,1,1,6051.340527777711,4356790.0,6175747.0,0.110361111111112,0,5311232.0,1406867.0,4512048.0,0
2213,2020-01-12 01:15:00,272.20000000000005,1,1,6121.519527777712,4408036.0,6403247.0,0.120833333333334,0,5407088.0,1430905.0,4607871.0,0
2213,2020-01-12 01:16:00,270.8,1,1,6190.24777777771,4454940.0,6525564.0,0.120833333333334,0,5491472.0,1444725.0,4698819.0,0
2213,2020-01-12 01:17:00,269.6,1,1,6264.95913888891,4518199.0,6595192.0,0.124527777777778,0,5579924.0,1461654.0,4815221.0,0
2213,2020-01-12 01:18:00,268.0,1,1,6360.313416666712,4597460.0,6664782.0,0.124527777777778,0,5653688.0,1487046.0,4885018.0,0
2213,2020-01-12 01:19:00,266.6,1,1,6469.316972222311,4637656.0,6781132.0,0.131277777777778,0,5774852.0,1507364.0,4952033.0,0
2213,2020-01-12 01:20:00,266.4,1,1,6479.69033333331,4645534.0,6822252.0,0.131277777777778,0,5776484.0,1512385.0,4965696.0,0
2213,2020-01-12 01:21:00,265.20000000000005,1,1,6517.109055555511,4683767.0,6904607.0,0.131277777777778,0,5799477.0,1520769.0,5015538.0,0
2213,2020-01-12 01:22:00,263.8,1,1,6640.889611111111,4741851.0,7004720.0,0.131277777777778,0,5863965.0,1549565.0,5153702.0,0
2213,2020-01-12 01:23:00,262.4,1,1,6737.411249999911,4839078.0,7072996.0,0.131277777777778,0,5930277.0,1577350.0,5249864.0,0
2213,2020-01-12 01:24:00,261.0,1,1,6843.444444444512,4899281.0,7135929.0,0.131277777777778,0,5993901.0,1593307.0,5304464.0,0
2213,2020-01-12 01:25:00,259.6,1,1,6934.06847222231,4955818.0,7276095.0,0.131277777777778,0,6082737.0,1621265.0,5407385.0,0
2213,2020-01-12 01:26:00,258.4,1,1,7030.257499999912,5009171.0,7348388.0,0.131277777777778,0,6174105.0,1640207.0,5463714.0,0
2213,2020-01-12 01:27:00,256.8,1,1,7113.765222222312,5047847.0,7416300.0,0.131277777777778,0,6239265.0,1652808.0,5498463.0,0
2213,2020-01-12 01:28:00,255.6,1,1,7161.37888888891,5092554.0,7505156.0,0.131277777777778,0,6321945.0,1671578.0,5533667.0,0
2213,2020-01-12 01:29:00,252.8,1,1,7351.266111111112,5210451.0,7638342.0,0.133,0,6495561.0,1713190.0,5609197.0,0
2213,2020-01-12 01:30:00,249.2,1,1,7529.248916666712,5396819.0,7792418.0,0.13563888888889,0,6670533.0,1778924.0,5875580.0,0
2213,2020-01-12 01:31:00,244.4,1,1,7809.41277777783,5735768.0,8046581.0,0.162861111111112,0,6946786.0,1831374.0,6167496.0,0
2213,2020-01-12 01:32:00,241.6,1,1,8016.23638888893,5896617.0,8117990.0,0.167583333333334,0,7128550.0,1867483.0,6235057.0,0
2213,2020-01-12 01:33:00,240.2,1,1,8106.07888888893,5938945.0,8165999.0,0.167583333333334,0,7191178.0,1887487.0,6288825.0,0
2213,2020-01-12 01:34:00,238.8,1,1,8186.99630555559,5982742.0,8266892.0,0.167583333333334,0,7285198.0,1897140.0,6410219.0,0
2213,2020-01-12 01:35:00,237.4,1,1,8273.15441666671,6185880.0,8299457.0,0.167583333333334,0,7384870.0,1917380.0,6443942.0,0
2213,2020-01-12 01:36:00,233.2,1,1,8476.71194444449,6249892.0,8432551.0,0.167583333333334,0,7563826.0,1950805.0,6499439.0,0
2213,2020-01-12 01:37:00,231.8,1,1,8539.96422222227,6292051.0,8466897.0,0.167583333333334,0,7616530.0,1973918.0,6536451.0,0
2213,2020-01-12 01:38:00,225.8,1,1,9077.29163888893,7039629.0,8949548.0,0.167972222222224,0,7883578.0,2145288.0,6818278.0,0
2213,2020-01-12 01:39:00,219.8,1,1,9444.31622222227,7316997.0,9211940.0,0.177333333333334,0,8242079.0,2241820.0,7168979.0,0
2213,2020-01-12 01:40:00,214.8,1,1,9735.346000000109,7573149.0,9736295.0,0.193027777777778,0,8515019.0,2318233.0,7715330.0,0
2213,2020-01-12 01:41:00,211.2,1,1,9954.493416666708,7756437.0,10213760.0,0.19663888888889,0,8705927.0,2392503.0,8299199.0,0
2213,2020-01-12 01:42:00,205.2,1,1,10145.346333333307,7864415.0,10508627.0,0.202833333333334,0,8848055.0,2426775.0,8620676.0,0
2213,2020-01-12 01:43:00,199.6,1,1,10465.518388888908,8101496.0,10921300.0,0.212916666666668,0,9158759.0,2502432.0,9122281.0,0
2213,2020-01-12 01:44:00,195.0,1,1,10813.910944444508,8307390.0,11350014.0,0.214250000000002,0,9402407.0,2574281.0,9564229.0,0
2213,2020-01-12 01:45:00,189.6,1,1,11097.930444444508,8559902.0,11856195.0,0.221972222222224,0,9662315.0,2637201.0,9842611.0,0
2213,2020-01-12 01:46:00,189.4,1,1,11101.465305555508,8570380.0,11860641.0,0.221972222222224,0,9664391.0,2637953.0,9848747.0,0
2213,2020-01-12 01:47:00,182.8,1,1,11338.631194444508,8670623.0,12114206.0,0.224833333333334,0,9783611.0,2671637.0,9973288.0,0
2213,2020-01-12 01:48:00,181.4,1,1,11415.256888888907,8719542.0,12155624.0,0.224833333333334,0,9839543.0,2683367.0,10006685.0,0
2213,2020-01-12 01:49:00,175.4,1,1,11769.957027777906,8940867.0,12446317.0,0.230444444444446,0,10090703.0,2745975.0,10178974.0,0
2213,2020-01-12 01:50:00,169.0,1,1,12286.838361111106,9209954.0,12689768.0,0.235833333333334,0,10430135.0,2837767.0,10370724.0,0
2213,2020-01-12 01:51:00,167.8,1,1,12396.633666666708,9452560.0,12742041.0,0.235833333333334,0,10527480.0,2866828.0,10436153.0,0
2213,2020-01-12 01:52:00,161.60000000000002,1,1,12908.850277777909,9619740.0,12924301.0,0.236666666666668,0,10910448.0,2944393.0,10615761.0,0
2213,2020-01-12 01:53:00,155.60000000000002,1,1,13433.799916666709,9838114.0,13095459.0,0.238722222222224,0,11378292.0,3037827.0,10777364.0,0
2213,2020-01-12 01:54:00,149.20000000000002,1,1,13901.825027777908,10054278.0,13293644.0,0.241194444444446,0,11825508.0,3129288.0,10969478.0,0
2213,2020-01-12 01:55:00,148.8,1,1,13942.866583333309,10087623.0,13317928.0,0.241361111111112,0,11868013.0,3141584.0,11005072.0,0
2213,2020-01-12 01:56:00,142.8,1,1,14332.429777777908,10406708.0,13678432.0,0.241361111111112,0,12222518.0,3229676.0,11226268.0,0
2213,2020-01-12 01:57:00,142.0,1,1,14431.288416666706,10432760.0,13706785.0,0.241694444444446,0,12287834.0,3237894.0,11268999.0,0
2213,2020-01-12 01:58:00,137.60000000000002,1,1,14669.927055555503,10675457.0,13946961.0,0.24288888888889,0,12488798.0,3299207.0,11461672.0,0
2213,2020-01-12 01:59:00,137.0,1,1,14725.597333333306,10712988.0,13973871.0,0.259527777777778,0,12544886.0,3309319.0,11491000.0,0
2213,2020-01-12 02:00:00,130.8,1,1,15026.502166666643,10928607.0,14263381.0,0.2730000000000002,0,12748754.0,3368584.0,11701262.0,0
2213,2020-01-12 02:01:00,124.8,1,1,15292.803444444426,11340655.0,14832846.0,0.2730000000000002,0,12942518.0,3470941.0,11972559.0,0
2213,2020-01-12 02:02:00,118.4,1,1,15644.750527777744,11722933.0,15211809.0,0.282222222222222,0,13296590.0,3558053.0,12190764.0,0
2213,2020-01-12 02:03:00,112.20000000000002,1,1,16062.264138888866,12064404.0,15477426.0,0.293027777777778,0,13593290.0,3668809.0,12510071.0,0
2213,2020-01-12 02:04:00,110.0,1,1,16242.445249999966,12203192.0,15621596.0,0.29525,0,13734926.0,3718501.0,12707334.0,0
2213,2020-01-12 02:05:00,103.0,1,1,16882.684388888905,12476101.0,15988391.0,0.297333333333334,0,14108895.0,3847453.0,12897888.0,0
2213,2020-01-12 02:06:00,97.0,1,1,17311.433222222106,12832834.0,16213434.0,0.314444444444444,0,14431203.0,3932074.0,13062819.0,0
2213,2020-01-12 02:07:00,79.80000000000001,1,1,18072.507999999907,13378743.0,16921856.0,0.332083333333334,0,15190156.0,4081815.0,13496500.0,0
2213,2020-01-12 02:08:00,76.19999999999999,1,1,18358.77824999991,13518155.0,17126568.0,0.37725,0,15535253.0,4130343.0,13665071.0,0
2213,2020-01-12 02:10:00,69.0,1,1,18802.157555555503,13933856.0,17625041.0,0.581055555555558,0,16003097.0,4196772.0,14088598.0,0
2213,2020-01-12 02:11:00,63.0,1,1,19249.196277777708,14222781.0,17974702.0,0.644833333333338,0,16433129.0,4259396.0,14485514.0,0
2213,2020-01-12 02:12:00,57.60000000000002,1,1,19394.628888888903,14378145.0,18162591.0,0.644833333333338,0,16513805.0,4300204.0,15273821.0,0
2213,2020-01-12 02:13:00,51.19999999999999,1,1,19711.480027777703,14836655.0,18551603.0,0.644833333333338,0,16752449.0,4371137.0,15954229.0,0
2213,2020-01-12 02:14:00,47.80000000000001,1,1,20039.605388888907,15332657.0,18909337.0,0.644833333333338,0,16970537.0,4430057.0,16836293.0,0
2213,2020-01-12 02:15:00,46.19999999999999,1,1,20190.218472222103,15496912.0,19026494.0,0.644833333333338,0,17079161.0,4451587.0,17031956.0,0
2257,2020-01-12 06:48:00,252.2,1,1,451.3525277777712,670618.0,638053.0,0.0161666666666666,0,257857.0,242708.0,548340.0,1
2257,2020-01-12 06:49:00,250.4,1,1,531.9739722222312,827672.0,755743.0,0.0161666666666666,0,324817.0,288024.0,657384.0,1
2257,2020-01-12 06:50:00,247.8,1,1,630.4639444444512,1008879.0,903683.0,0.0161666666666666,0,399817.0,348144.0,769067.0,1
2257,2020-01-12 06:51:00,246.4,1,1,731.3875555555512,1170235.0,1005851.0,0.0161666666666666,0,472861.0,396261.0,882934.0,1
2257,2020-01-12 06:52:00,245.0,1,1,833.7459999999912,1332696.0,1124177.0,0.030444444444444,0,558157.0,449649.0,1002040.0,1
2257,2020-01-12 06:53:00,243.6,1,1,958.6558611111112,1502879.0,1228788.0,0.030444444444444,0,646765.0,512674.0,1133912.0,1
2257,2020-01-12 06:54:00,242.2,1,1,1051.693833333331,1655707.0,1327718.0,0.030444444444444,0,717541.0,566979.0,1211730.0,1
2257,2020-01-12 06:55:00,240.8,1,1,1144.517472222231,1808587.0,1429365.0,0.030444444444444,0,785677.0,620308.0,1305187.0,1
2257,2020-01-12 06:56:00,239.4,1,1,1265.902499999991,1996450.0,1547743.0,0.030444444444444,0,877261.0,680024.0,1420757.0,1
2257,2020-01-12 06:57:00,237.8,1,1,1373.833638888891,2265330.0,1679108.0,0.030444444444444,0,963553.0,735141.0,1565161.0,1
2257,2020-01-12 06:58:00,236.8,1,1,1423.3168055555511,2436553.0,1773059.0,0.030444444444444,0,1011145.0,765165.0,1653041.0,1
2257,2020-01-12 06:59:00,235.4,1,1,1543.273861111111,2593749.0,1863006.0,0.030444444444444,0,1084681.0,828049.0,1780207.0,1
2257,2020-01-12 07:00:00,234.0,1,1,1643.1550000000111,2735410.0,1937457.0,0.036361111111112,0,1149805.0,875801.0,1897818.0,1
2257,2020-01-12 07:01:00,232.6,1,1,1740.155305555551,2897091.0,2039989.0,0.036361111111112,0,1230193.0,923622.0,1997190.0,1
2257,2020-01-12 07:02:00,231.0,1,1,1795.7092222222311,2993421.0,2101700.0,0.036361111111112,0,1274893.0,962591.0,2059174.0,1
2257,2020-01-12 07:03:00,229.8,1,1,1859.6863611111112,3067664.0,2146732.0,0.036361111111112,0,1322425.0,1001181.0,2114918.0,1
2257,2020-01-12 07:04:00,228.4,1,1,1959.6490277777712,3148732.0,2178946.0,0.036361111111112,0,1379917.0,1052194.0,2201512.0,1
2257,2020-01-12 07:05:00,225.4,1,1,2165.011999999911,3289145.0,2262966.0,0.036361111111112,0,1498357.0,1152255.0,2339156.0,1
2257,2020-01-12 07:06:00,224.0,1,1,2241.696388888911,3336869.0,2290877.0,0.036361111111112,0,1545433.0,1187504.0,2396694.0,1
2257,2020-01-12 07:07:00,222.8,1,1,2328.848666666711,3405795.0,2324378.0,0.036361111111112,0,1609525.0,1231268.0,2480492.0,1
2257,2020-01-12 07:09:00,219.6,1,1,2573.6579722223114,3536510.0,2406006.0,0.036361111111112,0,1771225.0,1338608.0,2652691.0,1
2257,2020-01-12 07:10:00,217.2,1,1,2709.401722222311,3622141.0,2456862.0,0.039277777777778,0,1866098.0,1411288.0,2735475.0,1
2257,2020-01-12 07:11:00,215.6,1,1,2821.865555555511,3680290.0,2487373.0,0.039277777777778,0,1928798.0,1458484.0,2808067.0,1
2257,2020-01-12 07:12:00,214.4,1,1,2887.742166666711,3713544.0,2516012.0,0.039277777777778,0,1965158.0,1488537.0,2856636.0,1
2257,2020-01-12 07:13:00,212.6,1,1,3027.569555555511,3798421.0,2556793.0,0.039277777777778,0,2060534.0,1548589.0,2957906.0,1
2257,2020-01-12 07:14:00,211.4,1,1,3082.213222222177,3830466.0,2590112.0,0.039277777777778,0,2095022.0,1571297.0,2993007.0,1
2257,2020-01-12 07:15:00,210.2,1,1,3173.0328888888453,3902058.0,2620402.0,0.039277777777778,0,2150558.0,1615513.0,3049622.0,1
2257,2020-01-12 07:16:00,207.2,1,1,3291.334527777731,4024557.0,2672675.0,0.0429722222222224,0,2213762.0,1663150.0,3143495.0,1
2257,2020-01-12 07:17:00,205.8,1,1,3354.921749999952,4137150.0,2731748.0,0.07975,0,2284694.0,1689838.0,3203686.0,1
2257,2020-01-12 07:18:00,204.6,1,1,3435.547277777732,4195858.0,2759581.0,0.081861111111112,0,2343806.0,1724826.0,3237512.0,1
2257,2020-01-12 07:19:00,203.2,1,1,3518.665666666632,4249665.0,2785309.0,0.081861111111112,0,2404539.0,1763654.0,3284390.0,1
2257,2020-01-12 07:20:00,201.6,1,1,3627.7607222221714,4308945.0,2820162.0,0.081861111111112,0,2494635.0,1816159.0,3359803.0,1
2257,2020-01-12 07:21:00,200.4,1,1,3691.555999999952,4341484.0,2843952.0,0.09,0,2549164.0,1846497.0,3408541.0,1
2257,2020-01-12 07:22:00,199.0,1,1,3771.840361111072,4394875.0,2872462.0,0.09,0,2608432.0,1885622.0,3475517.0,1
2257,2020-01-12 07:23:00,197.6,1,1,3861.836388888851,4450931.0,2901582.0,0.09,0,2679676.0,1929815.0,3542870.0,1
2257,2020-01-12 07:24:00,194.8,1,1,4015.269194444392,4559793.0,2975669.0,0.09,0,2814844.0,2008879.0,3717356.0,1
2257,2020-01-12 07:25:00,193.4,1,1,4115.269611111072,4661817.0,3033116.0,0.0900833333333338,0,2901016.0,2064551.0,3821642.0,1
2257,2020-01-12 07:26:00,192.0,1,1,4195.403027777732,4718172.0,3065343.0,0.0900833333333338,0,2966356.0,2106164.0,3895730.0,1
2257,2020-01-12 07:27:00,190.6,1,1,4303.217194444392,4804518.0,3107412.0,0.0908888888888898,0,3055012.0,2155500.0,4009103.0,1
2257,2020-01-12 07:28:00,189.0,1,1,4381.312388888851,4905112.0,3162182.0,0.0908888888888898,0,3121660.0,2204001.0,4109684.0,1
2257,2020-01-12 07:29:00,187.8,1,1,4417.00869444441,4944814.0,3184660.0,0.0908888888888898,0,3153772.0,2225481.0,4163751.0,1
2257,2020-01-12 07:30:00,187.4,1,1,4438.724722222171,4971646.0,3197543.0,0.0908888888888898,0,3166816.0,2240702.0,4200438.0,1
2257,2020-01-12 07:31:00,186.2,1,1,4495.884583333291,5082666.0,3268263.0,0.0940833333333338,0,3210712.0,2271718.0,4301163.0,1
2257,2020-01-12 07:32:00,184.8,1,1,4591.717166666631,5216904.0,3353465.0,0.0940833333333338,0,3296392.0,2319415.0,4426002.0,1
2257,2020-01-12 07:33:00,183.6,1,1,4672.11563888885,5349426.0,3430711.0,0.0940833333333338,0,3357557.0,2359116.0,4513687.0,1
2257,2020-01-12 07:35:00,180.8,1,1,4864.825222222171,5734565.0,3703789.0,0.0940833333333338,0,3523686.0,2466914.0,4739523.0,1
2257,2020-01-12 07:36:00,179.2,1,1,4947.04411111107,5926874.0,3864521.0,0.0940833333333338,0,3608106.0,2513834.0,4838727.0,1
2257,2020-01-12 07:37:00,175.0,1,1,5089.34416666671,6311466.0,4160791.0,0.1228333333333338,0,3761599.0,2596354.0,5011679.0,1
2257,2020-01-12 07:38:00,174.0,1,1,5166.76941666671,6467102.0,4238492.0,0.1228333333333338,0,3807787.0,2634919.0,5082087.0,1
2257,2020-01-12 07:39:00,173.8,1,1,5200.9219999999095,6513942.0,4287021.0,0.1228333333333338,0,3826436.0,2653303.0,5128432.0,1
2257,2020-01-12 07:40:00,172.4,1,1,5288.95113888891,6703716.0,4418191.0,0.130083333333334,0,3915692.0,2705051.0,5261929.0,1
2257,2020-01-12 07:41:00,171.8,1,1,5319.8958055555095,6803452.0,4452784.0,0.130083333333334,0,3947552.0,2716987.0,5286460.0,1
2257,2020-01-12 07:42:00,171.6,1,1,5319.8958055555095,6803452.0,4473311.0,0.130083333333334,0,3947552.0,2717404.0,5286461.0,1
2257,2020-01-12 07:43:00,171.4,1,1,5319.8958055555095,6803452.0,4498635.0,0.130083333333334,0,3947553.0,2717664.0,5286461.0,1
2257,2020-01-12 07:44:00,171.0,1,1,5357.025499999909,6878878.0,4569368.0,0.130083333333334,0,3970377.0,2736825.0,5341061.0,1
2257,2020-01-12 07:45:00,169.4,1,1,5443.918249999909,7061879.0,4710626.0,0.1415,0,4056561.0,2782946.0,5434102.0,1
2257,2020-01-12 07:46:00,168.2,1,1,5537.698861111108,7262964.0,4853913.0,0.1415,0,4152141.0,2834782.0,5542717.0,1
2257,2020-01-12 07:47:00,166.8,1,1,5606.509722222108,7418821.0,4944367.0,0.144777777777778,0,4221957.0,2873330.0,5634575.0,1
2257,2020-01-12 07:48:00,165.4,1,1,5689.161611111109,7555594.0,5047587.0,0.144777777777778,0,4309125.0,2916850.0,5737743.0,1
2257,2020-01-12 07:49:00,164.0,1,1,5753.169611111109,7705224.0,5149117.0,0.151027777777778,0,4391709.0,2963031.0,5826169.0,1
2257,2020-01-12 07:50:00,162.4,1,1,5829.439388888908,7821639.0,5233149.0,0.151027777777778,0,4472997.0,3007376.0,5926295.0,1
2257,2020-01-12 07:51:00,161.2,1,1,5894.888583333308,7947245.0,5310057.0,0.151027777777778,0,4537197.0,3048012.0,6009222.0,1
2257,2020-01-12 07:52:00,159.6,1,1,5976.214472222107,8103466.0,5383520.0,0.151027777777778,0,4641406.0,3099845.0,6126326.0,1
2257,2020-01-12 07:53:00,158.4,1,1,6039.841249999908,8217606.0,5449053.0,0.151027777777778,0,4715002.0,3140673.0,6211645.0,1
2257,2020-01-12 07:54:00,156.8,1,1,6107.667999999906,8288105.0,5503081.0,0.151027777777778,0,4788610.0,3178901.0,6297328.0,1
2257,2020-01-12 07:55:00,155.6,1,1,6171.439472222108,8373580.0,5553300.0,0.15488888888889,0,4868998.0,3214649.0,6377915.0,1
2257,2020-01-12 07:56:00,154.0,1,1,6207.291583333308,8425684.0,5577532.0,0.15488888888889,0,4916698.0,3234558.0,6433725.0,1
2257,2020-01-12 07:57:00,152.8,1,1,6273.762416666708,8494038.0,5627920.0,0.15838888888889,0,4992694.0,3268463.0,6517575.0,1
2257,2020-01-12 07:58:00,150.0,1,1,6402.120999999908,8623454.0,5712095.0,0.15838888888889,0,5117926.0,3326059.0,6689838.0,1
2257,2020-01-12 07:59:00,143.2,1,1,6762.115444444308,8965159.0,5905158.0,0.15838888888889,0,5483014.0,3528831.0,7022027.0,1
2257,2020-01-12 08:00:00,140.2,1,1,6941.161833333308,9071772.0,5955377.0,0.161111111111112,0,5644270.0,3612736.0,7121451.0,1
2257,2020-01-12 08:01:00,138.8,1,1,6993.814805555508,9130051.0,5978166.0,0.161111111111112,0,5704942.0,3643196.0,7145567.0,1
2257,2020-01-12 08:02:00,132.0,1,1,7193.238583333308,9296036.0,6066995.0,0.166194444444444,0,5926906.0,3752918.0,7340177.0,1
2257,2020-01-12 08:03:00,131.8,1,1,7203.8349166667085,9313248.0,6066995.0,0.166194444444444,0,5937742.0,3758383.0,7346924.0,1
2257,2020-01-12 08:04:00,130.4,1,1,7299.777638888909,9390208.0,6100002.0,0.166194444444444,0,6034379.0,3804831.0,7415083.0,1
2257,2020-01-12 08:05:00,129.0,1,1,7382.558972222108,9431756.0,6127809.0,0.166194444444444,0,6110748.0,3846060.0,7482904.0,1
2257,2020-01-12 08:06:00,128.6,1,1,7402.937583333309,9444314.0,6148310.0,0.166194444444444,0,6130056.0,3857501.0,7495332.0,1
2257,2020-01-12 08:07:00,128.4,1,1,7405.539055555531,9450216.0,6164989.0,0.166194444444444,0,6133561.0,3858820.0,7512349.0,1
2257,2020-01-12 08:08:00,122.4,1,1,7744.73672222219,9724438.0,6298317.0,0.166194444444444,0,6494461.0,4041940.0,7840001.0,1
2257,2020-01-12 08:09:00,115.2,1,1,8163.82130555553,10135745.0,6532954.0,0.1767777777777774,0,6895286.0,4246940.0,8239179.0,1
2257,2020-01-12 08:10:00,108.2,1,1,8636.30394444443,10731925.0,6970898.0,0.1796666666666662,0,7312670.0,4479586.0,8703578.0,1
2257,2020-01-12 08:11:00,102.2,1,1,8849.146722222209,11107274.0,7290231.0,0.1806388888888884,0,7516202.0,4606743.0,8934627.0,1
2257,2020-01-12 08:12:00,101.8,1,1,8885.10316666665,11148159.0,7338800.0,0.1806388888888884,0,7545627.0,4620959.0,8967583.0,1
2257,2020-01-12 08:13:00,95.6,1,1,9236.83299999997,11831335.0,7794372.0,0.1808055555555552,0,7916199.0,4814461.0,9354996.0,1
2257,2020-01-12 08:14:00,94.8,1,1,9303.46747222221,11958306.0,7880302.0,0.1808055555555552,0,7986699.0,4851669.0,9433412.0,1
2257,2020-01-12 08:15:00,94.2,1,1,9317.54763888887,11984086.0,7896747.0,0.1808055555555552,0,8001075.0,4858205.0,9450845.0,1
2257,2020-01-12 08:16:00,89.0,1,1,9573.30136111111,12391597.0,8171931.0,0.18861111111111,0,8305419.0,5010585.0,9734973.0,1
2257,2020-01-12 08:17:00,87.6,1,1,9654.705249999908,12519439.0,8255924.0,0.196777777777778,0,8400123.0,5065390.0,9841261.0,1
2257,2020-01-12 08:18:00,81.4,1,1,9894.811583333309,12909686.0,8539402.0,0.224888888888888,0,8702175.0,5193755.0,10135802.0,1
2257,2020-01-12 08:19:00,75.4,1,1,10194.315277777709,13273556.0,8688252.0,0.241472222222222,0,9006123.0,5336680.0,10451520.0,1
2257,2020-01-12 08:20:00,69.0,1,1,10518.270222222109,13553199.0,8826741.0,0.245416666666666,0,9338403.0,5505852.0,10750300.0,1
2257,2020-01-12 08:21:00,63.0,1,1,10843.07297222211,13810963.0,8951333.0,0.254805555555556,0,9675015.0,5691378.0,11004021.0,1
2257,2020-01-12 08:22:00,57.0,1,1,11036.86158333331,13931473.0,9018738.0,0.257694444444444,0,9860943.0,5790299.0,11144122.0,1
2257,2020-01-12 08:23:00,50.80000000000001,1,1,11333.31302777771,14157933.0,9146138.0,0.261166666666666,0,10154115.0,5954329.0,11391330.0,1
2257,2020-01-12 08:24:00,46.400000000000006,1,1,11587.11249999991,14410745.0,9271224.0,0.27125,0,10408731.0,6094558.0,11644999.0,1
2257,2020-01-12 08:25:00,45.6,1,1,11643.45905555551,14501693.0,9333884.0,0.27125,0,10469535.0,6129510.0,11705293.0,1
2257,2020-01-12 08:26:00,39.6,1,1,11930.394027777713,14961360.0,9603101.0,0.285527777777778,0,10760091.0,6300227.0,12044775.0,1
2257,2020-01-12 08:27:00,33.599999999999994,1,1,12225.51077777771,15547881.0,10091394.0,0.2886666666666658,0,11081235.0,6478908.0,12433267.0,1
2257,2020-01-12 08:28:00,27.599999999999994,1,1,12413.600611111113,15954469.0,10411416.0,0.3161944444444438,0,11274003.0,6595616.0,12674963.0,1
2257,2020-01-12 08:29:00,21.599999999999994,1,1,12707.83777777771,16719754.0,10909082.0,0.3259722222222218,0,11586471.0,6806041.0,13090872.0,1
2257,2020-01-12 08:30:00,15.599999999999994,1,1,12994.99538888891,17362916.0,11417539.0,0.3263055555555558,0,11921727.0,6996739.0,13516388.0,1
2257,2020-01-12 08:31:00,9.599999999999994,1,1,13212.756194444511,17817604.0,11700133.0,0.345527777777778,0,12212428.0,7146976.0,13831300.0,1
2257,2020-01-12 08:32:00,6.800000000000011,1,1,13340.247166666712,18006430.0,11833682.0,0.345527777777778,0,12369616.0,7226544.0,13993852.0,1
2257,2020-01-12 08:33:00,4.199999999999989,1,1,13495.127333333312,18148572.0,11900177.0,0.349666666666666,0,12508024.0,7303125.0,14173513.0,1
2257,2020-01-12 08:34:00,3.4000000000000057,1,1,13541.240583333312,18187520.0,11922303.0,0.349666666666666,0,12508948.0,7323269.0,14210095.0,1
2257,2020-01-12 08:35:00,3.1999999999999886,1,1,13541.240583333312,18187520.0,11949681.0,0.349666666666666,0,12508948.0,7323439.0,14210095.0,1
2257,2020-01-12 08:36:00,0.6000000000000227,1,1,13643.270944444514,18337761.0,12118057.0,0.349666666666666,0,12509080.0,7370243.0,14458851.0,1
2257,2020-01-12 08:37:00,0.1999999999999886,1,1,13650.809027777714,18368026.0,12167626.0,0.349666666666666,0,12509081.0,7376031.0,14490298.0,1
2265,2020-01-12 08:38:00,387.6,1,1,326.7878333333333,740272.0,830869.0,0.185861111111112,0,281724.0,158781.0,666484.0,1
2265,2020-01-12 08:39:00,382.4,1,1,504.3851944444533,1322659.0,1302509.0,0.26138888888888,0,446364.0,257909.0,1198223.0,1
2265,2020-01-12 08:40:00,382.2000000000001,1,1,526.4985833333333,1348724.0,1350805.0,0.26138888888888,0,459300.0,270970.0,1265758.0,1
2265,2020-01-12 08:41:00,379.4,1,1,652.9099166666733,1699958.0,1736801.0,0.35802777777778,0,584112.0,342294.0,1608920.0,1
2265,2020-01-12 08:42:00,376.6,1,1,720.8049444444533,2026531.0,2031225.0,0.38169444444444,0,660109.0,385487.0,1883779.0,1
2265,2020-01-12 08:43:00,375.2000000000001,1,1,793.8357777777732,2278094.0,2294124.0,0.47633333333334,0,740521.0,428565.0,2072578.0,1
2265,2020-01-12 08:44:00,373.8,1,1,876.2821388888933,2434537.0,2529489.0,0.49052777777778,0,809425.0,466446.0,2242514.0,1
2265,2020-01-12 08:45:00,373.6,1,1,891.6134444444533,2484262.0,2630200.0,0.51625,0,822229.0,476726.0,2309815.0,1
2265,2020-01-12 08:46:00,372.8,1,1,916.0143888888932,2558271.0,2740584.0,0.52822222222222,0,848030.0,485466.0,2358617.0,1
2265,2020-01-12 08:47:00,371.4,1,1,983.7271944444532,2805934.0,2936299.0,0.55894444444444,0,904826.0,524887.0,2601093.0,1
2265,2020-01-12 08:48:00,370.0,1,1,1039.0594999999937,3058771.0,3007930.0,0.62119444444444,0,951194.0,559879.0,2788722.0,1
2265,2020-01-12 08:49:00,368.6,1,1,1112.4387499999934,3277639.0,3244166.0,0.66825,0,1011867.0,599056.0,2945307.0,1
2265,2020-01-12 08:50:00,367.2000000000001,1,1,1151.294916666673,3394717.0,3381498.0,0.69836111111112,0,1036851.0,617540.0,3134860.0,1
2265,2020-01-12 08:51:00,365.8,1,1,1207.631249999993,3521857.0,3484848.0,0.849,0,1084011.0,649173.0,3262962.0,1
2265,2020-01-12 08:52:00,364.4,1,1,1256.2603333333334,3637948.0,3565227.0,0.8805,0,1127692.0,676202.0,3442168.0,1
2265,2020-01-12 08:53:00,363.8,1,1,1279.6600833333334,3696384.0,3614250.0,0.88483333333334,0,1141408.0,695199.0,3507597.0,1
2265,2020-01-12 08:54:00,361.2000000000001,1,1,1369.4559166666734,3848887.0,3739064.0,0.92147222222222,0,1216865.0,748627.0,3754728.0,1
2265,2020-01-12 08:55:00,360.0,1,1,1411.2364722222335,3923976.0,3752376.0,0.95141666666666,0,1244802.0,765520.0,3827216.0,1
2265,2020-01-12 08:56:00,358.8,1,1,1469.4494166666734,4089544.0,3821900.0,1.10961111111112,0,1291434.0,795740.0,3982267.0,1
2265,2020-01-12 08:57:00,357.40000000000003,1,1,1529.8471111111137,4200733.0,3921883.0,1.15477777777778,0,1337118.0,827653.0,4104857.0,1
2265,2020-01-12 08:58:00,356.0,1,1,1588.6801666666734,4322244.0,3991304.0,1.25361111111112,0,1384626.0,857202.0,4249937.0,1
2265,2020-01-12 08:59:00,353.20000000000005,1,1,1711.5281111111135,4575328.0,4134200.0,1.41580555555556,0,1469346.0,917626.0,4511042.0,1
2265,2020-01-12 09:00:00,351.8,1,1,1767.9108611111135,4703963.0,4202074.0,1.47058333333334,0,1513026.0,950375.0,4614249.0,1
2265,2020-01-12 09:01:00,350.40000000000003,1,1,1821.6503611111136,4858598.0,4274445.0,1.51205555555556,0,1563546.0,987119.0,4744886.0,1
2265,2020-01-12 09:02:00,349.0,1,1,1875.0560277777736,4989963.0,4333205.0,1.57725,0,1615266.0,1020984.0,4846234.0,1
2265,2020-01-12 09:03:00,347.40000000000003,1,1,1936.5531666666736,5088204.0,4371412.0,1.60944444444444,0,1646550.0,1044085.0,4914523.0,1
2265,2020-01-12 09:04:00,346.20000000000005,1,1,2049.4688888889336,5250210.0,4416639.0,1.70397222222222,0,1714734.0,1084778.0,5055456.0,1
2265,2020-01-12 09:05:00,343.40000000000003,1,1,2183.992749999933,5521221.0,4478000.0,1.86816666666666,0,1817250.0,1155071.0,5229981.0,1
2265,2020-01-12 09:06:00,341.8,1,1,2285.796722222133,5709812.0,4515570.0,1.94977777777778,0,1896690.0,1210391.0,5374216.0,1
2265,2020-01-12 09:07:00,340.40000000000003,1,1,2362.7241944445336,5862783.0,4551528.0,2.0132222222222,0,1954290.0,1240659.0,5498483.0,1
2265,2020-01-12 09:08:00,339.0,1,1,2436.913583333333,5961168.0,4592439.0,2.0723333333334,0,2004534.0,1269383.0,5581384.0,1
2265,2020-01-12 09:09:00,337.6,1,1,2543.739527777733,6117974.0,4650874.0,2.1485277777778,0,2101975.0,1307619.0,5671799.0,1
2265,2020-01-12 09:10:00,336.40000000000003,1,1,2594.614249999933,6219140.0,4695568.0,2.2723055555556,0,2149375.0,1336936.0,5737657.0,1
2265,2020-01-12 09:11:00,333.6,1,1,2734.7234166667336,6503086.0,4800738.0,2.3251944444444,0,2255707.0,1401244.0,6035630.0,1
2265,2020-01-12 09:12:00,332.0,1,1,2775.105833333333,6598766.0,4854220.0,2.344,0,2290339.0,1424058.0,6133026.0,1
2265,2020-01-12 09:13:00,330.8,1,1,2816.716972222134,6692588.0,4931752.0,2.3690833333334,0,2324107.0,1444294.0,6229902.0,1
2265,2020-01-12 09:14:00,329.40000000000003,1,1,2885.3758055555336,6877123.0,5030280.0,2.4293333333334,0,2362687.0,1482294.0,6432208.0,1
2265,2020-01-12 09:15:00,328.0,1,1,2924.926861111134,7007201.0,5077549.0,2.4899444444444,0,2389459.0,1505386.0,6534323.0,1
2265,2020-01-12 09:16:00,325.20000000000005,1,1,3071.3529722221338,7334502.0,5326460.0,2.6063888888888,0,2499307.0,1575266.0,6892304.0,1
2265,2020-01-12 09:17:00,323.6,1,1,3102.4500555555333,7441128.0,5410558.0,2.6546388888888,0,2532355.0,1595986.0,7009655.0,1
2265,2020-01-12 09:18:00,322.40000000000003,1,1,3143.3332499999333,7617617.0,5519876.0,2.7242222222222,0,2561239.0,1620666.0,7211350.0,1
2265,2020-01-12 09:19:00,320.8,1,1,3180.207527777733,7777894.0,5671652.0,2.8154166666666,0,2612912.0,1643467.0,7376463.0,1
2265,2020-01-12 09:20:00,319.40000000000003,1,1,3247.1816944445336,7928330.0,5912555.0,2.8318333333334,0,2656244.0,1676375.0,7551014.0,1
2265,2020-01-12 09:21:00,318.20000000000005,1,1,3330.273694444533,8133782.0,6148011.0,3.4117777777778,0,2705528.0,1704695.0,7739619.0,1
2265,2020-01-12 09:22:00,316.8,1,1,3421.7677499999336,8377480.0,6352696.0,3.5761666666666,0,2777456.0,1748932.0,7968016.0,1
2265,2020-01-12 09:23:00,315.40000000000003,1,1,3463.697277777733,8613313.0,6599865.0,4.24675,0,2818461.0,1773664.0,8150926.0,1
2265,2020-01-12 09:24:00,312.40000000000003,1,1,3565.0484444445333,9022606.0,6859397.0,5.2312777777778,0,2911749.0,1843464.0,8508621.0,1
2265,2020-01-12 09:25:00,311.20000000000005,1,1,3619.9143333333336,9194193.0,7019090.0,5.4728333333334,0,2956185.0,1863084.0,8665479.0,1
2265,2020-01-12 09:26:00,309.8,1,1,3679.848638888933,9448538.0,7204054.0,5.8302777777778,0,3004089.0,1906740.0,8920721.0,1
2265,2020-01-12 09:27:00,308.40000000000003,1,1,3757.856416666734,9813643.0,7396702.0,6.504,0,3065277.0,1957680.0,9155488.0,1
2265,2020-01-12 09:28:00,307.0,1,1,3815.9097222221335,10098760.0,7618664.0,6.8051388888888,0,3106173.0,1987292.0,9297149.0,1
2265,2020-01-12 09:29:00,305.6,1,1,3881.265277777733,10345812.0,7803771.0,7.2169444444444,0,3149793.0,2015357.0,9486429.0,1
2265,2020-01-12 09:30:00,304.0,1,1,3945.9543333333336,10570999.0,8009184.0,7.7915555555556,0,3222873.0,2049934.0,9724368.0,1
2265,2020-01-12 09:31:00,302.8,1,1,3995.3119444445338,10713050.0,8157280.0,8.04825,0,3252201.0,2071382.0,9857541.0,1
2265,2020-01-12 09:32:00,301.20000000000005,1,1,4033.2043055555328,10887809.0,8298460.0,8.3716388888888,0,3286233.0,2093598.0,9985383.0,1
2265,2020-01-12 09:33:00,299.8,1,1,4125.936666666734,11094666.0,8461467.0,9.0175277777778,0,3340725.0,2132494.0,10223764.0,1
2265,2020-01-12 09:34:00,298.40000000000003,1,1,4164.061666666734,11202137.0,8589283.0,9.1491388888888,0,3373449.0,2157831.0,10377333.0,1
2265,2020-01-12 09:35:00,297.20000000000005,1,1,4224.024999999934,11330850.0,8742644.0,9.5620833333334,0,3421833.0,2185408.0,10504005.0,1
2265,2020-01-12 09:36:00,295.6,1,1,4317.886277777734,11532818.0,8963488.0,10.4667222222222,0,3477165.0,2231744.0,10670847.0,1
2265,2020-01-12 09:37:00,294.40000000000003,1,1,4385.347527777734,11650936.0,9074404.0,10.9028333333334,0,3524889.0,2252017.0,10801068.0,1
2265,2020-01-12 09:38:00,292.8,1,1,4448.808499999934,11798265.0,9151247.0,11.2553888888888,0,3571725.0,2282361.0,10981326.0,1
2265,2020-01-12 09:39:00,291.6,1,1,4510.4333055555335,12075633.0,9271380.0,11.9111666666666,0,3620733.0,2323778.0,11487962.0,1
2265,2020-01-12 09:40:00,290.0,1,1,4550.6470277777335,12192204.0,9359338.0,12.3076944444444,0,3658197.0,2348726.0,11851312.0,1
2265,2020-01-12 09:41:00,288.8,1,1,4614.463638888934,12372371.0,9400158.0,12.5588888888888,0,3707217.0,2380410.0,12209826.0,1
2265,2020-01-12 09:42:00,286.0,1,1,4762.596833333334,12905618.0,9532745.0,13.6789166666666,0,3831177.0,2448490.0,13005205.0,1
2265,2020-01-12 09:43:00,285.40000000000003,1,1,4805.091805555534,13024958.0,9568339.0,13.9644722222222,0,3868245.0,2472898.0,13513051.0,1
2265,2020-01-12 09:44:00,285.20000000000005,1,1,4812.209083333334,13038492.0,9604545.0,13.9644722222222,0,3870033.0,2479619.0,13564583.0,1
2265,2020-01-12 09:45:00,284.40000000000003,1,1,4845.539472222134,13115517.0,9634354.0,14.3150277777778,0,3894609.0,2491497.0,13644806.0,1
2265,2020-01-12 09:46:00,278.40000000000003,1,1,5187.8776944445335,13803659.0,9841379.0,17.2715833333334,0,4155873.0,2658249.0,14417566.0,1
2265,2020-01-12 09:47:00,277.6,1,1,5206.799916666734,13861080.0,9856576.0,17.438388888889,0,4171149.0,2670005.0,14452679.0,1
2265,2020-01-12 09:48:00,276.20000000000005,1,1,5273.251777777734,13992523.0,9887048.0,17.8733333333334,0,4228077.0,2697462.0,14565051.0,1
2265,2020-01-12 09:49:00,274.8,1,1,5357.498722222133,14171845.0,9950657.0,18.4181944444444,0,4300474.0,2734689.0,14637227.0,1
2265,2020-01-12 09:50:00,273.40000000000003,1,1,5415.539194444534,14280278.0,10010002.0,18.8061944444444,0,4338166.0,2761745.0,14799350.0,1
2265,2020-01-12 09:51:00,272.0,1,1,5467.506166666734,14406755.0,10053877.0,19.2423333333334,0,4384402.0,2784482.0,14916454.0,1
2265,2020-01-12 09:52:00,270.6,1,1,5516.210472222134,14524847.0,10087508.0,19.5191111111112,0,4418662.0,2814771.0,15090056.0,1
2265,2020-01-12 09:53:00,269.20000000000005,1,1,5578.433249999934,14685163.0,10107242.0,19.7145555555556,0,4461766.0,2849559.0,15162038.0,1
2265,2020-01-12 09:54:00,267.8,1,1,5641.0360555555335,14833805.0,10140210.0,20.158944444444,0,4508711.0,2886260.0,15271121.0,1
2265,2020-01-12 09:55:00,266.40000000000003,1,1,5678.828555555534,14934958.0,10215753.0,20.418166666666,0,4534212.0,2904040.0,15415681.0,1
2265,2020-01-12 09:56:00,265.0,1,1,5738.516833333334,15025165.0,10274162.0,20.688916666666,0,4578720.0,2926133.0,15572045.0,1
2265,2020-01-12 09:57:00,259.0,1,1,6039.157527777734,15650738.0,10559330.0,22.143,0,4811496.0,3048858.0,16035469.0,1
2265,2020-01-12 09:58:00,253.00000000000003,1,1,6273.143749999934,16178200.0,11078849.0,23.463194444444,0,4994497.0,3168370.0,16664604.0,1
2265,2020-01-12 09:59:00,251.2,1,1,6310.870249999934,16293718.0,11182225.0,23.604888888888,0,5023021.0,3189306.0,16780395.0,1
2265,2020-01-12 10:00:00,248.8,1,1,6437.488694444534,16586790.0,11506315.0,24.837416666666,0,5128717.0,3258115.0,17088534.0,1
2265,2020-01-12 10:01:00,246.40000000000003,1,1,6513.362666666756,16945512.0,11651031.0,25.40330555555488,0,5181949.0,3298871.0,17846863.0,1
2265,2020-01-12 10:02:00,246.2,1,1,6518.615305555646,17043142.0,11651187.0,25.51672222222156,0,5185357.0,3300671.0,17861631.0,1
2265,2020-01-12 10:03:00,240.00000000000003,1,1,6734.216194444534,17734600.0,12305919.0,27.1264999999994,0,5371009.0,3406899.0,18597418.0,1
2265,2020-01-12 10:04:00,234.00000000000003,1,1,6951.520611111194,18526820.0,12958415.0,28.8675277777772,0,5569573.0,3516023.0,19390964.0,1
2265,2020-01-12 10:05:00,228.00000000000003,1,1,7140.541972222314,19243978.0,13671179.0,29.8077499999994,0,5719945.0,3618527.0,20153180.0,1
2265,2020-01-12 10:06:00,226.00000000000003,1,1,7230.806000000094,19459466.0,13775114.0,30.0529999999994,0,5781313.0,3653651.0,20323064.0,1
2265,2020-01-12 10:07:00,220.00000000000003,1,1,7452.774277777874,20048743.0,14437620.0,31.8687499999994,0,5967901.0,3751155.0,21046644.0,1
2265,2020-01-12 10:08:00,214.6,1,1,7622.014583333414,20445178.0,14813125.0,33.1157222222216,0,6095545.0,3819724.0,21527437.0,1
2265,2020-01-12 10:09:00,214.40000000000003,1,1,7624.920416666753,20449130.0,14821172.0,33.1157222222216,0,6097897.0,3820293.0,21533794.0,1
2265,2020-01-12 10:10:00,208.40000000000003,1,1,7811.908111111194,20925268.0,15183508.0,34.5017222222216,0,6237134.0,3905162.0,22225603.0,1
2265,2020-01-12 10:11:00,202.2,1,1,8062.559500000094,21506616.0,15427193.0,36.3108888888882,0,6391022.0,4025470.0,22876709.0,1
2265,2020-01-12 10:12:00,189.6,1,1,8666.761138888935,23184448.0,15718822.0,40.6487222222216,0,6752402.0,4331942.0,23883377.0,1
2265,2020-01-12 10:13:00,184.8,1,1,8909.538500000133,23711923.0,15976392.0,42.6031388888882,0,6883358.0,4445707.0,24351572.0,1
2265,2020-01-12 10:14:00,178.8,1,1,9195.379194444531,24364056.0,16325637.0,45.245416666666,0,7113206.0,4596059.0,25247948.0,1
2265,2020-01-12 10:15:00,176.00000000000003,1,1,9244.822250000132,24638902.0,16437451.0,45.556666666666,0,7146518.0,4626579.0,25493258.0,1
2265,2020-01-12 10:16:00,170.00000000000003,1,1,9359.636416666732,25322208.0,17153452.0,46.37372222222201,0,7235390.0,4709680.0,26403674.0,1
2265,2020-01-12 10:17:00,163.00000000000003,1,1,9482.186111111132,25919935.0,17904060.0,47.197333333332,0,7306754.0,4796816.0,27241316.0,1
2265,2020-01-12 10:18:00,159.40000000000003,1,1,9580.344416666732,26564073.0,18693862.0,47.81455555555401,0,7376822.0,4875022.0,27905824.0,1
2265,2020-01-12 10:19:00,153.40000000000003,1,1,9808.793833333331,27426987.0,19640913.0,49.15627777777801,0,7549827.0,5019322.0,28768088.0,1
2265,2020-01-12 10:20:00,147.40000000000003,1,1,10072.476861111134,28159369.0,20309308.0,51.24297222222201,0,7740675.0,5172838.0,29392621.0,1
2265,2020-01-12 10:21:00,141.60000000000002,1,1,10337.836527777934,28891906.0,20851434.0,52.26916666666601,0,7895367.0,5331054.0,30198959.0,1
2265,2020-01-12 10:22:00,141.40000000000003,1,1,10353.254583333332,28916229.0,20856010.0,52.38466666666601,0,7905039.0,5334214.0,30225869.0,1
2265,2020-01-12 10:23:00,133.40000000000003,1,1,10619.166972222334,29619477.0,21196220.0,54.21311111111001,0,8073267.0,5496283.0,30899178.0,1
2265,2020-01-12 10:24:00,132.0,1,1,10675.15977777789,29738544.0,21255734.0,54.54586111111001,0,8098815.0,5525888.0,31024329.0,1
2265,2020-01-12 10:25:00,126.0,1,1,10691.726222222334,29781171.0,21303133.0,54.54586111111001,0,8109495.0,5536073.0,31061939.0,1
2265,2020-01-12 10:26:00,120.0,1,1,11155.847472222336,30237055.0,21486862.0,54.57227777777666,0,8447907.0,5712121.0,31327490.0,1
2265,2020-01-12 10:27:00,114.0,1,1,11539.982416666777,30616942.0,21734786.0,54.61141666666557,0,8758600.0,5854381.0,31637397.0,1
2265,2020-01-12 10:28:00,111.60000000000002,1,1,11721.665888888994,30803518.0,21823030.0,54.62827777777667,0,8922916.0,5924701.0,31833047.0,1
2265,2020-01-12 10:29:00,109.0,1,1,11832.786305555674,30974949.0,21903578.0,54.62827777777667,0,9036868.0,5967639.0,32002645.0,1
2265,2020-01-12 10:30:00,108.60000000000002,1,1,11847.499277777895,30986649.0,21921401.0,54.63172222222112,0,9045844.0,5973215.0,32038252.0,1
2265,2020-01-12 10:31:00,101.40000000000003,1,1,12281.057305555672,31472576.0,22284114.0,54.66338888888778,0,9429148.0,6114520.0,32536503.0,1
2265,2020-01-12 10:32:00,95.40000000000003,1,1,12647.555194444552,31991900.0,22736281.0,54.66797222222111,0,9817072.0,6303993.0,33081333.0,1
2265,2020-01-12 10:33:00,90.0,1,1,12918.204666666792,32391885.0,23043887.0,54.67972222222111,0,10093216.0,6432725.0,33427653.0,1
2265,2020-01-12 10:34:00,80.60000000000002,1,1,13450.153027777891,33043796.0,23637766.0,54.70469444444333,0,10602557.0,6642801.0,34075209.0,1
2265,2020-01-12 10:35:00,73.80000000000001,1,1,13794.727166666791,33457014.0,24030926.0,54.72116666666555,0,10946310.0,6763933.0,34576190.0,1
2265,2020-01-12 10:36:00,71.60000000000002,1,1,13924.76761111127,33665118.0,24183845.0,54.75830555555444,0,11062530.0,6808477.0,34762039.0,1
2265,2020-01-12 10:37:00,69.80000000000001,1,1,14068.58386111127,33882660.0,24284140.0,54.76247222222112,0,11191878.0,6861814.0,34846409.0,1
2265,2020-01-12 10:38:00,68.60000000000002,1,1,14123.39488888907,33932190.0,24325909.0,54.768444444443325,0,11234215.0,6879454.0,34894288.0,1
2265,2020-01-12 10:39:00,62.60000000000002,1,1,14489.76888888907,34380768.0,24547676.0,54.85938888888778,0,11531659.0,7006778.0,35174867.0,1
2265,2020-01-12 10:40:00,56.60000000000002,1,1,14848.27758333347,34864680.0,24704222.0,54.92924999999888,0,11873335.0,7160026.0,35466133.0,1
2265,2020-01-12 10:41:00,50.60000000000002,1,1,15272.77397222227,35387618.0,24871714.0,55.02002777777666,0,12233851.0,7336823.0,35696675.0,1
2265,2020-01-12 10:42:00,49.60000000000002,1,1,15327.18455555567,35453593.0,24906736.0,55.03041666666554,0,12284419.0,7356631.0,35714889.0,1
2265,2020-01-12 10:43:00,43.60000000000002,1,1,15748.24316666687,35947944.0,25101801.0,55.13055555555445,0,12636295.0,7519755.0,35970443.0,1
2265,2020-01-12 10:44:00,41.200000000000045,1,1,15902.441083333471,36137172.0,25155348.0,55.18622222222111,0,12749035.0,7581027.0,36089432.0,1
2265,2020-01-12 10:45:00,39.80000000000001,1,1,15903.473500000073,36137172.0,25209155.0,55.18622222222111,0,12749047.0,7582800.0,36101769.0,1
2265,2020-01-12 10:46:00,35.200000000000045,1,1,16267.80061111127,36633174.0,25377557.0,55.36030555555445,0,13054387.0,7724892.0,36408036.0,1
2265,2020-01-12 10:47:00,32.60000000000002,1,1,16402.375916666868,36825288.0,25454907.0,55.41552777777667,0,13142479.0,7774228.0,36474388.0,1
2265,2020-01-12 10:48:00,26.600000000000023,1,1,16785.92366666687,37669586.0,25865460.0,55.64691666666555,0,13488355.0,7944949.0,36842276.0,1
2265,2020-01-12 10:49:00,25.0,1,1,16884.993111111267,37904015.0,25992184.0,55.673333333332224,0,13570363.0,7997790.0,37005569.0,1
2265,2020-01-12 10:50:00,19.0,1,1,17227.315000000068,38797648.0,26456206.0,55.89177777777666,0,13876844.0,8159423.0,37442070.0,1
2265,2020-01-12 10:51:00,13.0,1,1,17505.511694444467,39451119.0,26749395.0,56.14919444444332,0,14132792.0,8292183.0,37720647.0,1
2265,2020-01-12 10:52:00,12.400000000000034,1,1,17571.56436111127,39690488.0,26805958.0,56.17986111111,0,14192732.0,8329803.0,37815808.0,1
2265,2020-01-12 10:53:00,9.0,1,1,17786.564638889067,40161179.0,26999983.0,56.69483333333226,0,14391092.0,8430188.0,38079410.0,1
2265,2020-01-12 10:54:00,8.600000000000023,1,1,17786.564638889067,40161179.0,27004066.0,56.69483333333226,0,14391092.0,8430265.0,38079411.0,1
2265,2020-01-12 10:55:00,2.6000000000000227,1,1,18151.549972222263,41098713.0,27363152.0,57.09561111111006,0,14761352.0,8610274.0,38535322.0,1
2672,2020-01-14 05:31:00,363.8,1,0,9.58361111111108,105691.0,303316.0,0.0,0,1152.0,10412.0,71253.0,1
2672,2020-01-14 05:32:00,350.4,1,0,813.5250555555488,15443754.0,1615510.0,0.0,0,367572.0,184888.0,717119.0,1
2672,2020-01-14 05:33:00,342.6,1,0,1244.0146944444289,25244870.0,2122549.0,0.0,0,537216.0,279764.0,902018.0,1
2672,2020-01-14 05:34:00,338.8,1,0,1543.6322499999887,31433039.0,2379247.0,0.0,0,663672.0,336626.0,991107.0,1
2672,2020-01-14 05:35:00,332.4,1,0,1956.8979444444287,40597753.0,2838186.0,0.0,0,849024.0,411670.0,1142258.0,1
2672,2020-01-14 05:36:00,326.2,1,0,2408.7817777777686,51061063.0,3331835.0,0.0,0,1061340.0,502898.0,1253096.0,1
2672,2020-01-14 05:37:00,324.4,1,0,2547.2637777777686,53537277.0,3417440.0,0.0,0,1121784.0,526422.0,1282853.0,1
2672,2020-01-14 05:38:00,319.4,1,0,3026.8011944443488,64366290.0,3900221.0,0.0,0,1335529.0,624098.0,1484510.0,1
2672,2020-01-14 05:39:00,316.4,1,0,3270.282305555549,70115723.0,4219358.0,0.0,0,1445377.0,674786.0,1611416.0,1
2672,2020-01-14 05:40:00,310.0,1,0,3821.514972222149,82566655.0,4907331.0,0.0,0,1687165.0,790444.0,1984477.0,1
2672,2020-01-14 05:41:00,309.2,1,0,3862.012666666749,84010045.0,5080907.0,0.0,0,1726909.0,804061.0,2021800.0,1
2672,2020-01-14 05:42:00,302.8,1,0,4304.93366666675,93664976.0,5891665.0,0.0,0,1947061.0,899566.0,2551797.0,1
2672,2020-01-14 05:43:00,302.2,1,0,4361.00716666675,94886859.0,5953454.0,0.0,0,1976053.0,914230.0,2660881.0,1
2672,2020-01-14 05:44:00,295.6,1,0,4872.51644444435,106001144.0,6627972.0,0.0,0,2282353.0,1029826.0,3206543.0,1
2672,2020-01-14 05:45:00,292.6,1,0,5045.69738888895,110696991.0,7050953.0,0.0,0,2405570.0,1064370.0,3464632.0,1
2672,2020-01-14 05:46:00,286.2,1,0,5496.163611111148,121223573.0,7592195.0,0.0,0,2637662.0,1170118.0,4071186.0,1
2672,2020-01-14 05:47:00,270.8,1,0,6546.79219444435,145331892.0,8737274.0,0.0,0,3194330.0,1398511.0,4665949.0,1
2672,2020-01-14 05:48:00,267.8,1,0,6810.144333333349,150780804.0,8907665.0,0.0,0,3329450.0,1448497.0,4738229.0,1
2672,2020-01-14 05:49:00,261.8,1,0,7042.182944444349,157150817.0,9252334.0,0.0,0,3431294.0,1532726.0,5061344.0,1
2672,2020-01-14 05:50:00,255.8,1,0,7512.73330555555,167839547.0,9664214.0,0.0,0,3677486.0,1636190.0,5358173.0,1
2672,2020-01-14 05:51:00,253.6,1,0,7698.24263888895,172147955.0,9755149.0,0.0,0,3783266.0,1685864.0,5406845.0,1
2672,2020-01-14 05:52:00,253.0,1,0,7789.15527777775,173736894.0,9801351.0,0.0,0,3811982.0,1705210.0,5433145.0,1
2672,2020-01-14 05:53:00,252.0,1,0,7868.23091666675,175359151.0,9839402.0,0.0,0,3846674.0,1718760.0,5460354.0,1
2672,2020-01-14 05:54:00,251.8,1,0,7868.96380555555,175359151.0,9861827.0,0.0,0,3846674.0,1719909.0,5461693.0,1
2672,2020-01-14 05:55:00,249.2,1,0,8109.916777777748,180577364.0,10037470.0,0.0,0,3976599.0,1768842.0,5574845.0,1
2672,2020-01-14 05:56:00,247.8,1,0,8217.75980555555,183314606.0,10200412.0,0.0,0,4046415.0,1802150.0,5616367.0,1
2672,2020-01-14 05:57:00,241.8,1,0,8755.07213888895,195031727.0,10668971.0,0.0,0,4320471.0,1921311.0,5893917.0,1
2672,2020-01-14 05:58:00,241.2,1,0,8806.01280555555,196067190.0,10753238.0,0.0,0,4346595.0,1933113.0,5932722.0,1
2672,2020-01-14 05:59:00,241.0,1,0,8807.73563888895,196067190.0,10784451.0,0.0,0,4346619.0,1935138.0,5945709.0,1
2672,2020-01-14 06:00:00,234.2,1,0,9457.66072222215,210183357.0,11442485.0,0.0,0,4678143.0,2082728.0,6347487.0,1
2672,2020-01-14 06:01:00,233.8,1,0,9474.58136111115,210699093.0,11484242.0,0.0,0,4689664.0,2089784.0,6354429.0,1
2672,2020-01-14 06:02:00,227.4,1,0,9744.94419444435,216327404.0,11980634.0,0.0,0,4823668.0,2148644.0,6636087.0,1
2672,2020-01-14 06:03:00,221.4,1,0,10225.94977777775,216327404.0,11980634.0,0.0,0,4823668.0,2148644.0,6636087.0,1
2672,2020-01-14 06:04:00,219.6,1,0,10380.568805555553,219373798.0,12127521.0,0.0,0,4894552.0,2183343.0,6745612.0,1
2672,2020-01-14 06:05:00,218.0,1,0,10464.85827777775,221116227.0,12240609.0,0.0,0,4936252.0,2201180.0,6817048.0,1
2672,2020-01-14 06:06:00,213.8,1,0,10874.99555555555,229074619.0,12616140.0,0.0,0,5116444.0,2278814.0,7013244.0,1
2672,2020-01-14 06:07:00,212.8,1,0,10951.009999999951,230534597.0,12713237.0,0.0,0,5145484.0,2290602.0,7044314.0,1
2672,2020-01-14 06:08:00,206.8,1,0,11424.13516666675,240378054.0,13261811.0,0.0,0,5354092.0,2391706.0,7361033.0,1
2672,2020-01-14 06:09:00,200.8,1,0,11870.30599999995,248715006.0,13603412.0,0.0,0,5526856.0,2484892.0,7570840.0,1
2672,2020-01-14 06:10:00,194.8,1,0,12521.56186111115,261534618.0,13900384.0,0.0,0,5838665.0,2613213.0,7824782.0,1
2672,2020-01-14 06:11:00,189.0,1,0,12938.40377777775,270566004.0,14162971.0,0.0,0,6038933.0,2707382.0,7968875.0,1
2672,2020-01-14 06:12:00,187.6,1,0,13048.91219444435,272534737.0,14225332.0,0.0,0,6080801.0,2724318.0,7989506.0,1
2672,2020-01-14 06:13:00,181.6,1,0,13643.55522222215,284879810.0,14525021.0,0.0,0,6345881.0,2852134.0,8121261.0,1
2672,2020-01-14 06:14:00,180.4,1,0,13716.65347222215,286417879.0,14594637.0,0.0,0,6380286.0,2869566.0,8166371.0,1
2672,2020-01-14 06:15:00,178.8,1,0,13869.974527777753,289087014.0,14718424.0,0.0,0,6455970.0,2892350.0,8232099.0,1
2672,2020-01-14 06:16:00,175.2,1,0,14066.89474999995,293152088.0,14798491.0,0.0,0,6540726.0,2930819.0,8279276.0,1
2672,2020-01-14 06:17:00,172.8,1,0,14288.405694444353,297025243.0,14987771.0,0.0,0,6636535.0,2966860.0,8319446.0,1
2672,2020-01-14 06:18:00,166.8,1,0,14828.94049999995,308064492.0,15427158.0,0.0,0,6891727.0,3080006.0,8605251.0,1
2672,2020-01-14 06:19:00,161.0,1,0,15303.360611111151,316704878.0,15865869.0,0.0,0,7125715.0,3164796.0,8812836.0,1
2672,2020-01-14 06:20:00,155.4,1,0,15652.98799999995,322818765.0,16231299.0,0.0,0,7302151.0,3229796.0,8980523.0,1
2672,2020-01-14 06:21:00,154.0,1,0,15769.174777777753,324914678.0,16413546.0,0.0,0,7350307.0,3247698.0,9070483.0,1
2672,2020-01-14 06:22:00,153.0,1,0,15852.47016666675,326602052.0,16532314.0,0.0,0,7405952.0,3264306.0,9152669.0,1
2672,2020-01-14 06:23:00,152.6,1,0,15879.16597222215,327158959.0,16562604.0,0.0,0,7426484.0,3270363.0,9179943.0,1
2672,2020-01-14 06:24:00,146.6,1,0,16187.57319444455,332564086.0,17185317.0,0.0,0,7570628.0,3345203.0,9944343.0,1
2672,2020-01-14 06:25:00,140.6,1,0,16509.52377777775,339438058.0,17698635.0,0.0,0,7730600.0,3414587.0,10129268.0,1
2672,2020-01-14 06:26:00,138.4,1,0,16734.49130555555,343909824.0,17847888.0,0.0,0,7837688.0,3454871.0,10215640.0,1
2672,2020-01-14 06:27:00,134.4,1,0,17104.29952777775,351964209.0,18154454.0,0.0,0,8024480.0,3538175.0,10486651.0,1
2672,2020-01-14 06:28:00,132.2,1,0,17337.915833333354,356592326.0,18373530.0,0.0,0,8155796.0,3583796.0,10585998.0,1
2672,2020-01-14 06:29:00,127.0,1,0,17907.698805555556,366991442.0,18720695.0,0.0,0,8446317.0,3700572.0,10826408.0,1
2672,2020-01-14 06:30:00,126.2,1,0,18017.499499999954,368789616.0,18773930.0,0.0,0,8495505.0,3723432.0,10848976.0,1
2672,2020-01-14 06:31:00,123.4,1,0,18349.00569444456,375013379.0,18992967.0,0.0,0,8658094.0,3793650.0,10943499.0,1
2672,2020-01-14 06:32:00,120.6,1,0,18596.96277777776,379909167.0,19175747.0,0.0,0,8779390.0,3853236.0,11004092.0,1
2672,2020-01-14 06:33:00,117.8,1,0,18889.472027777752,385229859.0,19386945.0,0.0,0,8924086.0,3915393.0,11118713.0,1
2672,2020-01-14 06:34:00,117.6,1,0,18895.09169444456,385376499.0,19392639.0,0.0,0,8927278.0,3918013.0,11126032.0,1
2672,2020-01-14 06:35:00,117.4,1,0,18895.09169444456,385376499.0,19406342.0,0.0,0,8927279.0,3918018.0,11126942.0,1
2672,2020-01-14 06:36:00,112.2,1,0,19386.759250000112,394966443.0,19798786.0,0.0,0,9194267.0,4040178.0,11251924.0,1
2672,2020-01-14 06:37:00,110.6,1,0,19524.53150000012,398091487.0,19940928.0,0.0,0,9293927.0,4072943.0,11314623.0,1
2672,2020-01-14 06:38:00,109.8,1,0,19574.480138889,399611617.0,20004355.0,0.0,0,9331248.0,4084665.0,11353935.0,1
2672,2020-01-14 06:39:00,108.0,1,0,19783.72358333343,403856065.0,20191503.0,0.0,0,9443604.0,4132572.0,11403296.0,1
2672,2020-01-14 06:40:00,106.39999999999998,1,0,19928.720611111217,406645592.0,20368173.0,0.0,0,9514824.0,4166458.0,11494686.0,1
2672,2020-01-14 06:41:00,100.39999999999998,1,0,20524.18900000011,418514007.0,20983775.0,0.0,0,9813636.0,4302342.0,11809728.0,1
2672,2020-01-14 06:42:00,95.0,1,0,20916.23100000016,427216910.0,21624038.0,0.0,0,9986233.0,4398972.0,12066985.0,1
2672,2020-01-14 06:44:00,90.8,1,0,20916.23100000016,437079022.0,22119715.0,0.0,0,10171153.0,4530204.0,12643652.0,1
2672,2020-01-14 06:45:00,84.39999999999998,1,0,21449.70986111128,445881115.0,22726218.0,0.0,0,10405285.0,4651369.0,13517265.0,1
2672,2020-01-14 06:46:00,78.0,1,0,22004.36800000016,456336664.0,23392000.0,0.0,0,10617830.0,4788251.0,14244524.0,1
2672,2020-01-14 06:47:00,76.39999999999998,1,0,22226.71705555572,460828710.0,23570815.0,0.0,0,10715247.0,4841324.0,14421429.0,1
2672,2020-01-14 06:48:00,74.0,1,0,22617.11586111128,467780681.0,23857140.0,0.0,0,10862991.0,4931976.0,14715736.0,1
2672,2020-01-14 06:49:00,72.39999999999998,1,0,22626.73247222238,471747540.0,24070860.0,0.0,0,10949967.0,4975628.0,14899738.0,1
2672,2020-01-14 06:50:00,72.19999999999999,1,0,22630.26036111128,471868675.0,24070861.0,0.0,0,10952463.0,4977660.0,14899738.0,1
2672,2020-01-14 06:51:00,71.80000000000001,1,0,22673.4253333335,472794224.0,24127788.0,0.0,0,10969180.0,4987368.0,14937699.0,1
2672,2020-01-14 06:52:00,71.60000000000002,1,0,22712.58463888906,473236796.0,24146664.0,0.0,0,10980208.0,4993540.0,14983732.0,1
2672,2020-01-14 06:53:00,68.39999999999998,1,0,23178.71577777794,481772674.0,24442687.0,0.0,0,11154748.0,5085428.0,15235997.0,1
2672,2020-01-14 06:54:00,62.39999999999998,1,0,23930.8458333335,495466237.0,24933723.0,0.0,0,11423704.0,5226282.0,15763238.0,1
2672,2020-01-14 06:55:00,60.0,1,0,24289.90875000016,501393145.0,25150537.0,0.0,0,11549969.0,5279855.0,15943379.0,1
2672,2020-01-14 06:56:00,56.80000000000001,1,0,24673.76894444454,508070881.0,25370185.0,0.0,0,11703341.0,5346135.0,16174363.0,1
2672,2020-01-14 06:57:00,56.0,1,0,24747.95022222234,509201089.0,25412409.0,0.0,0,11733677.0,5353093.0,16201767.0,1
2672,2020-01-14 06:58:00,53.19999999999999,1,0,25040.074861111338,513782991.0,25599037.0,0.0,0,11853629.0,5397665.0,16252948.0,1
2672,2020-01-14 06:59:00,51.60000000000002,1,0,25285.905055555737,517348345.0,25671993.0,0.0,0,11941049.0,5437902.0,16319443.0,1
2672,2020-01-14 07:00:00,47.60000000000002,1,0,25754.756472222336,524052224.0,25932279.0,0.0,0,12116129.0,5500695.0,16434779.0,1
2672,2020-01-14 07:01:00,39.0,1,0,26641.409583333538,537429315.0,26364776.0,0.0,0,12493553.0,5609587.0,16568536.0,1
2672,2020-01-14 07:02:00,37.60000000000002,1,0,26811.36855555574,540056369.0,26453683.0,0.0,0,12567341.0,5633867.0,16647511.0,1
2672,2020-01-14 07:03:00,37.39999999999998,1,0,26811.701083333537,540056369.0,26465513.0,0.0,0,12567341.0,5634543.0,16655038.0,1
2672,2020-01-14 07:04:00,31.399999999999977,1,0,27806.97222222233,554600262.0,26879356.0,0.0,0,12927773.0,5775012.0,16906055.0,1
2672,2020-01-14 07:05:00,27.600000000000023,1,0,28407.628138889137,564207132.0,27188483.0,0.0,0,13161329.0,5868260.0,16994507.0,1
2672,2020-01-14 07:06:00,26.600000000000023,1,0,28534.598472222337,566150892.0,27255550.0,0.0,0,13213025.0,5889525.0,17031934.0,1
2672,2020-01-14 07:07:00,23.399999999999977,1,0,29069.844722222337,574442422.0,27478929.0,0.0,0,13450121.0,5970038.0,17134790.0,1
2672,2020-01-14 07:08:00,22.600000000000023,1,0,29210.420361111337,576607741.0,27528095.0,0.0,0,13517358.0,5987678.0,17181317.0,1
2672,2020-01-14 07:09:00,21.19999999999999,1,0,29420.83477777793,579867920.0,27636048.0,0.0,0,13610178.0,6019326.0,17232459.0,1
2672,2020-01-14 07:10:00,19.80000000000001,1,0,29618.899500000138,582881632.0,27778008.0,0.0,0,13700634.0,6061543.0,17371416.0,1
2672,2020-01-14 07:11:00,18.0,1,0,29825.111388889138,586347407.0,27886558.0,0.0,0,13790838.0,6094600.0,17480031.0,1
2672,2020-01-14 07:12:00,17.19999999999999,1,0,29924.970083333537,588167290.0,27981680.0,0.0,0,13840782.0,6110545.0,17583915.0,1
2672,2020-01-14 07:13:00,5.199999999999989,1,0,31471.82875000014,611259814.0,28923270.0,0.0,0,15400914.0,6411922.0,19289320.0,1
2672,2020-01-14 07:14:00,4.0,1,0,31508.61216666674,611860752.0,29016025.0,0.0,0,15437418.0,6423851.0,19484268.0,1
2672,2020-01-14 07:15:00,2.3999999999999773,1,0,31753.31758333354,615521670.0,29171531.0,0.0,0,15666414.0,6464164.0,19710286.0,1
3271,2020-01-15 13:35:00,287.6,1,0,532.1303333333312,12703119.0,945347.0,0.0,0,404124.0,183468.0,401466.0,0
3271,2020-01-15 13:36:00,284.0,1,0,840.9498611111112,19629077.0,1055302.0,0.0,0,653172.0,256861.0,460889.0,0
3271,2020-01-15 13:37:00,277.6,1,0,1626.6024166666712,32517030.0,1249626.0,0.0,0,1173144.0,367181.0,569829.0,0
3271,2020-01-15 13:38:00,276.8,1,0,1775.295166666671,34972639.0,1269295.0,0.0,0,1252657.0,397653.0,618385.0,0
3271,2020-01-15 13:39:00,275.40000000000003,1,0,2012.0021666667112,38575212.0,1297180.0,0.0,0,1385581.0,441262.0,686284.0,0
3271,2020-01-15 13:40:00,270.8,1,0,2716.369138888911,50698531.0,1371696.0,0.00325,0,1869229.0,595150.0,856480.0,0
3271,2020-01-15 13:41:00,266.0,1,0,3358.135444444511,64326236.0,1413686.0,0.00325,0,2331758.0,725564.0,1076089.0,0
3271,2020-01-15 13:42:00,264.2,1,0,3552.462833333311,69801057.0,1446472.0,0.00325,0,2479766.0,776725.0,1170457.0,0
3271,2020-01-15 13:43:00,261.8,1,0,3937.645388888912,76958038.0,1499668.0,0.00325,0,2722298.0,877769.0,1364443.0,0
3271,2020-01-15 13:44:00,257.6,1,0,4552.451777777711,89462361.0,1573053.0,0.00325,0,3130718.0,1032821.0,1608635.0,0
3271,2020-01-15 13:45:00,253.0,1,0,5262.368055555511,103007698.0,1606138.0,0.00325,0,3620775.0,1223733.0,2048321.0,0
3271,2020-01-15 13:46:00,247.6,1,0,5882.146722222311,112073950.0,1759967.0,0.00325,0,4038987.0,1350540.0,2402948.0,0
3271,2020-01-15 13:47:00,243.0,1,0,6960.27238888891,125352566.0,1941889.0,0.00325,0,4598211.0,1586564.0,3397695.0,0
3271,2020-01-15 13:48:00,241.6,1,0,7124.635916666712,129298469.0,1955409.0,0.00325,0,4782135.0,1640825.0,3505908.0,0
3271,2020-01-15 13:49:00,239.4,1,0,7381.405722222312,135862819.0,1975156.0,0.00325,0,5031100.0,1736170.0,3847327.0,0
3271,2020-01-15 13:50:00,233.0,1,0,8148.038194444512,153868287.0,2089868.0,0.00325,0,5804368.0,2036034.0,4504152.0,0
3271,2020-01-15 13:51:00,228.2,1,0,8591.994083333311,164538440.0,2194986.0,0.00325,0,6144988.0,2182902.0,4798342.0,0
3271,2020-01-15 13:52:00,227.8,1,0,8621.08499999991,165342438.0,2196469.0,0.00325,0,6165544.0,2189306.0,4807767.0,0
3271,2020-01-15 13:53:00,222.2,1,0,9541.618083333313,181338652.0,2229099.0,0.00325,0,6600952.0,2431767.0,5140984.0,0
3271,2020-01-15 13:54:00,213.6,1,0,10116.33374999991,194372257.0,2370058.0,0.00325,0,7019452.0,2621567.0,5387126.0,0
3271,2020-01-15 13:55:00,208.0,1,0,10640.148749999911,206710752.0,2474501.0,0.00325,0,7390804.0,2789632.0,5553032.0,0
3271,2020-01-15 13:56:00,202.4,1,0,11334.41927777771,219926058.0,2674532.0,0.00325,0,7849576.0,3069753.0,5784485.0,0
3271,2020-01-15 13:57:00,200.8,1,0,11537.369055555511,224017093.0,2693708.0,0.00325,0,7981372.0,3168917.0,5847886.0,0
3271,2020-01-15 13:58:00,198.2,1,0,11886.67488888891,229688356.0,2726221.0,0.00325,0,8178676.0,3294797.0,5939822.0,0
3271,2020-01-15 13:59:00,195.8,1,0,12272.128027777711,235725920.0,2778195.0,0.00325,0,8405128.0,3412101.0,6039468.0,0
3271,2020-01-15 14:00:00,195.2,1,0,12356.316194444378,237066740.0,2787672.0,0.00325,0,8452276.0,3437287.0,6496756.0,0
3271,2020-01-15 14:01:00,189.2,1,0,12986.035333333271,249562080.0,2896807.0,0.00325,0,8888008.0,3703080.0,6815829.0,0
3271,2020-01-15 14:02:00,188.8,1,0,13061.183999999932,250928744.0,2905400.0,0.00325,0,8948992.0,3717580.0,6857897.0,0
3271,2020-01-15 14:03:00,185.4,1,0,13490.573194444372,260569258.0,2943920.0,0.00325,0,9292961.0,3875873.0,7032110.0,0
3271,2020-01-15 14:05:00,183.0,1,0,13689.465499999937,265958137.0,3026289.0,0.00325,0,9461237.0,3987062.0,7278707.0,0
3271,2020-01-15 14:06:00,182.8,1,0,13692.664361111052,266039036.0,3057217.0,0.00325,0,9462689.0,3990034.0,7284700.0,0
3271,2020-01-15 14:07:00,175.8,1,0,14220.661916666611,276458731.0,3373494.0,0.00325,0,9903989.0,4154394.0,7594165.0,0
3271,2020-01-15 14:08:00,169.8,1,0,14846.299499999912,290770262.0,3477507.0,0.00325,0,10497569.0,4438395.0,7965627.0,0
3271,2020-01-15 14:09:00,166.60000000000002,1,0,15188.57313888891,299866284.0,3566297.0,0.00325,0,10816373.0,4678375.0,8586585.0,0
3271,2020-01-15 14:10:00,166.20000000000002,1,0,15192.16363888891,299911511.0,3600280.0,0.00325,0,10819049.0,4679837.0,8607489.0,0
3271,2020-01-15 14:11:00,165.0,1,0,15296.86427777771,302618800.0,3644103.0,0.00325,0,10947233.0,4723349.0,8675830.0,0
3271,2020-01-15 14:12:00,162.0,1,0,15642.16736111111,310663603.0,3706854.0,0.00325,0,11273477.0,4908406.0,8956552.0,0
3271,2020-01-15 14:13:00,155.20000000000002,1,0,16212.61805555551,324767186.0,3848750.0,0.00325,0,11776133.0,5189162.0,9359617.0,0
3271,2020-01-15 14:14:00,153.8,1,0,16333.02097222211,328331306.0,3880042.0,0.00325,0,11900621.0,5258199.0,9426658.0,0
3271,2020-01-15 14:15:00,151.20000000000002,1,0,16695.55730555551,335969235.0,3891183.0,0.00325,0,12094314.0,5401253.0,9576757.0,0
3271,2020-01-15 14:16:00,150.4,1,0,16770.28844444431,338122269.0,3893940.0,0.00325,0,12149274.0,5452997.0,9633801.0,0
3271,2020-01-15 14:17:00,149.0,1,0,16954.20061111111,341806794.0,3896514.0,0.00325,0,12237078.0,5534606.0,9680810.0,0
3271,2020-01-15 14:18:00,148.8,1,0,16954.20061111111,341806794.0,3901442.0,0.00325,0,12237078.0,5534627.0,9680810.0,0
3271,2020-01-15 14:19:00,147.0,1,0,17165.96216666651,346528472.0,3945434.0,0.00325,0,12390486.0,5606951.0,9775424.0,0
3271,2020-01-15 14:20:00,139.8,1,0,17169.638833333313,346611998.0,4024019.0,0.00325,0,12390942.0,5608437.0,9785031.0,0
3271,2020-01-15 14:21:00,133.8,1,0,17938.228277777715,361756414.0,4151771.0,0.00325,0,12899202.0,5932265.0,9973128.0,0
3271,2020-01-15 14:22:00,133.0,1,0,18055.84699999991,363698731.0,4158635.0,0.00325,0,12958710.0,5971657.0,9999193.0,0
3271,2020-01-15 14:23:00,132.60000000000002,1,0,18095.814777777712,364439016.0,4165122.0,0.00325,0,12981319.0,5980391.0,10037699.0,0
3271,2020-01-15 14:24:00,128.0,1,0,18648.74127777772,375255718.0,4269616.0,0.0091111111111112,0,13332643.0,6275331.0,10192555.0,0
3271,2020-01-15 14:25:00,127.8,1,0,18656.92233333331,375536713.0,4269616.0,0.0091111111111112,0,13339448.0,6277520.0,10200108.0,0
3271,2020-01-15 14:26:00,126.4,1,0,18762.96419444432,378875256.0,4296968.0,0.0091111111111112,0,13440764.0,6356640.0,10238445.0,0
3271,2020-01-15 14:27:00,121.8,1,0,19248.60461111112,390796113.0,4397393.0,0.0121388888888888,0,13711676.0,6584972.0,10419535.0,0
3271,2020-01-15 14:28:00,121.20000000000002,1,0,19248.60461111112,390810647.0,4404413.0,0.0121388888888888,0,13711976.0,6585624.0,10420081.0,0
3271,2020-01-15 14:29:00,121.0,1,0,19248.60461111112,390819708.0,4404413.0,0.0121388888888888,0,13711988.0,6585828.0,10420081.0,0
3271,2020-01-15 14:30:00,114.8,1,0,19667.967222222112,401079750.0,4564885.0,0.0121388888888888,0,14070344.0,6681849.0,10678833.0,0
3271,2020-01-15 14:31:00,113.4,1,0,19843.57233333331,404300578.0,4603092.0,0.0121388888888888,0,14189504.0,6716229.0,10732523.0,0
3271,2020-01-15 14:32:00,112.0,1,0,19984.36833333332,406815597.0,4604470.0,0.0121388888888888,0,14263652.0,6747341.0,10790530.0,0
3271,2020-01-15 14:33:00,108.4,1,0,20324.85527777771,413674670.0,4645303.0,0.0121388888888888,0,14525720.0,6825961.0,11001767.0,0
3271,2020-01-15 14:34:00,104.8,1,0,20568.055333333312,420154572.0,4807062.0,0.0121388888888888,0,14835680.0,6882143.0,11153828.0,0
3271,2020-01-15 14:35:00,98.8,1,0,20919.41658333332,428054958.0,5144035.0,0.0121388888888888,0,15214088.0,6966363.0,11449084.0,0
3271,2020-01-15 14:36:00,94.4,1,0,21831.39066666652,439621410.0,5423743.0,0.0121388888888888,0,15740456.0,7197991.0,11946698.0,0
3271,2020-01-15 14:37:00,93.20000000000002,1,0,22024.45194444431,442771388.0,5480436.0,0.0121388888888888,0,15902984.0,7263844.0,12071875.0,0
3271,2020-01-15 14:38:00,92.4,1,0,22155.07822222212,445181420.0,5524025.0,0.0121388888888888,0,16019120.0,7319236.0,12110407.0,0
3271,2020-01-15 14:39:00,92.20000000000002,1,0,22185.434666666515,445602932.0,5530083.0,0.0121388888888888,0,16033328.0,7330201.0,12123369.0,0
3271,2020-01-15 14:40:00,90.60000000000002,1,0,22317.81947222212,447998364.0,5630079.0,0.0121388888888888,0,16125260.0,7375925.0,12310478.0,0
3271,2020-01-15 14:41:00,88.80000000000001,1,0,22519.77583333332,453472820.0,5712278.0,0.0121388888888888,0,16366689.0,7538801.0,12494572.0,0
3271,2020-01-15 14:42:00,88.60000000000002,1,0,22557.54738888892,454123340.0,5721469.0,0.0121388888888888,0,16407945.0,7552393.0,12501046.0,0
3271,2020-01-15 14:43:00,88.20000000000002,1,0,22608.28388888892,454915027.0,5730829.0,0.0121388888888888,0,16433877.0,7565569.0,12520468.0,0
3271,2020-01-15 14:44:00,86.80000000000001,1,0,22680.83963888892,456729125.0,5853822.0,0.0121388888888888,0,16505217.0,7589713.0,12578136.0,0
3271,2020-01-15 14:45:00,81.4,1,0,23227.19822222212,466418350.0,5936411.0,0.0121388888888888,0,16926789.0,7771857.0,12812422.0,0
3271,2020-01-15 14:46:00,77.0,1,0,23825.39824999991,475813139.0,6022172.0,0.0121388888888888,0,17336001.0,7877245.0,13061164.0,0
3271,2020-01-15 14:47:00,74.60000000000002,1,0,23939.292666666515,478109654.0,6106803.0,0.0121388888888888,0,17454645.0,7896638.0,13154439.0,0
3271,2020-01-15 14:48:00,64.4,1,0,24019.32588888892,480360566.0,6289934.0,0.0121388888888888,0,17537529.0,7924391.0,13338909.0,0
3271,2020-01-15 14:49:00,58.400000000000006,1,0,24285.56824999992,486092644.0,6494047.0,0.0121388888888888,0,17775417.0,7990008.0,13451112.0,0
3271,2020-01-15 14:50:00,57.400000000000006,1,0,24315.03822222212,487587047.0,6524936.0,0.0121388888888888,0,17816793.0,8008689.0,13479504.0,0
3271,2020-01-15 14:51:00,55.80000000000001,1,0,24371.38574999992,489702602.0,6566185.0,0.0121388888888888,0,17896425.0,8035185.0,13522846.0,0
3271,2020-01-15 14:52:00,55.400000000000006,1,0,24371.38574999992,489702602.0,6577820.0,0.0121388888888888,0,17896425.0,8035367.0,13522846.0,0
3271,2020-01-15 14:53:00,51.0,1,0,24811.62805555552,498324553.0,6748576.0,0.0121388888888888,0,18200601.0,8153079.0,13670682.0,0
3271,2020-01-15 14:54:00,50.80000000000001,1,0,24828.28577777772,498624853.0,6748576.0,0.0121388888888888,0,18211989.0,8154927.0,13670683.0,0
3271,2020-01-15 14:55:00,50.0,1,0,24828.28577777772,498624854.0,6748576.0,0.0121388888888888,0,18211989.0,8154928.0,13670683.0,0
3271,2020-01-15 14:56:00,49.400000000000006,1,0,24831.25002777771,498658680.0,6775135.0,0.0121388888888888,0,18213105.0,8155633.0,13672659.0,0
3271,2020-01-15 14:57:00,48.20000000000002,1,0,24943.97838888891,498658681.0,6780803.0,0.0121388888888888,0,18213165.0,8155756.0,13675480.0,0
3271,2020-01-15 14:58:00,46.80000000000001,1,0,25110.743722222112,498658681.0,6780803.0,0.0121388888888888,0,18213165.0,8155757.0,13675480.0,0
3271,2020-01-15 14:59:00,44.20000000000002,1,0,25440.925999999912,505861383.0,6890445.0,0.0121388888888888,0,18457221.0,8239809.0,13797134.0,0
3271,2020-01-15 15:00:00,41.60000000000002,1,0,25764.100416666577,512575649.0,6999984.0,0.0121388888888888,0,18681658.0,8323254.0,14022866.0,0
3271,2020-01-15 15:01:00,40.20000000000002,1,0,26066.07419444435,516751769.0,7071796.0,0.0121388888888888,0,18892282.0,8388239.0,14102517.0,0
3271,2020-01-15 15:02:00,39.60000000000002,1,0,26212.536916666577,517803846.0,7073200.0,0.0121388888888888,0,18952942.0,8414380.0,14118143.0,0
3271,2020-01-15 15:03:00,35.19999999999999,1,0,27247.148499999912,530478417.0,7300570.0,0.0121388888888888,0,19478326.0,8626561.0,14448655.0,0
3271,2020-01-15 15:04:00,32.19999999999999,1,0,27733.265999999912,538591341.0,7462862.0,0.0121388888888888,0,19896634.0,8774938.0,15075463.0,0
3271,2020-01-15 15:05:00,30.600000000000023,1,0,27888.05963888872,541229782.0,7662178.0,0.0121388888888888,0,20075686.0,8809735.0,15251821.0,0
3271,2020-01-15 15:06:00,28.80000000000001,1,0,28054.95752777771,544015864.0,7787615.0,0.0121388888888888,0,20213266.0,8850163.0,15370265.0,0
3271,2020-01-15 15:07:00,24.600000000000023,1,0,28902.43599999991,556229885.0,7943238.0,0.0121388888888888,0,20736442.0,9121883.0,15958541.0,0
3271,2020-01-15 15:08:00,23.600000000000023,1,0,29120.66183333332,559565035.0,8009148.0,0.0121388888888888,0,20868250.0,9212872.0,16026388.0,0
3271,2020-01-15 15:09:00,23.0,1,0,29247.74533333331,561534353.0,8152642.0,0.0121388888888888,0,20955358.0,9244064.0,16106624.0,0
3271,2020-01-15 15:10:00,22.80000000000001,1,0,29247.74533333331,561534353.0,8154202.0,0.0121388888888888,0,20955358.0,9244065.0,16106625.0,0
3271,2020-01-15 15:11:00,19.80000000000001,1,0,29592.53033333331,569760480.0,8338061.0,0.0121388888888888,0,21362674.0,9369317.0,16576432.0,0
3271,2020-01-15 15:12:00,18.600000000000023,1,0,29760.091916666515,573487412.0,8389996.0,0.0121388888888888,0,21521782.0,9422245.0,16652664.0,0
3271,2020-01-15 15:13:00,17.400000000000034,1,0,29949.43869444431,577508026.0,8456102.0,0.0121388888888888,0,21662686.0,9490450.0,16766389.0,0
3271,2020-01-15 15:14:00,16.0,1,0,30132.40769444431,581603078.0,8532542.0,0.0121388888888888,0,21800387.0,9547847.0,16822316.0,0
3271,2020-01-15 15:15:00,15.199999999999989,1,0,30239.32436111111,583627802.0,8641300.0,0.0121388888888888,0,21844331.0,9571847.0,16865281.0,0
3271,2020-01-15 15:16:00,13.800000000000011,1,0,30403.31883333332,587156548.0,8697954.0,0.0121388888888888,0,21887087.0,9613991.0,16923898.0,0
3271,2020-01-15 15:17:00,8.400000000000034,1,0,30669.77427777772,594124002.0,9049461.0,0.0121388888888888,0,21907608.0,9682532.0,17070044.0,0
3271,2020-01-15 15:18:00,5.400000000000034,1,0,30960.82572222211,600947962.0,9211974.0,0.0121388888888888,0,21920748.0,9727980.0,17203242.0,0
3271,2020-01-15 15:19:00,3.8000000000000114,1,0,31184.00222222212,604579786.0,9269928.0,0.0121388888888888,0,21923904.0,9767724.0,17256048.0,0
3271,2020-01-15 15:20:00,3.6000000000000227,1,0,31234.601527777715,605203578.0,9289688.0,0.0121388888888888,0,21924084.0,9775961.0,17267124.0,0
3271,2020-01-15 15:21:00,3.400000000000034,1,0,31270.82891666652,605692755.0,9289688.0,0.0121388888888888,0,21924192.0,9781294.0,17275184.0,0
3307,2020-01-15 18:28:00,354.4,1,0,11.6175277777778,73632.0,520365.0,0.0,0,804.0,14758.0,256490.0,0
3307,2020-01-15 18:29:00,348.79999999999995,1,0,1309.9696111111175,536523.0,552267.0,0.0,0,220068.0,320987.0,360503.0,0
3307,2020-01-15 18:30:00,347.4,1,0,1625.5382777777777,582634.0,553333.0,0.0,0,282457.0,397347.0,372294.0,0
3307,2020-01-15 18:31:00,346.0,1,0,1912.8596111111176,662961.0,554035.0,0.0,0,332029.0,466059.0,402545.0,0
3307,2020-01-15 18:32:00,345.6,1,0,2029.5247777777777,691275.0,554035.0,0.0,0,354457.0,494328.0,410631.0,0
3307,2020-01-15 18:33:00,343.0,1,0,2575.454777777777,825253.0,562056.0,0.0,0,444613.0,627288.0,464763.0,0
3307,2020-01-15 18:34:00,337.79999999999995,1,0,3832.344499999978,1047748.0,581257.0,0.0,0,666026.0,896117.0,518388.0,0
3307,2020-01-15 18:35:00,334.79999999999995,1,0,4465.987722222178,1272896.0,582869.0,0.0055,0,785066.0,1024770.0,577435.0,0
3307,2020-01-15 18:36:00,330.6,1,0,5298.377055555578,1571455.0,588446.0,0.0055,0,934946.0,1207520.0,685660.0,0
3307,2020-01-15 18:37:00,326.79999999999995,1,0,6079.149999999978,1873874.0,600887.0,0.0055,0,1067823.0,1371152.0,835433.0,0
3307,2020-01-15 18:38:00,326.4,1,0,6165.433638888978,1906751.0,600939.0,0.0055,0,1084011.0,1389269.0,846496.0,0
3307,2020-01-15 18:39:00,323.79999999999995,1,0,6706.576305555578,2117780.0,613809.0,0.0055,0,1175523.0,1516370.0,953434.0,0
3307,2020-01-15 18:40:00,322.4,1,0,6993.923138888978,2288106.0,626484.0,0.0055,0,1223295.0,1580131.0,1009243.0,0
3307,2020-01-15 18:41:00,319.6,1,0,7572.800472222178,2486382.0,641980.0,0.0055,0,1320807.0,1712865.0,1089908.0,0
3307,2020-01-15 18:42:00,319.4,1,0,7600.955361111178,2492766.0,645516.0,0.0055,0,1325020.0,1719494.0,1095174.0,0
3307,2020-01-15 18:43:00,318.4,1,0,7793.484194444378,2584728.0,665068.0,0.0055,0,1360564.0,1770372.0,1154325.0,0
3307,2020-01-15 18:44:00,312.2,1,0,9069.793305555577,3481650.0,723295.0,0.0055,0,1596545.0,2085546.0,1442041.0,0
3307,2020-01-15 18:45:00,311.6,1,0,9226.138527777775,3597428.0,733617.0,0.0055,0,1626461.0,2125842.0,1466923.0,0
3307,2020-01-15 18:46:00,311.2,1,0,9289.779944444375,3635609.0,736907.0,0.0055,0,1638797.0,2141186.0,1485930.0,0
3307,2020-01-15 18:47:00,304.79999999999995,1,0,10686.298999999975,4518777.0,809889.0,0.0055,0,1926809.0,2473607.0,1764403.0,0
3307,2020-01-15 18:48:00,299.0,1,0,12029.552638888978,5914691.0,856195.0,0.0055,0,2213129.0,2777703.0,2140324.0,0
3307,2020-01-15 18:49:00,292.6,1,0,13036.308999999976,6705702.0,1130664.0,0.0055,0,2424665.0,3008912.0,2814998.0,0
3307,2020-01-15 18:50:00,289.0,1,0,13854.837861111177,7193475.0,1176308.0,0.0055,0,2597681.0,3189970.0,3047854.0,0
3307,2020-01-15 18:51:00,288.6,1,0,13937.398166666577,7223973.0,1181716.0,0.0055,0,2613497.0,3209710.0,3067588.0,0
3307,2020-01-15 18:52:00,283.0,1,0,15218.223944444377,7807452.0,1232117.0,0.0055,0,2878673.0,3472114.0,3328316.0,0
3307,2020-01-15 18:53:00,282.0,1,0,15436.184472222178,7902313.0,1240958.0,0.0055,0,2923337.0,3522199.0,3363169.0,0
3307,2020-01-15 18:54:00,278.0,1,0,16256.170861111175,8451914.0,1286185.0,0.0055,0,3085037.0,3706331.0,3574446.0,0
3307,2020-01-15 18:55:00,277.4,1,0,16372.246388888978,8527419.0,1297092.0,0.0055,0,3109157.0,3731684.0,3614669.0,0
3307,2020-01-15 18:56:00,271.4,1,0,17584.235749999978,9149378.0,1340798.0,0.0067222222222222,0,3344634.0,3996580.0,3801193.0,0
3307,2020-01-15 18:57:00,265.6,1,0,18779.542361111176,9671497.0,1346869.0,0.0067222222222222,0,3567726.0,4264884.0,3918869.0,0
3307,2020-01-15 18:58:00,262.6,1,0,19382.73199999997,9939895.0,1349911.0,0.0067222222222222,0,3673470.0,4403249.0,3975523.0,0
3307,2020-01-15 18:59:00,262.4,1,0,19397.154694444376,9946070.0,1349911.0,0.0067222222222222,0,3676782.0,4405063.0,3975523.0,0
3307,2020-01-15 19:00:00,257.79999999999995,1,0,20310.111833333776,10331169.0,1368800.0,0.0067222222222222,0,3828030.0,4623112.0,4144250.0,0
3307,2020-01-15 19:01:00,251.8,1,0,21578.286666665776,10926933.0,1390303.0,0.0067222222222222,0,4062127.0,4885324.0,4375299.0,0
3307,2020-01-15 19:02:00,251.2,1,0,21728.51213888978,10999929.0,1392930.0,0.0067222222222222,0,4087831.0,4916025.0,4394565.0,0
3307,2020-01-15 19:03:00,250.8,1,0,21799.81644444378,11031168.0,1393216.0,0.0067222222222222,0,4099555.0,4932522.0,4407552.0,0
3307,2020-01-15 19:04:00,249.4,1,0,22114.82247222178,11162793.0,1407360.0,0.0067222222222222,0,4160143.0,5001510.0,4471538.0,0
3307,2020-01-15 19:05:00,243.2,1,0,23358.560666665777,11775743.0,1478015.0,0.0082777777777778,0,4402411.0,5262121.0,4679824.0,0
3307,2020-01-15 19:06:00,240.2,1,0,24046.38497222178,12153380.0,1522514.0,0.0082777777777778,0,4542559.0,5404578.0,4787841.0,0
3307,2020-01-15 19:07:00,238.0,1,0,24548.806444443777,12357311.0,1540337.0,0.0082777777777778,0,4646251.0,5519059.0,4857899.0,0
3307,2020-01-15 19:08:00,234.4,1,0,25365.733749999778,12855238.0,1588346.0,0.0082777777777778,0,4824811.0,5696232.0,5049857.0,0
3307,2020-01-15 19:09:00,233.8,1,0,25505.836444443776,12888349.0,1588346.0,0.0082777777777778,0,4856035.0,5723305.0,5055356.0,0
3307,2020-01-15 19:10:00,233.2,1,0,25614.669055555776,12971601.0,1600281.0,0.0082777777777778,0,4878655.0,5745369.0,5080914.0,0
3307,2020-01-15 19:11:00,229.8,1,0,26310.538388889778,13426536.0,1681479.0,0.0082777777777778,0,5033143.0,5895962.0,5326081.0,0
3307,2020-01-15 19:12:00,228.2,1,0,26678.096944443776,13614048.0,1705750.0,0.0082777777777778,0,5116135.0,5968618.0,5396827.0,0
3307,2020-01-15 19:13:00,226.0,1,0,27159.512805555776,13922720.0,1737366.0,0.0082777777777778,0,5219827.0,6069038.0,5467560.0,0
3307,2020-01-15 19:14:00,220.0,1,0,28550.705361111777,14812388.0,1804784.0,0.0082777777777778,0,5530255.0,6358594.0,5660767.0,0
3307,2020-01-15 19:15:00,219.2,1,0,28770.54074999978,14936720.0,1818097.0,0.0082777777777778,0,5582612.0,6397478.0,5709530.0,0
3307,2020-01-15 19:16:00,218.6,1,0,28892.60683333378,15006556.0,1828796.0,0.0082777777777778,0,5614760.0,6416394.0,5728536.0,0
3307,2020-01-15 19:17:00,212.6,1,0,30246.33522222266,15792133.0,1898281.0,0.0082777777777778,0,5949921.0,6666735.0,5946221.0,0
3307,2020-01-15 19:18:00,208.6,1,0,31159.963472222586,16144979.0,1916364.0,0.0082777777777778,0,6175281.0,6826572.0,6030903.0,0
3307,2020-01-15 19:19:00,205.2,1,0,31860.773277778186,16562903.0,1938243.0,0.0082777777777778,0,6338541.0,6954496.0,6154286.0,0
3307,2020-01-15 19:20:00,199.6,1,0,33065.59827777818,17136242.0,1970626.0,0.0082777777777778,0,6628078.0,7175260.0,6347869.0,0
3307,2020-01-15 19:21:00,199.2,1,0,33128.387833333785,17170380.0,1970678.0,0.0082777777777778,0,6640846.0,7188606.0,6358828.0,0
3307,2020-01-15 19:22:00,199.0,1,0,33129.387833333785,17170380.0,1970990.0,0.0082777777777778,0,6640846.0,7188608.0,6358829.0,0
3307,2020-01-15 19:23:00,198.8,1,0,33129.387833333785,17170380.0,1987136.0,0.0082777777777778,0,6640846.0,7188680.0,6358830.0,0
3307,2020-01-15 19:24:00,192.8,1,0,34454.85861111159,17680643.0,2010770.0,0.0082777777777778,0,6946342.0,7443157.0,6460399.0,0
3307,2020-01-15 19:25:00,192.6,1,0,34493.63805555599,17689808.0,2010770.0,0.0082777777777778,0,6952378.0,7453003.0,6461998.0,0
3307,2020-01-15 19:26:00,188.0,1,0,35306.91808333379,18003927.0,2021209.0,0.0090555555555554,0,7134250.0,7619540.0,6531964.0,0
3307,2020-01-15 19:27:00,187.8,1,0,35306.91808333379,18003927.0,2021210.0,0.0090555555555554,0,7134250.0,7619542.0,6531964.0,0
3307,2020-01-15 19:28:00,177.79999999999998,1,0,35313.84350000039,18029381.0,2165809.0,0.0090555555555554,0,7135870.0,7623574.0,6708114.0,0
3307,2020-01-15 19:29:00,172.59999999999997,1,0,35934.38780555599,18364729.0,2346964.0,0.0090555555555554,0,7282894.0,7745682.0,6962628.0,0
3307,2020-01-15 19:30:00,172.2,1,0,35935.19491666719,18381148.0,2353100.0,0.0090555555555554,0,7293070.0,7753202.0,6971117.0,0
3307,2020-01-15 19:31:00,166.2,1,0,37203.10013888939,19378534.0,2405256.0,0.0090555555555554,0,7602634.0,8001215.0,7209889.0,0
3307,2020-01-15 19:32:00,165.2,1,0,37453.18863888938,19554541.0,2419751.0,0.0090555555555554,0,7658734.0,8045108.0,7269195.0,0
3307,2020-01-15 19:33:00,162.79999999999998,1,0,37987.49847222259,20406665.0,2454357.0,0.0090555555555554,0,7772134.0,8153761.0,7450819.0,0
3307,2020-01-15 19:34:00,161.2,1,0,38339.0110833337,20943383.0,2488573.0,0.0090555555555554,0,7848754.0,8223070.0,7539895.0,0
3307,2020-01-15 19:35:00,157.39999999999998,1,0,39159.12880555593,23090958.0,2582953.0,0.0090555555555554,0,8032246.0,8380983.0,7797283.0,0
3307,2020-01-15 19:36:00,155.39999999999998,1,0,39580.96636111147,24833790.0,2644378.0,0.0090555555555554,0,8120086.0,8476276.0,7937865.0,0
3307,2020-01-15 19:37:00,149.59999999999997,1,0,40740.9298888892,30679734.0,2874205.0,0.0090555555555554,0,8370454.0,8736312.0,8470722.0,0
3307,2020-01-15 19:38:00,148.99999999999997,1,0,40862.86150000039,31230661.0,2893146.0,0.0090555555555554,0,8400514.0,8768528.0,8528157.0,0
3307,2020-01-15 19:39:00,144.99999999999997,1,0,41660.251222222585,34211847.0,2995586.0,0.0090555555555554,0,8588830.0,8937552.0,8819735.0,0
3307,2020-01-15 19:40:00,143.39999999999998,1,0,42014.17888888918,35718521.0,3046611.0,0.0090555555555554,0,8672542.0,9006860.0,8939881.0,0
3307,2020-01-15 19:41:00,140.59999999999997,1,0,42571.160388889184,38187780.0,3114692.0,0.0090555555555554,0,8797955.0,9130018.0,9135544.0,0
3307,2020-01-15 19:42:00,140.2,1,0,42593.97247222259,38249751.0,3125560.0,0.0090555555555554,0,8802227.0,9134007.0,9139340.0,0
3307,2020-01-15 19:43:00,138.99999999999997,1,0,42812.86647222259,39418282.0,3166068.0,0.0090555555555554,0,8855603.0,9184024.0,9202416.0,0
3307,2020-01-15 19:44:00,138.39999999999998,1,0,42913.8728888892,39963970.0,3180771.0,0.0090555555555554,0,8876532.0,9207636.0,9246148.0,0
3307,2020-01-15 19:45:00,136.2,1,0,43313.7486944448,41779173.0,3253649.0,0.0090555555555554,0,8968356.0,9285464.0,9376993.0,0
3307,2020-01-15 19:46:00,134.59999999999997,1,0,43639.3982500004,42885616.0,3299747.0,0.0090555555555554,0,9031008.0,9347313.0,9478445.0,0
3307,2020-01-15 19:47:00,132.39999999999998,1,0,44043.6616111114,44575616.0,3356869.0,0.0090555555555554,0,9112632.0,9428562.0,9574749.0,0
3307,2020-01-15 19:48:00,132.2,1,0,44090.9002500004,44661715.0,3357831.0,0.0090555555555554,0,9123528.0,9434690.0,9579936.0,0
3307,2020-01-15 19:49:00,128.79999999999998,1,0,44784.8618333338,47299142.0,3438743.0,0.0090555555555554,0,9261480.0,9570202.0,9702734.0,0
3307,2020-01-15 19:50:00,127.39999999999998,1,0,45039.4427222226,48007356.0,3461714.0,0.0090555555555554,0,9313980.0,9618883.0,9753668.0,0
3307,2020-01-15 19:51:00,125.99999999999996,1,0,45292.1206944448,48646371.0,3479875.0,0.0090555555555554,0,9362929.0,9672208.0,9800637.0,0
3307,2020-01-15 19:52:00,122.79999999999998,1,0,45854.311416667,50112771.0,3513285.0,0.0090555555555554,0,9476773.0,9795540.0,9904403.0,0
3307,2020-01-15 19:53:00,120.99999999999996,1,0,46155.1010277782,51192772.0,3552558.0,0.0090555555555554,0,9535921.0,9864936.0,9979257.0,0
3307,2020-01-15 19:54:00,119.39999999999998,1,0,46442.473305556,52251947.0,3580313.0,0.0090555555555554,0,9600049.0,9915468.0,10063770.0,0
3307,2020-01-15 19:55:00,115.2,1,0,47212.7716944448,54823828.0,3653529.0,0.0090555555555554,0,9754261.0,10080980.0,10208486.0,0
3307,2020-01-15 19:56:00,114.99999999999996,1,0,47262.751500000406,54899501.0,3660394.0,0.0090555555555554,0,9767006.0,10087060.0,10230378.0,0
3307,2020-01-15 19:57:00,114.79999999999998,1,0,47295.352416667,54968713.0,3661707.0,0.0090555555555554,0,9776727.0,10091960.0,10240154.0,0
3307,2020-01-15 19:58:00,114.2,1,0,47418.6141944448,55369672.0,3676306.0,0.0090555555555554,0,9798087.0,10119952.0,10270146.0,0
3307,2020-01-15 19:59:00,112.59999999999997,1,0,47729.3322777782,56552945.0,3691412.0,0.0090555555555554,0,9857751.0,10185857.0,10315465.0,0
3307,2020-01-15 20:00:00,106.39999999999998,1,0,48928.6693611114,61468843.0,3735469.0,0.0090555555555554,0,10102923.0,10467465.0,10597331.0,0
3307,2020-01-15 20:01:00,102.39999999999998,1,0,49721.5092222226,65254378.0,3808399.0,0.0090555555555554,0,10263135.0,10624261.0,10801067.0,0
3307,2020-01-15 20:02:00,97.2,1,0,50803.0864444448,71151529.0,3918392.0,0.0090555555555554,0,10484943.0,10854937.0,11120594.0,0
3307,2020-01-15 20:03:00,93.59999999999997,1,0,51525.3942222226,76022369.0,4013630.0,0.0090555555555554,0,10638963.0,11014523.0,11404956.0,0
3307,2020-01-15 20:04:00,91.79999999999995,1,0,51898.958416667,79098989.0,4066085.0,0.0090555555555554,0,10708840.0,11099644.0,11544758.0,0
3307,2020-01-15 20:05:00,91.59999999999997,1,0,51941.9665000004,79414279.0,4084311.0,0.0090555555555554,0,10720564.0,11105913.0,11559422.0,0
3307,2020-01-15 20:06:00,89.59999999999997,1,0,52365.7170000004,82413431.0,4150689.0,0.0090555555555554,0,10808140.0,11186138.0,11733141.0,0
3307,2020-01-15 20:07:00,83.59999999999997,1,0,53518.776305556006,91546490.0,4410104.0,0.0090555555555554,0,11039200.0,11432810.0,12310146.0,0
3307,2020-01-15 20:08:00,82.0,1,0,53837.55766666701,94609472.0,4490743.0,0.0090555555555554,0,11102632.0,11502379.0,12439457.0,0
3307,2020-01-15 20:09:00,77.0,1,0,54852.00400000041,104324294.0,4681454.0,0.0090555555555554,0,11298040.0,11735107.0,12846656.0,0
3307,2020-01-15 20:10:00,71.0,1,0,56140.92641666701,116259802.0,4885957.0,0.0090555555555554,0,11560481.0,12001648.0,13299030.0,0
3307,2020-01-15 20:11:00,67.39999999999998,1,0,56911.95872222261,123615346.0,4963581.0,0.0090555555555554,0,11708981.0,12169528.0,13548448.0,0
3307,2020-01-15 20:12:00,66.0,1,0,57203.875833333805,126875577.0,5031285.0,0.0090555555555554,0,11770529.0,12227720.0,13657661.0,0
3307,2020-01-15 20:13:00,60.0,1,0,58503.2414166666,139521002.0,5186038.0,0.0090555555555554,0,12020801.0,12507785.0,13990110.0,0
3307,2020-01-15 20:14:00,59.599999999999966,1,0,58613.9892500006,140772369.0,5187949.0,0.0090555555555554,0,12038934.0,12535677.0,14017254.0,0
3307,2020-01-15 20:15:00,56.0,1,0,59437.1386388886,148141913.0,5221424.0,0.0090555555555554,0,12196086.0,12710766.0,14139454.0,0
3307,2020-01-15 20:16:00,55.0,1,0,59677.7313333346,150476662.0,5234957.0,0.0090555555555554,0,12243846.0,12756978.0,14175855.0,0
3307,2020-01-15 20:17:00,54.39999999999998,1,0,59810.5555555566,151775687.0,5242055.0,0.0090555555555554,0,12266838.0,12784734.0,14186372.0,0
3307,2020-01-15 20:18:00,51.19999999999999,1,0,60563.86311111059,157976765.0,5261841.0,0.0090555555555554,0,12416263.0,12929875.0,14273550.0,0
3307,2020-01-15 20:19:00,50.599999999999966,1,0,60695.93691666659,159256641.0,5264740.0,0.0090555555555554,0,12442531.0,12958276.0,14285705.0,0
3307,2020-01-15 20:20:00,48.39999999999998,1,0,61183.68969444458,163491847.0,5282720.0,0.0090555555555554,0,12534847.0,13049977.0,14354567.0,0
3307,2020-01-15 20:21:00,48.19999999999999,1,0,61240.74688888859,163899982.0,5284111.0,0.0090555555555554,0,12544963.0,13059306.0,14361756.0,0
3307,2020-01-15 20:22:00,48.0,1,0,61287.51741666637,164384115.0,5290377.0,0.0090555555555554,0,12554491.0,13068582.0,14380658.0,0
3307,2020-01-15 20:23:00,47.0,1,0,61510.25538888858,166609299.0,5296319.0,0.0090555555555554,0,12594451.0,13113651.0,14424858.0,0
3307,2020-01-15 20:24:00,45.599999999999966,1,0,61811.017722221935,169876979.0,5304743.0,0.0090555555555554,0,12657692.0,13172091.0,14458099.0,0
3307,2020-01-15 20:25:00,41.0,1,0,62893.65952777746,181254462.0,5325803.0,0.0090555555555554,0,12881120.0,13370151.0,14575256.0,0
3307,2020-01-15 20:27:00,36.39999999999998,1,0,63956.1220555552,192575837.0,5339141.0,0.0090555555555554,0,13099460.0,13575444.0,14694765.0,0
3307,2020-01-15 20:28:00,35.599999999999966,1,0,64180.37563888858,194998907.0,5339375.0,0.0090555555555554,0,13143692.0,13618893.0,14712146.0,0
3307,2020-01-15 20:29:00,32.599999999999966,1,0,64936.9565277774,203980308.0,5357511.0,0.0168888888888888,0,13295744.0,13769026.0,14820800.0,0
3307,2020-01-15 20:30:00,30.799999999999955,1,0,65393.408499999794,209448420.0,5368886.0,0.0168888888888888,0,13393976.0,13860116.0,14903610.0,0
3307,2020-01-15 20:31:00,29.59999999999997,1,0,65699.4865555552,212983237.0,5374970.0,0.0168888888888888,0,13457192.0,13921513.0,14952321.0,0
3307,2020-01-15 20:32:00,28.399999999999977,1,0,65982.2429444442,216238567.0,5390427.0,0.0168888888888888,0,13513952.0,13987201.0,15015398.0,0
3307,2020-01-15 20:33:00,28.0,1,0,66071.4323888886,217178987.0,5394691.0,0.0168888888888888,0,13533392.0,14005458.0,15053774.0,0
3307,2020-01-15 20:34:00,25.19999999999999,1,0,66812.2375277774,225006040.0,5414529.0,0.0168888888888888,0,13679504.0,14161568.0,15173881.0,0
3307,2020-01-15 20:35:00,24.59999999999997,1,0,66961.708972222,226890767.0,5419963.0,0.0168888888888888,0,13715420.0,14186294.0,15264374.0,0
3307,2020-01-15 20:36:00,23.0,1,0,67308.782083333,232159421.0,5429648.0,0.0168888888888888,0,13796120.0,14257886.0,15350031.0,0
3307,2020-01-15 20:37:00,21.399999999999977,1,0,67666.8086388886,236602249.0,5460718.0,0.0168888888888888,0,13874960.0,14336466.0,15425574.0,0
3307,2020-01-15 20:38:00,21.19999999999999,1,0,67726.0535555552,237092870.0,5466244.0,0.0168888888888888,0,13887500.0,14344567.0,15429994.0,0
3307,2020-01-15 20:39:00,20.19999999999999,1,0,67952.6731666664,239953377.0,5490424.0,0.0168888888888888,0,13932500.0,14392332.0,15494396.0,0
3307,2020-01-15 20:41:00,9.799999999999956,1,0,70368.859833333,270564321.0,5677561.0,0.0168888888888888,0,14447900.0,14869002.0,16291491.0,0
3307,2020-01-15 20:42:00,5.599999999999966,1,0,71397.4721944442,283974666.0,5749750.0,0.0168888888888888,0,14642336.0,15091282.0,16640749.0,0
3307,2020-01-15 20:43:00,4.199999999999989,1,0,71397.4721944442,283974666.0,5750166.0,0.0168888888888888,0,14642336.0,15091282.0,16640749.0,0
3307,2020-01-15 20:44:00,3.599999999999966,1,0,71398.4721944442,283974666.0,5762764.0,0.0168888888888888,0,14642336.0,15091366.0,16640749.0,0
3307,2020-01-15 20:45:00,3.3999999999999773,1,0,71447.421222222,284616762.0,5772657.0,0.0168888888888888,0,14651385.0,15102779.0,16660613.0,0
3307,2020-01-15 20:46:00,3.0,1,0,71511.9846944442,285597105.0,5779261.0,0.0168888888888888,0,14670297.0,15112919.0,16678138.0,0
3942,2020-01-17 11:04:00,259.2,1,0,495.4928333333356,499421.0,286962.0,0.020777777777778,0,101040.0,232524.0,417651.0,0
3942,2020-01-17 11:05:00,255.4,1,0,910.8296944444356,946426.0,438126.0,0.020777777777778,0,171600.0,410598.0,899743.0,0
3942,2020-01-17 11:06:00,249.0,1,0,1675.1410833333357,1953289.0,674076.0,0.020777777777778,0,292212.0,925862.0,1502410.0,0
3942,2020-01-17 11:07:00,242.6,1,0,2379.777833333356,3080441.0,1177579.0,0.020777777777778,0,423973.0,1304293.0,2298816.0,0
3942,2020-01-17 11:08:00,236.4,1,0,3117.862027777755,4455100.0,1963677.0,0.021472222222222,0,563929.0,1743756.0,3589782.0,0
3942,2020-01-17 11:09:00,235.6,1,0,3217.418999999956,4924504.0,2119651.0,0.021472222222222,0,573889.0,1800028.0,3753426.0,0
3942,2020-01-17 11:10:00,234.8,1,0,3296.261027777756,5173182.0,2232127.0,0.021472222222222,0,586453.0,1851252.0,3911428.0,0
3942,2020-01-17 11:11:00,233.8,1,0,3384.517999999955,5597502.0,2420978.0,0.021472222222222,0,624229.0,1907492.0,4052322.0,0
3942,2020-01-17 11:12:00,227.6,1,0,4189.417749999956,7811272.0,3555969.0,0.037194444444444,0,783973.0,2359304.0,5268667.0,0
3942,2020-01-17 11:13:00,221.2,1,0,5063.135416666755,9211957.0,4571191.0,0.037194444444444,0,940933.0,2746744.0,6436354.0,0
3942,2020-01-17 11:14:00,220.6,1,0,5189.067166666756,9389004.0,4676751.0,0.037194444444444,0,960205.0,2800417.0,6558879.0,0
3942,2020-01-17 11:15:00,218.4,1,0,5375.976166666756,9883095.0,4907995.0,0.037194444444444,0,1010701.0,2950401.0,6784806.0,0
3942,2020-01-17 11:16:00,207.8,1,0,6792.276055555556,11645804.0,6138055.0,0.037194444444444,0,1157077.0,3875190.0,8229770.0,0
3942,2020-01-17 11:17:00,206.6,1,0,6920.986333333356,11824567.0,6248971.0,0.037194444444444,0,1174645.0,3963334.0,8393090.0,0
3942,2020-01-17 11:18:00,205.4,1,0,7069.709055555556,11920689.0,6301322.0,0.037194444444444,0,1228430.0,4029200.0,8521725.0,0
3942,2020-01-17 11:19:00,204.4,1,0,7170.502111111156,12079575.0,6389397.0,0.037194444444444,0,1240886.0,4098750.0,8694495.0,0
3942,2020-01-17 11:20:00,203.4,1,0,7327.144222222156,12305047.0,6457374.0,0.037194444444444,0,1255910.0,4169626.0,8894006.0,0
3942,2020-01-17 11:21:00,202.4,1,0,7448.074749999955,12486059.0,6541575.0,0.037194444444444,0,1272458.0,4219882.0,8967469.0,0
3942,2020-01-17 11:22:00,198.4,1,0,8004.308222222156,12963081.0,6742815.0,0.037194444444444,0,1376426.0,4460435.0,9658822.0,0
3942,2020-01-17 11:23:00,193.0,1,0,8643.527083333276,13720318.0,6950088.0,0.037194444444444,0,1486526.0,4800512.0,10316791.0,0
3942,2020-01-17 11:24:00,192.0,1,0,8728.984277777716,13851969.0,6994743.0,0.037194444444444,0,1504130.0,4886049.0,10394830.0,0
3942,2020-01-17 11:26:00,189.0,1,0,8986.021749999936,14276042.0,7111236.0,0.037194444444444,0,1607283.0,5025409.0,10748833.0,0
3942,2020-01-17 11:27:00,188.0,1,0,9087.700138888817,14424190.0,7144672.0,0.037194444444444,0,1631847.0,5101569.0,10850272.0,0
3942,2020-01-17 11:28:00,187.0,1,0,9190.860499999935,14556648.0,7185778.0,0.037194444444444,0,1648023.0,5151981.0,10969859.0,0
3942,2020-01-17 11:29:00,186.0,1,0,9288.593833333278,14860562.0,7226585.0,0.037194444444444,0,1670199.0,5209125.0,11070193.0,0
3942,2020-01-17 11:31:00,184.0,1,0,9480.702611111055,15143819.0,7293041.0,0.037194444444444,0,1714935.0,5367451.0,11238739.0,0
3942,2020-01-17 11:33:00,179.79999999999998,1,0,9935.972999999936,15582894.0,7406219.0,0.037194444444444,0,1873455.0,5590728.0,11719479.0,0
3942,2020-01-17 11:35:00,174.2,1,0,10446.988083333355,16408564.0,7625920.0,0.037194444444444,0,2065743.0,5830034.0,12328594.0,0
3942,2020-01-17 11:36:00,171.39999999999998,1,0,10665.481638888756,16790946.0,7878107.0,0.037194444444444,0,2146095.0,5975551.0,12617507.0,0
3942,2020-01-17 11:37:00,170.6,1,0,10747.314666666556,16920972.0,7939064.0,0.0400833333333328,0,2179023.0,6036868.0,12741033.0,0
3942,2020-01-17 11:38:00,165.0,1,0,11156.041916666556,17876576.0,8457101.0,0.0400833333333328,0,2271712.0,6281337.0,13499713.0,0
3942,2020-01-17 11:39:00,162.0,1,0,11386.617833333356,18289430.0,8779085.0,0.0400833333333328,0,2399656.0,6408757.0,13843914.0,0
3942,2020-01-17 11:40:00,161.79999999999998,1,0,11412.081166666556,18386969.0,8857254.0,0.0400833333333328,0,2408512.0,6422345.0,13922278.0,0
3942,2020-01-17 11:41:00,160.6,1,0,11568.389222222157,18602821.0,9031961.0,0.0400833333333328,0,2462860.0,6478593.0,14094879.0,0
3942,2020-01-17 11:42:00,154.2,1,0,12232.578249999957,19531606.0,9735755.0,0.0400833333333328,0,2763688.0,6793721.0,14915595.0,0
3942,2020-01-17 11:43:00,150.6,1,0,12570.301777777757,20387436.0,10174948.0,0.0400833333333328,0,2887588.0,6982757.0,15518042.0,0
3942,2020-01-17 11:44:00,149.79999999999998,1,0,12653.197027777756,20486977.0,10199986.0,0.0400833333333328,0,2930476.0,7029282.0,15634093.0,0
3942,2020-01-17 11:45:00,147.0,1,0,12923.860777777756,21066283.0,10599307.0,0.0409166666666662,0,3040276.0,7165091.0,16005230.0,0
3942,2020-01-17 11:46:00,146.6,1,0,12972.261916666555,21123054.0,10655285.0,0.0409166666666662,0,3047645.0,7187928.0,16054734.0,0
3942,2020-01-17 11:47:00,143.6,1,0,13210.403583333358,21464564.0,10862584.0,0.0409166666666662,0,3117449.0,7327226.0,16395426.0,0
3942,2020-01-17 11:48:00,140.79999999999998,1,0,13489.05844444436,21880031.0,11052657.0,0.0409166666666662,0,3212033.0,7541590.0,16757697.0,0
3942,2020-01-17 11:49:00,138.0,1,0,13736.149916666558,22382429.0,11284928.0,0.0409166666666662,0,3278765.0,7704151.0,17034922.0,0
3942,2020-01-17 11:50:00,137.0,1,0,13806.134472222158,22511077.0,11342687.0,0.0409166666666662,0,3294737.0,7768159.0,17077861.0,0
3942,2020-01-17 11:51:00,134.39999999999998,1,0,13945.042333333358,22753163.0,11501118.0,0.0409166666666662,0,3339821.0,7841775.0,17237879.0,0
3942,2020-01-17 11:52:00,131.39999999999998,1,0,14094.705805555555,22912751.0,11678321.0,0.0409166666666662,0,3430781.0,7891059.0,17360001.0,0
3942,2020-01-17 11:53:00,128.6,1,0,14292.243083333356,23221046.0,11850194.0,0.0409166666666662,0,3471461.0,7984264.0,17549411.0,0
3942,2020-01-17 11:54:00,125.79999999999998,1,0,14494.654722222156,23495073.0,12023497.0,0.0409166666666662,0,3507413.0,8094952.0,17759075.0,0
3942,2020-01-17 11:55:00,123.0,1,0,14796.458999999955,23727344.0,12146438.0,0.0409166666666662,0,3611405.0,8264737.0,17981726.0,0
3942,2020-01-17 11:56:00,122.79999999999998,1,0,14826.031638888757,23760975.0,12158190.0,0.0409166666666662,0,3618426.0,8275574.0,18002747.0,0
3942,2020-01-17 11:57:00,120.0,1,0,15071.439027777637,24269003.0,12246239.0,0.0475277777777774,0,3720918.0,8391023.0,18262838.0,0
3942,2020-01-17 11:58:00,117.2,1,0,15360.280777777634,24590142.0,12351176.0,0.0475277777777774,0,3799626.0,8540035.0,18549306.0,0
3942,2020-01-17 11:59:00,117.0,1,0,15370.086555555414,24609161.0,12352073.0,0.0475277777777774,0,3800335.0,8544859.0,18560070.0,0
3942,2020-01-17 12:00:00,112.79999999999998,1,0,15713.621722222091,24898060.0,12526728.0,0.0796388888888882,0,3931435.0,8690591.0,18931545.0,0
3942,2020-01-17 12:01:00,110.0,1,0,15924.193111110972,25180993.0,12641661.0,0.1052222222222222,0,4037503.0,8803072.0,19081306.0,0
3942,2020-01-17 12:02:00,109.2,1,0,15989.172527777631,25229132.0,12668363.0,0.1113333333333322,0,4066807.0,8833074.0,19139195.0,0
3942,2020-01-17 12:03:00,109.0,1,0,15992.105388888753,25253572.0,12674707.0,0.1113333333333322,0,4067227.0,8834835.0,19146267.0,0
3942,2020-01-17 12:04:00,106.2,1,0,16320.795333333192,25597409.0,12740045.0,0.1113333333333322,0,4201591.0,8962028.0,19398129.0,0
3942,2020-01-17 12:05:00,100.2,1,0,16714.767055555414,26122310.0,13115616.0,0.1161111111111102,0,4360771.0,9168845.0,19801831.0,0
3942,2020-01-17 12:06:00,97.39999999999998,1,0,16886.012111110955,26374329.0,13288958.0,0.1204444444444442,0,4405591.0,9258398.0,20078042.0,0
3942,2020-01-17 12:07:00,94.6,1,0,17100.673888888756,26716711.0,13564831.0,0.1226944444444442,0,4472059.0,9385535.0,20301383.0,0
3942,2020-01-17 12:08:00,92.39999999999998,1,0,17272.716999999957,27003309.0,13734416.0,0.1226944444444442,0,4566055.0,9484735.0,20483865.0,0
3942,2020-01-17 12:09:00,90.79999999999998,1,0,17402.190583333155,27182514.0,13907732.0,0.1226944444444442,0,4597531.0,9521815.0,20613059.0,0
3942,2020-01-17 12:10:00,88.0,1,0,17766.852916666554,27700070.0,14130305.0,0.1226944444444442,0,4725739.0,9690147.0,20918741.0,0
3942,2020-01-17 12:11:00,87.6,1,0,17799.764666666553,27819358.0,14196423.0,0.1226944444444442,0,4733131.0,9711139.0,20964501.0,0
3942,2020-01-17 12:12:00,87.39999999999998,1,0,17803.005361110954,27827470.0,14214168.0,0.1226944444444442,0,4733167.0,9712964.0,20978203.0,0
3942,2020-01-17 12:13:00,84.39999999999998,1,0,18040.29866666656,28329647.0,14418892.0,0.1322777777777782,0,4816435.0,9839530.0,21273369.0,0
3942,2020-01-17 12:14:00,81.6,1,0,18327.15980555535,28817550.0,14744607.0,0.1937500000000002,0,4890343.0,9948250.0,21541052.0,0
3942,2020-01-17 12:15:00,78.79999999999998,1,0,18634.43566666655,29444995.0,15188037.0,0.2082500000000002,0,4991095.0,10075182.0,21866507.0,0
3942,2020-01-17 12:16:00,75.79999999999998,1,0,18865.53791666655,30043580.0,15535345.0,0.2171111111111102,0,5054395.0,10270934.0,22143213.0,0
3942,2020-01-17 12:17:00,72.6,1,0,19166.35086111096,30817977.0,15931768.0,0.2171111111111102,0,5141695.0,10449787.0,22516066.0,0
3942,2020-01-17 12:18:00,72.0,1,0,19208.262361110952,30889672.0,15953569.0,0.2171111111111102,0,5143819.0,10477789.0,22519915.0,0
3942,2020-01-17 12:19:00,69.19999999999999,1,0,19572.88824999984,31375287.0,16220147.0,0.217999999999999,0,5198876.0,10674353.0,22852143.0,0
3942,2020-01-17 12:20:00,66.39999999999998,1,0,19831.787388888737,31923029.0,16509254.0,0.2217222222222214,0,5257437.0,10861131.0,23219159.0,0
3942,2020-01-17 12:21:00,63.6,1,0,20038.475777777618,32316682.0,16774675.0,0.2217222222222214,0,5319021.0,10980756.0,23471528.0,0
3942,2020-01-17 12:22:00,60.19999999999999,1,0,20393.29797222208,32808889.0,17095879.0,0.2249166666666658,0,5425401.0,11130833.0,23766667.0,0
3942,2020-01-17 12:23:00,57.39999999999998,1,0,20641.33036111095,33129183.0,17355125.0,0.2317777777777768,0,5527605.0,11242623.0,24001993.0,0
3942,2020-01-17 12:24:00,55.79999999999998,1,0,20823.499583333178,33283779.0,17413924.0,0.234249999999999,0,5572677.0,11313551.0,24150479.0,0
3942,2020-01-17 12:25:00,54.39999999999998,1,0,20949.20924999984,33444342.0,17512334.0,0.234249999999999,0,5607069.0,11365723.0,24311497.0,0
3942,2020-01-17 12:26:00,51.19999999999999,1,0,21285.42197222216,33895001.0,17688095.0,0.2350833333333324,0,5738169.0,11469361.0,24582313.0,0
3942,2020-01-17 12:27:00,51.0,1,0,21285.42197222216,33895001.0,17695077.0,0.2350833333333324,0,5738169.0,11469377.0,24589762.0,0
3942,2020-01-17 12:28:00,50.0,1,0,21394.03897222215,33990707.0,17764888.0,0.2350833333333324,0,5758209.0,11509154.0,24683843.0,0
3942,2020-01-17 12:29:00,49.79999999999998,1,0,21395.03897222215,33993476.0,17777836.0,0.2350833333333324,0,5758210.0,11509314.0,24687509.0,0
3942,2020-01-17 12:30:00,48.79999999999998,1,0,21447.77822222215,34088428.0,17823817.0,0.2350833333333324,0,5761834.0,11544519.0,24770228.0,0
3942,2020-01-17 12:31:00,46.19999999999999,1,0,21747.55177777756,34424387.0,17894680.0,0.2350833333333324,0,5816278.0,11662968.0,25007504.0,0
3942,2020-01-17 12:32:00,42.6,1,0,22208.333944444348,34952578.0,17963905.0,0.2350833333333324,0,5936578.0,11808392.0,25372831.0,0
3942,2020-01-17 12:33:00,41.6,1,0,22303.665888888743,35121162.0,18004088.0,0.2350833333333324,0,5953594.0,11846865.0,25472840.0,0
3942,2020-01-17 12:34:00,41.39999999999998,1,0,22305.220166666542,35121968.0,18004088.0,0.2350833333333324,0,5956426.0,11847310.0,25472841.0,0
3942,2020-01-17 12:35:00,40.0,1,0,22524.003611110948,35269193.0,18035769.0,0.2350833333333324,0,6011410.0,11948174.0,25556054.0,0
3942,2020-01-17 12:36:00,37.19999999999999,1,0,22841.096194444348,35596260.0,18098078.0,0.2547777777777762,0,6106607.0,12066330.0,25847345.0,0
3942,2020-01-17 12:37:00,34.39999999999998,1,0,23216.993527777548,35974196.0,18177119.0,0.2624166666666662,0,6202775.0,12167538.0,26092682.0,0
3942,2020-01-17 12:38:00,31.599999999999994,1,0,23574.988916666545,36300236.0,18292247.0,0.2655555555555542,0,6301775.0,12268994.0,26416148.0,0
3942,2020-01-17 12:39:00,28.799999999999983,1,0,23909.218916666545,36567958.0,18475248.0,0.2695833333333322,0,6435804.0,12388243.0,26751405.0,0
3942,2020-01-17 12:40:00,28.19999999999999,1,0,23980.070777777542,36640875.0,18517966.0,0.2695833333333322,0,6450336.0,12426612.0,26810607.0,0
3942,2020-01-17 12:41:00,27.399999999999977,1,0,24061.705361110944,36708904.0,18571734.0,0.2695833333333322,0,6487129.0,12448036.0,26979191.0,0
3942,2020-01-17 12:42:00,26.599999999999994,1,0,24118.323444444344,37039988.0,18616714.0,0.2695833333333322,0,6506389.0,12478808.0,27134905.0,0
3942,2020-01-17 12:43:00,26.0,1,0,24227.788861110945,37166400.0,18623175.0,0.2701388888888882,0,6534061.0,12521181.0,27192209.0,0
3942,2020-01-17 12:44:00,24.799999999999983,1,0,24364.067999999745,37370968.0,18676527.0,0.2701388888888882,0,6585926.0,12576538.0,27295975.0,0
3942,2020-01-17 12:45:00,22.0,1,0,24684.718416666405,37719784.0,18883969.0,0.277416666666666,0,6675494.0,12716335.0,27521603.0,0
3942,2020-01-17 12:46:00,19.19999999999999,1,0,25025.697833333084,38233063.0,19110547.0,0.277416666666666,0,6808346.0,12874479.0,27805172.0,0
3942,2020-01-17 12:47:00,16.399999999999977,1,0,25295.046499999746,38587404.0,19366231.0,0.277416666666666,0,6957806.0,12986807.0,28013770.0,0
3942,2020-01-17 12:48:00,13.799999999999985,1,0,25574.175861110867,39133937.0,19597696.0,0.2813611111111104,0,7021478.0,13138443.0,28300108.0,0
3942,2020-01-17 12:49:00,11.0,1,0,25853.660499999747,39672462.0,19926596.0,0.2918333333333322,0,7109330.0,13275085.0,28623587.0,0
3942,2020-01-17 12:50:00,8.199999999999989,1,0,26110.92488888863,40114943.0,20197399.0,0.2918333333333322,0,7196522.0,13431183.0,28929127.0,0
3942,2020-01-17 12:51:00,5.399999999999977,1,0,26381.531166666347,40693600.0,20458764.0,0.2918333333333322,0,7294634.0,13579732.0,29241634.0,0
3942,2020-01-17 12:52:00,5.199999999999989,1,0,26408.962694444148,40820220.0,20475807.0,0.2918333333333322,0,7307198.0,13605689.0,29284157.0,0
3942,2020-01-17 12:53:00,2.3999999999999773,1,0,26611.00252777756,41262597.0,20793202.0,0.3077222222222222,0,7376198.0,13706862.0,29613642.0,0
4304,2020-01-18 18:07:00,322.8,1,0,1097.7678055555489,971035.0,412633.0,0.000361111111111,0,823884.0,141384.0,203724.0,1
4304,2020-01-18 18:08:00,293.40000000000003,1,0,5980.717000000089,7725341.0,1273519.0,0.000361111111111,0,4324921.0,778837.0,3088710.0,1
4304,2020-01-18 18:09:00,275.2,1,0,8608.366305555488,10497188.0,1476644.0,0.000361111111111,0,6142489.0,1115890.0,3829164.0,1
4304,2020-01-18 18:10:00,270.0,1,0,9310.853722222148,10741588.0,1530867.0,0.0062777777777776,0,6586645.0,1188611.0,3863328.0,1
4304,2020-01-18 18:13:00,255.0,1,0,10606.516805555488,11383593.0,1583686.0,0.010361111111111,0,7479914.0,1362714.0,4073734.0,1
4304,2020-01-18 18:14:00,251.4,1,0,11194.803833333288,11618763.0,1610102.0,0.010361111111111,0,7860554.0,1421496.0,4180075.0,1
4304,2020-01-18 18:15:00,250.0,1,0,11429.576388888889,11917868.0,1629316.0,0.010361111111111,0,8040218.0,1446624.0,4213433.0,1
4304,2020-01-18 18:16:00,249.0,1,0,11618.265888888887,12059633.0,1658307.0,0.0129166666666666,0,8147654.0,1467841.0,4237015.0,1
4304,2020-01-18 18:17:00,245.4,1,0,12056.413166666687,12461515.0,1745043.0,0.0129166666666666,0,8470850.0,1530966.0,4330758.0,1
4304,2020-01-18 18:18:00,236.0,1,0,13813.872999999889,14736073.0,1839852.0,0.028083333333333,0,9723674.0,1798019.0,4735201.0,1
4304,2020-01-18 18:19:00,235.8,1,0,13814.064277777688,14736073.0,1858117.0,0.028083333333333,0,9723794.0,1798127.0,4735201.0,1
4304,2020-01-18 18:20:00,227.2,1,0,14823.225305555488,16758132.0,2030017.0,0.028083333333333,0,10510791.0,1980817.0,5093481.0,1
4304,2020-01-18 18:21:00,223.6,1,0,15458.393138888889,18101526.0,2097110.0,0.028083333333333,0,10981528.0,2095606.0,5316210.0,1
4304,2020-01-18 18:22:00,223.0,1,0,15458.393138888889,18101526.0,2097110.0,0.028083333333333,0,10981528.0,2095607.0,5316210.0,1
4304,2020-01-18 18:23:00,222.4,1,0,15586.936166666688,18211285.0,2122213.0,0.028083333333333,0,11072320.0,2113139.0,5338674.0,1
4304,2020-01-18 18:24:00,220.8,1,0,15768.153638888887,18739852.0,2222183.0,0.028083333333333,0,11223364.0,2151049.0,5432794.0,1
4304,2020-01-18 18:25:00,218.8,1,0,15954.620916666669,19058872.0,2241904.0,0.028083333333333,0,11377840.0,2192849.0,5564641.0,1
4304,2020-01-18 18:26:00,216.4,1,0,16366.43322222223,19558501.0,2293371.0,0.028083333333333,0,11663104.0,2256933.0,5668420.0,1
4304,2020-01-18 18:27:00,202.0,1,0,18267.55677777769,21341738.0,2451243.0,0.0376388888888886,0,13004813.0,2543685.0,6108249.0,1
4304,2020-01-18 18:28:00,201.6,1,0,18343.028027777687,21354790.0,2451243.0,0.0376388888888886,0,13052237.0,2557649.0,6108379.0,1
4304,2020-01-18 18:29:00,201.4,1,0,18408.53238888889,21364358.0,2451243.0,0.0376388888888886,0,13093565.0,2565297.0,6116933.0,1
4304,2020-01-18 18:30:00,200.6,1,0,18483.65961111109,21383611.0,2451243.0,0.0376388888888886,0,13130789.0,2574634.0,6132312.0,1
4304,2020-01-18 18:31:00,195.0,1,0,19290.56838888889,21548789.0,2484731.0,0.0376388888888886,0,13666997.0,2684216.0,6220712.0,1
4304,2020-01-18 18:32:00,187.6,1,0,19420.696777777688,21671041.0,2514150.0,0.0376388888888886,0,13769969.0,2711601.0,6302807.0,1
4304,2020-01-18 18:33:00,183.6,1,0,19912.65405555549,21847646.0,2568997.0,0.0376388888888886,0,14084454.0,2776217.0,6411474.0,1
4304,2020-01-18 18:34:00,175.4,1,0,20990.52061111109,22298122.0,2628082.0,0.0403888888888886,0,14831658.0,2923977.0,6552108.0,1
4304,2020-01-18 18:35:00,175.20000000000002,1,0,20991.52061111109,22298122.0,2635362.0,0.0403888888888886,0,14831658.0,2924053.0,6552109.0,1
4304,2020-01-18 18:36:00,174.8,1,0,21038.84077777769,22422987.0,2643565.0,0.0403888888888886,0,14862870.0,2930921.0,6562093.0,1
4304,2020-01-18 18:37:00,171.20000000000002,1,0,21549.915277777687,22963943.0,2658360.0,0.0403888888888886,0,15239358.0,2993701.0,6639768.0,1
4304,2020-01-18 18:38:00,158.60000000000002,1,0,23338.813555555487,25837073.0,2764635.0,0.0403888888888886,0,16468014.0,3267718.0,7151825.0,1
4304,2020-01-18 18:39:00,154.8,1,0,24010.315388888885,27290473.0,2842389.0,0.0403888888888886,0,16949538.0,3379131.0,7648607.0,1
4304,2020-01-18 18:40:00,148.8,1,0,24919.596555555487,29742871.0,3021516.0,0.0403888888888886,0,17641770.0,3552324.0,8568955.0,1
4304,2020-01-18 18:41:00,144.60000000000002,1,0,25633.247083333285,30761383.0,3066236.0,0.0403888888888886,0,18168091.0,3674476.0,8751956.0,1
4304,2020-01-18 18:42:00,142.8,1,0,25929.555472222288,31067182.0,3086373.0,0.0403888888888886,0,18387643.0,3725142.0,8895385.0,1
4304,2020-01-18 18:43:00,141.8,1,0,26051.00700000009,31182830.0,3098138.0,0.0403888888888886,0,18461047.0,3741651.0,8916835.0,1
4304,2020-01-18 18:44:00,139.4,1,0,26371.960833333287,31385396.0,3121538.0,0.0403888888888886,0,18682783.0,3785947.0,9015843.0,1
4304,2020-01-18 18:45:00,136.60000000000002,1,0,26847.090749999945,31851681.0,3148435.0,0.0403888888888886,0,19032367.0,3838707.0,9148716.0,1
4304,2020-01-18 18:46:00,136.20000000000002,1,0,26874.121999999945,31858506.0,3165673.0,0.0403888888888886,0,19050607.0,3840784.0,9165291.0,1
4304,2020-01-18 18:47:00,134.4,1,0,27189.409777777724,32149498.0,3177412.0,0.0403888888888886,0,19261771.0,3880769.0,9206124.0,1
4304,2020-01-18 18:48:00,125.0,1,0,28640.416916666683,32778113.0,3217946.0,0.0477777777777774,0,20132299.0,4056529.0,9355858.0,1
4304,2020-01-18 18:49:00,122.8,1,0,29073.74647222208,32839772.0,3230517.0,0.0477777777777774,0,20385847.0,4098253.0,9387643.0,1
4304,2020-01-18 18:50:00,118.8,1,0,29561.790861111083,32979041.0,3256647.0,0.0477777777777774,0,20674327.0,4142946.0,9413072.0,1
4304,2020-01-18 18:51:00,110.8,1,0,30213.27149999988,33206840.0,3352873.0,0.051333333333333,0,21110191.0,4255302.0,9545451.0,1
4304,2020-01-18 18:52:00,105.20000000000002,1,0,31156.124416666684,33509103.0,3384567.0,0.051333333333333,0,21687547.0,4368871.0,9683108.0,1
4304,2020-01-18 18:53:00,103.4,1,0,31475.165333333283,33591835.0,3425608.0,0.051333333333333,0,21858631.0,4409487.0,9724305.0,1
4304,2020-01-18 18:54:00,101.0,1,0,31846.642583333283,33729505.0,3456548.0,0.051333333333333,0,22124551.0,4461168.0,9774212.0,1
4304,2020-01-18 18:55:00,99.8,1,0,31975.374361111084,33818659.0,3473864.0,0.051333333333333,0,22211911.0,4476241.0,9795506.0,1
4304,2020-01-18 18:56:00,97.0,1,0,32398.646888888885,34111406.0,3514074.0,0.051333333333333,0,22501231.0,4532486.0,9877472.0,1
4304,2020-01-18 18:57:00,96.0,1,0,32647.815972222084,34322435.0,3520159.0,0.051333333333333,0,22682143.0,4567279.0,9902406.0,1
4304,2020-01-18 18:58:00,95.8,1,0,32647.815972222084,34322435.0,3526841.0,0.051333333333333,0,22682143.0,4567303.0,9903251.0,1
4304,2020-01-18 18:59:00,94.60000000000002,1,0,32906.031583333286,34557241.0,3555259.0,0.051333333333333,0,22851487.0,4604147.0,9929433.0,1
4304,2020-01-18 19:00:00,93.8,1,0,33038.61602777769,34792996.0,3577424.0,0.051333333333333,0,22945783.0,4626647.0,9941887.0,1
4304,2020-01-18 19:01:00,93.60000000000002,1,0,33038.61602777769,34795544.0,3578374.0,0.051333333333333,0,22945783.0,4626708.0,9941888.0,1
4304,2020-01-18 19:02:00,88.20000000000002,1,0,33611.734499999904,36105788.0,3744748.0,0.051333333333333,0,23445439.0,4741453.0,10399554.0,1
4304,2020-01-18 19:03:00,88.0,1,0,33634.081638888805,36166524.0,3792107.0,0.051333333333333,0,23464819.0,4746225.0,10424969.0,1
4304,2020-01-18 19:04:00,84.0,1,0,33962.73005555547,36727839.0,3917895.0,0.051333333333333,0,23702575.0,4802317.0,10481090.0,1
4304,2020-01-18 19:05:00,83.0,1,0,34068.37999999991,36866965.0,3955309.0,0.051333333333333,0,23778175.0,4816594.0,10496755.0,1
4304,2020-01-18 19:06:00,78.4,1,0,34712.26530555547,37810961.0,4086961.0,0.051722222222222,0,24293059.0,4930554.0,10732809.0,1
4304,2020-01-18 19:07:00,74.40000000000003,1,0,35267.83463888889,38559736.0,4222980.0,0.051722222222222,0,24709111.0,5020050.0,10903005.0,1
4304,2020-01-18 19:08:00,73.60000000000002,1,0,35416.71708333329,38753748.0,4229702.0,0.051722222222222,0,24847915.0,5048219.0,10928706.0,1
4304,2020-01-18 19:09:00,63.19999999999999,1,0,36836.59877777769,40593274.0,4442395.0,0.0521666666666664,0,26006011.0,5327079.0,11266576.0,1
4304,2020-01-18 19:10:00,60.19999999999999,1,0,37310.93069444429,40887087.0,4483384.0,0.0521666666666664,0,26356291.0,5397396.0,11303626.0,1
4304,2020-01-18 19:11:00,56.80000000000001,1,0,37773.26063888889,41202402.0,4527558.0,0.0564722222222218,0,26667440.0,5461612.0,11348672.0,1
4304,2020-01-18 19:12:00,55.80000000000001,1,0,37953.090444444286,41228246.0,4543132.0,0.0564722222222218,0,26797040.0,5481737.0,11354288.0,1
4304,2020-01-18 19:13:00,52.80000000000001,1,0,38339.82533333328,41311615.0,4548033.0,0.061083333333333,0,27050768.0,5541661.0,11400984.0,1
4304,2020-01-18 19:14:00,52.60000000000002,1,0,38351.38430555548,41312629.0,4551998.0,0.061083333333333,0,27056600.0,5543769.0,11400984.0,1
4304,2020-01-18 19:15:00,50.60000000000002,1,0,38581.51647222208,41355880.0,4579571.0,0.061083333333333,0,27201368.0,5580799.0,11422122.0,1
4304,2020-01-18 19:16:00,50.400000000000034,1,0,38614.81652777768,41360132.0,4579571.0,0.061083333333333,0,27224828.0,5585460.0,11428298.0,1
4304,2020-01-18 19:17:00,50.19999999999999,1,0,38684.78724999988,41367906.0,4579571.0,0.061083333333333,0,27261200.0,5598033.0,11428298.0,1
4304,2020-01-18 19:18:00,48.80000000000001,1,0,38869.40636111106,41433465.0,4595639.0,0.061083333333333,0,27387032.0,5628813.0,11446173.0,1
4304,2020-01-18 19:19:00,46.0,1,0,39034.54091666648,41508696.0,4726146.0,0.061083333333333,0,27532724.0,5658178.0,11486057.0,1
4304,2020-01-18 19:20:00,45.80000000000001,1,0,39056.61188888888,41527898.0,4747960.0,0.061083333333333,0,27568052.0,5663734.0,11491972.0,1
4304,2020-01-18 19:21:00,41.80000000000001,1,0,39359.66261111108,41685289.0,4858083.0,0.061083333333333,0,27830864.0,5720467.0,11531856.0,1
4304,2020-01-18 19:22:00,40.80000000000001,1,0,39416.70641666648,41701396.0,4908666.0,0.061083333333333,0,27871832.0,5729523.0,11551291.0,1
4304,2020-01-18 19:23:00,39.400000000000034,1,0,39522.25774999987,41787430.0,4937851.0,0.061083333333333,0,27950060.0,5746063.0,11565708.0,1
4304,2020-01-18 19:24:00,38.60000000000002,1,0,39602.18136111106,41850805.0,4964566.0,0.061083333333333,0,28000040.0,5767884.0,11587275.0,1
4304,2020-01-18 19:25:00,38.19999999999999,1,0,39606.987694444266,41853197.0,4976916.0,0.061083333333333,0,28004072.0,5769313.0,11592475.0,1
4304,2020-01-18 19:26:00,34.60000000000002,1,0,39929.43172222206,42088601.0,5089431.0,0.061083333333333,0,28264532.0,5840054.0,11648596.0,1
4304,2020-01-18 19:27:00,31.19999999999999,1,0,40137.80066666648,42314333.0,5148204.0,0.061083333333333,0,28465508.0,5889004.0,11724881.0,1
4304,2020-01-18 19:28:00,31.0,1,0,40167.39822222208,42347366.0,5153404.0,0.061083333333333,0,28487204.0,5895268.0,11739025.0,1
4304,2020-01-18 19:29:00,26.19999999999999,1,0,40588.52613888887,42925086.0,5258536.0,0.061083333333333,0,28908368.0,5980152.0,11831273.0,1
4304,2020-01-18 19:30:00,26.0,1,0,40588.52613888887,42925086.0,5260512.0,0.061083333333333,0,28908368.0,5980160.0,11831273.0,1
4304,2020-01-18 19:31:00,25.600000000000023,1,0,40598.69161111106,42943949.0,5286942.0,0.061083333333333,0,28914200.0,5983005.0,11839398.0,1
4304,2020-01-18 19:32:00,24.19999999999999,1,0,40710.05205555546,43024627.0,5311265.0,0.061083333333333,0,29006012.0,6005427.0,11877553.0,1
4304,2020-01-18 19:33:00,22.600000000000023,1,0,40848.47436111106,43181784.0,5334288.0,0.061083333333333,0,29171492.0,6028751.0,11927460.0,1
4304,2020-01-18 19:34:00,21.19999999999999,1,0,40974.871249999866,43398962.0,5367399.0,0.061083333333333,0,29333480.0,6053161.0,11984660.0,1
4304,2020-01-18 19:35:00,18.600000000000023,1,0,41209.122277777664,43874827.0,5464315.0,0.061083333333333,0,29589584.0,6098177.0,12092561.0,1
4304,2020-01-18 19:36:00,17.0,1,0,41346.96672222206,44343803.0,5576779.0,0.061083333333333,0,29788472.0,6124901.0,12385867.0,1
4304,2020-01-18 19:37:00,16.80000000000001,1,0,41370.363416666456,44403395.0,5595291.0,0.061083333333333,0,29825348.0,6127894.0,12446746.0,1
4304,2020-01-18 19:38:00,16.600000000000023,1,0,41386.59233333325,44447362.0,5709678.0,0.061083333333333,0,29841872.0,6133022.0,12479520.0,1
4304,2020-01-18 19:39:00,16.400000000000034,1,0,41401.123916666445,44514923.0,5754229.0,0.061083333333333,0,29873120.0,6135971.0,12521575.0,1
4304,2020-01-18 19:40:00,15.800000000000011,1,0,41443.23052777765,44594380.0,5799079.0,0.061083333333333,0,29916776.0,6143732.0,12582298.0,1
4304,2020-01-18 19:41:00,15.400000000000034,1,0,41499.26863888885,44769867.0,5818306.0,0.061083333333333,0,29974808.0,6153754.0,12607557.0,1
4304,2020-01-18 19:42:00,8.800000000000011,1,0,42102.85424999986,46334638.0,6085496.0,0.061083333333333,0,30623924.0,6262290.0,12921950.0,1
4304,2020-01-18 19:43:00,7.800000000000011,1,0,42233.18791666646,46664344.0,6119764.0,0.061083333333333,0,30750044.0,6288394.0,12975939.0,1
4304,2020-01-18 19:44:00,7.400000000000034,1,0,42237.266555555456,46665761.0,6130619.0,0.061083333333333,0,30756656.0,6288727.0,12979215.0,1
4304,2020-01-18 19:45:00,6.800000000000011,1,0,42349.819722222055,46901425.0,6147689.0,0.061083333333333,0,30874196.0,6302044.0,13034179.0,1
4304,2020-01-18 19:46:00,6.600000000000023,1,0,42368.325999999855,46963266.0,6157491.0,0.061083333333333,0,30894764.0,6305973.0,13071476.0,1
4304,2020-01-18 19:47:00,5.600000000000023,1,0,42450.892138888856,47164948.0,6251793.0,0.061083333333333,0,30983528.0,6319737.0,13164180.0,1
4304,2020-01-18 19:48:00,4.600000000000023,1,0,42552.407388888845,47372910.0,6291807.0,0.061083333333333,0,31107236.0,6336279.0,13225956.0,1
4304,2020-01-18 19:49:00,4.400000000000034,1,0,42574.924027777655,47434998.0,6308356.0,0.061083333333333,0,31136480.0,6339640.0,13229232.0,1
4304,2020-01-18 19:50:00,4.199999999999989,1,0,42602.112749999855,47500349.0,6311827.0,0.061083333333333,0,31165808.0,6342248.0,13230780.0,1
4304,2020-01-18 19:51:00,2.6000000000000227,1,0,42767.42855555545,47841157.0,6373122.0,0.061083333333333,0,31363412.0,6366437.0,13302046.0,1
4304,2020-01-18 19:52:00,2.1999999999999886,1,0,42789.89455555545,47923031.0,6386994.0,0.061083333333333,0,31388708.0,6371701.0,13308741.0,1
4304,2020-01-18 19:53:00,1.400000000000034,1,0,42850.43952777768,48022676.0,6454868.0,0.061083333333333,0,31470680.0,6379441.0,13359506.0,1
4304,2020-01-18 19:54:00,0.1999999999999886,1,0,42943.34441666656,48246198.0,6556437.0,0.061083333333333,0,31570136.0,6397309.0,13419449.0,1
4686,2020-01-19 14:43:00,378.4,1,0,201.5280833333356,405184.0,337181.0,0.0,0,154416.0,59261.0,265005.0,1
4686,2020-01-19 14:44:00,375.0,1,0,340.0578611111156,696710.0,551356.0,0.0,0,287460.0,102262.0,431627.0,1
4686,2020-01-19 14:45:00,370.8,1,0,475.5789444444356,1153400.0,808418.0,0.0,0,415008.0,151121.0,870521.0,1
4686,2020-01-19 14:46:00,364.4,1,0,680.4173611111156,1972764.0,1422564.0,0.0,0,675612.0,236442.0,1221508.0,1
4686,2020-01-19 14:47:00,363.6,1,0,717.6816666666756,2147952.0,1505088.0,0.0,0,719857.0,253202.0,1390677.0,1
4686,2020-01-19 14:48:00,363.0,1,0,738.7308055555555,2211627.0,1536223.0,0.0,0,738662.0,261475.0,1445330.0,1
4686,2020-01-19 14:49:00,362.2,1,0,778.6242222222156,2345762.0,1590329.0,0.0,0,777554.0,277220.0,1548615.0,1
4686,2020-01-19 14:50:00,355.8,1,0,953.4719166666756,2924471.0,1966120.0,0.0,0,1024538.0,338660.0,1986208.0,1
4686,2020-01-19 14:52:00,351.0,1,0,1234.2473611111154,3896377.0,2574988.0,0.0011388888888888,0,1338254.0,435978.0,3273273.0,1
4686,2020-01-19 14:53:00,344.6,1,0,1449.0255833333356,4603279.0,3076021.0,0.0011388888888888,0,1622726.0,519074.0,3962677.0,1
4686,2020-01-19 14:54:00,338.8,1,0,1730.9029166666755,5470873.0,3595865.0,0.0011388888888888,0,1926806.0,604462.0,4652211.0,1
4686,2020-01-19 14:55:00,333.0,1,0,1941.066111111116,6149421.0,3917706.0,0.0011388888888888,0,2143023.0,671259.0,5081432.0,1
4686,2020-01-19 14:56:00,325.0,1,0,2321.097222222156,7475239.0,4119505.0,0.0011388888888888,0,2529615.0,789293.0,5916422.0,1
4686,2020-01-19 14:57:00,319.4,1,0,2555.894027777716,8138655.0,4197466.0,0.0011388888888888,0,2750139.0,861523.0,6302977.0,1
4686,2020-01-19 14:58:00,314.0,1,0,2790.592194444376,8775356.0,4264585.0,0.00225,0,2951223.0,931452.0,6618475.0,1
4686,2020-01-19 14:59:00,312.20000000000005,1,0,2883.725472222155,8991183.0,4285061.0,0.00225,0,3032559.0,955528.0,6757809.0,1
4686,2020-01-19 15:00:00,305.4,1,0,3217.8733333332752,9818399.0,4422472.0,0.00225,0,3309088.0,1042837.0,7236820.0,1
4686,2020-01-19 15:01:00,305.20000000000005,1,0,3218.603138888815,9818399.0,4435628.0,0.00225,0,3309149.0,1043418.0,7241994.0,1
4686,2020-01-19 15:02:00,299.20000000000005,1,0,3457.186527777715,10520360.0,4782234.0,0.00225,0,3530537.0,1123326.0,7888328.0,1
4686,2020-01-19 15:03:00,293.0,1,0,3637.0435833332735,11205863.0,5309345.0,0.00225,0,3716741.0,1189910.0,8762669.0,1
4686,2020-01-19 15:04:00,286.8,1,0,3938.168999999936,12424704.0,5893838.0,0.00225,0,4033601.0,1348554.0,9761407.0,1
4686,2020-01-19 15:05:00,280.6,1,0,4217.442805555495,13418619.0,6397887.0,0.0052777777777776,0,4277729.0,1453610.0,10645265.0,1
4686,2020-01-19 15:06:00,279.6,1,0,4259.060083333275,13590883.0,6512326.0,0.0052777777777776,0,4312697.0,1468627.0,10787225.0,1
4686,2020-01-19 15:07:00,276.20000000000005,1,0,4416.139888888754,14189911.0,6755868.0,0.0052777777777776,0,4479857.0,1530767.0,11343378.0,1
4686,2020-01-19 15:08:00,270.20000000000005,1,0,4615.592861110954,14944418.0,7276804.0,0.0059444444444444,0,4668881.0,1608927.0,12042531.0,1
4686,2020-01-19 15:09:00,264.20000000000005,1,0,4895.702916666554,15871786.0,7683262.0,0.0062222222222222,0,4935041.0,1708879.0,12850481.0,1
4686,2020-01-19 15:10:00,258.20000000000005,1,0,5197.916972222154,16697910.0,7932953.0,0.0083888888888888,0,5178617.0,1806967.0,13548191.0,1
4686,2020-01-19 15:11:00,257.8,1,0,5229.321777777754,16787025.0,7978830.0,0.0083888888888888,0,5206938.0,1814312.0,13592404.0,1
4686,2020-01-19 15:12:00,251.6,1,0,5495.7034166665535,17513634.0,8268457.0,0.0127222222222222,0,5416530.0,1892890.0,14143526.0,1
4686,2020-01-19 15:13:00,246.0,1,0,5733.594722222153,18153833.0,8404385.0,0.0135277777777776,0,5606790.0,1971127.0,14573579.0,1
4686,2020-01-19 15:14:00,244.8,1,0,5772.862833333353,18249162.0,8437977.0,0.0135277777777776,0,5640354.0,1984744.0,14656961.0,1
4686,2020-01-19 15:15:00,238.6,1,0,6062.111333333352,18956453.0,8607796.0,0.0183888888888888,0,5830435.0,2071881.0,15085728.0,1
4686,2020-01-19 15:16:00,232.6,1,0,6319.724305555553,19728757.0,8814574.0,0.0186666666666666,0,6010663.0,2157369.0,15510659.0,1
4686,2020-01-19 15:17:00,231.4,1,0,6368.364777777753,19954203.0,8902090.0,0.0186666666666666,0,6040483.0,2181018.0,15608614.0,1
4686,2020-01-19 15:18:00,231.0,1,0,6391.309249999953,20022934.0,8925932.0,0.0186666666666666,0,6061531.0,2187838.0,15635433.0,1
4686,2020-01-19 15:19:00,225.0,1,0,6612.162388888753,20712532.0,9270003.0,0.0186666666666666,0,6216440.0,2262650.0,16057218.0,1
4686,2020-01-19 15:20:00,219.0,1,0,6899.905305555553,21651002.0,9640191.0,0.0186666666666666,0,6473264.0,2359382.0,16656154.0,1
4686,2020-01-19 15:21:00,213.0,1,0,7176.878027777753,22499980.0,10070491.0,0.0186666666666666,0,6748820.0,2465742.0,17400794.0,1
4686,2020-01-19 15:22:00,208.6,1,0,7358.918916666554,23127646.0,10409843.0,0.0186666666666666,0,6981080.0,2550474.0,18062195.0,1
4686,2020-01-19 15:23:00,207.6,1,0,7395.259277777665,23290913.0,10624799.0,0.0186666666666666,0,7019300.0,2569119.0,18409997.0,1
4686,2020-01-19 15:24:00,206.0,1,0,7466.855666666554,23538355.0,10813299.0,0.0186666666666666,0,7083776.0,2603060.0,18818003.0,1
4686,2020-01-19 15:25:00,205.4,1,0,7518.79058333322,23723371.0,10841392.0,0.0186666666666666,0,7128140.0,2632049.0,19110646.0,1
4686,2020-01-19 15:26:00,204.4,1,0,7561.306027777674,23957567.0,10978204.0,0.0186666666666666,0,7179945.0,2654701.0,19348884.0,1
4686,2020-01-19 15:27:00,202.8,1,0,7653.088083333214,24314690.0,11162466.0,0.0186666666666666,0,7260441.0,2695657.0,19988120.0,1
4686,2020-01-19 15:28:00,196.4,1,0,7915.696694444334,25389270.0,11789092.0,0.0186666666666666,0,7515117.0,2815049.0,21522237.0,1
4686,2020-01-19 15:29:00,190.4,1,0,8202.292944444334,26540382.0,12277905.0,0.0186666666666666,0,7841782.0,2941398.0,22460486.0,1
4686,2020-01-19 15:30:00,185.0,1,0,8447.014083333213,27472911.0,12578101.0,0.0186666666666666,0,8062630.0,3034958.0,23182753.0,1
4686,2020-01-19 15:31:00,179.0,1,0,8793.410333333213,28840213.0,12751924.0,0.0213888888888888,0,8321878.0,3175235.0,23769820.0,1
4686,2020-01-19 15:32:00,178.8,1,0,8802.000694444334,28860298.0,12751924.0,0.0225,0,8328826.0,3176639.0,23778283.0,1
4686,2020-01-19 15:33:00,176.20000000000002,1,0,8981.845111111,29479774.0,12787063.0,0.0315833333333334,0,8449498.0,3237251.0,23943565.0,1
4686,2020-01-19 15:34:00,173.60000000000002,1,0,9104.966361110995,29880109.0,12839401.0,0.0319722222222222,0,8527186.0,3290247.0,24084186.0,1
4686,2020-01-19 15:35:00,173.4,1,0,9107.338722222115,29881786.0,12855924.0,0.0319722222222222,0,8527738.0,3290683.0,24086540.0,1
4686,2020-01-19 15:36:00,171.8,1,0,9199.286499999896,30270850.0,12886604.0,0.0331666666666666,0,8590954.0,3324664.0,24186744.0,1
4686,2020-01-19 15:37:00,169.0,1,0,9363.446472222116,30782946.0,12920612.0,0.0346388888888888,0,8698678.0,3389648.0,24373996.0,1
4686,2020-01-19 15:38:00,163.0,1,0,9616.767305555455,31732583.0,13184941.0,0.0346388888888888,0,8855854.0,3498592.0,25034708.0,1
4686,2020-01-19 15:39:00,157.0,1,0,9936.937055555456,32893743.0,13522642.0,0.057416666666666,0,9075550.0,3632633.0,25670304.0,1
4686,2020-01-19 15:40:00,151.0,1,0,10317.602194444336,34304126.0,13773932.0,0.088527777777778,0,9306310.0,3788383.0,26605992.0,1
4686,2020-01-19 15:41:00,146.8,1,0,10597.962527777676,35198162.0,14020750.0,0.088527777777778,0,9522358.0,3895055.0,27210154.0,1
4686,2020-01-19 15:42:00,145.0,1,0,10711.300749999897,35598849.0,14129041.0,0.088527777777778,0,9638974.0,3956943.0,27479099.0,1
4686,2020-01-19 15:43:00,144.60000000000002,1,0,10727.680305555456,35654645.0,14150323.0,0.088527777777778,0,9658990.0,3964924.0,27534128.0,1
4686,2020-01-19 15:44:00,144.4,1,0,10747.983388888775,35725391.0,14192209.0,0.088527777777778,0,9668386.0,3970853.0,27584217.0,1
4686,2020-01-19 15:45:00,143.0,1,0,10783.054722222118,35852414.0,14338823.0,0.088527777777778,0,9687563.0,3983870.0,27706313.0,1
4686,2020-01-19 15:46:00,142.60000000000002,1,0,10803.928333333137,35939839.0,14426300.0,0.088527777777778,0,9706055.0,3993563.0,27835624.0,1
4686,2020-01-19 15:47:00,136.4,1,0,11084.460694444337,36781212.0,14998912.0,0.088527777777778,0,10033547.0,4122064.0,28931134.0,1
4686,2020-01-19 15:48:00,134.4,1,0,11223.613222222137,37287367.0,15230286.0,0.088527777777778,0,10131179.0,4179136.0,29440019.0,1
4686,2020-01-19 15:49:00,132.0,1,0,11364.842638888736,37887161.0,15433229.0,0.088527777777778,0,10256399.0,4243787.0,29908123.0,1
4686,2020-01-19 15:50:00,126.0,1,0,11768.287249999936,39442169.0,16006373.0,0.088527777777778,0,10517147.0,4440628.0,31349953.0,1
4686,2020-01-19 15:51:00,120.0,1,0,12204.698111110936,41393664.0,16327993.0,0.114166666666666,0,10806083.0,4667116.0,32536138.0,1
4686,2020-01-19 15:52:00,117.40000000000003,1,0,12381.976944444335,42202758.0,16494680.0,0.125833333333334,0,10922231.0,4765905.0,32952165.0,1
4686,2020-01-19 15:53:00,111.40000000000003,1,0,12756.904694444338,43442490.0,16764755.0,0.125833333333334,0,11058576.0,4919358.0,33591154.0,1
4686,2020-01-19 15:54:00,108.8,1,0,12934.920694444338,43971967.0,16810776.0,0.1485,0,11124264.0,4972122.0,33775689.0,1
4686,2020-01-19 15:55:00,107.40000000000003,1,0,13036.457249999898,44226273.0,16823048.0,0.1485,0,11156292.0,5005970.0,33923148.0,1
4686,2020-01-19 15:56:00,102.60000000000002,1,0,13298.348888888777,44923177.0,16930871.0,0.149166666666668,0,11262936.0,5092546.0,34242181.0,1
4686,2020-01-19 15:57:00,100.40000000000003,1,0,13440.639333333216,45440422.0,16958990.0,0.152,0,11321724.0,5146063.0,34357595.0,1
4686,2020-01-19 15:58:00,94.40000000000003,1,0,13769.052972222116,46377801.0,17056244.0,0.154555555555556,0,11443224.0,5278399.0,34741680.0,1
4686,2020-01-19 15:59:00,93.60000000000002,1,0,13822.194472222116,46553080.0,17099976.0,0.157722222222222,0,11462100.0,5293415.0,34765262.0,1
4686,2020-01-19 16:00:00,92.60000000000002,1,0,13861.292694444335,46697966.0,17121959.0,0.159277777777778,0,11474388.0,5308587.0,34821305.0,1
4686,2020-01-19 16:01:00,92.40000000000003,1,0,13861.501972222117,46700891.0,17141498.0,0.159277777777778,0,11474388.0,5308931.0,34823957.0,1
4686,2020-01-19 16:02:00,91.40000000000003,1,0,13899.663527777677,46874012.0,17177001.0,0.159277777777778,0,11492808.0,5324441.0,34894872.0,1
4686,2020-01-19 16:03:00,90.8,1,0,13947.676749999897,47005780.0,17192563.0,0.159277777777778,0,11505276.0,5339498.0,34964344.0,1
4686,2020-01-19 16:04:00,84.40000000000003,1,0,14209.979999999894,47832216.0,17529250.0,0.159277777777778,0,11756352.0,5441154.0,35252281.0,1
4686,2020-01-19 16:05:00,81.19999999999999,1,0,14363.322722222114,48327334.0,17733948.0,0.159277777777778,0,11892564.0,5501778.0,35518196.0,1
4686,2020-01-19 16:06:00,80.0,1,0,14395.650277777731,48440096.0,17787989.0,0.159277777777778,0,11922768.0,5515282.0,35557001.0,1
4686,2020-01-19 16:07:00,79.80000000000001,1,0,14395.890166666532,48440096.0,17801873.0,0.159277777777778,0,11922780.0,5515662.0,35562904.0,1
4686,2020-01-19 16:08:00,73.80000000000001,1,0,14691.159944444333,49652334.0,18035444.0,0.159277777777778,0,12245424.0,5653522.0,36097243.0,1
4686,2020-01-19 16:09:00,71.60000000000002,1,0,14776.322305555532,50053268.0,18178795.0,0.159277777777778,0,12354576.0,5691794.0,36290943.0,1
4686,2020-01-19 16:10:00,67.40000000000003,1,0,14960.82997222213,50870903.0,18407712.0,0.159277777777778,0,12614208.0,5788446.0,37094200.0,1
4686,2020-01-19 16:11:00,67.0,1,0,14986.36388888873,51005986.0,18416760.0,0.159277777777778,0,12643776.0,5798618.0,37170861.0,1
4686,2020-01-19 16:12:00,65.60000000000002,1,0,15025.71983333313,51230808.0,18488247.0,0.159277777777778,0,12701748.0,5818291.0,37357892.0,1
4686,2020-01-19 16:13:00,65.40000000000003,1,0,15035.29847222213,51251179.0,18500922.0,0.159277777777778,0,12712836.0,5821115.0,37367681.0,1
4686,2020-01-19 16:14:00,59.80000000000001,1,0,15226.36091666653,52166886.0,19101067.0,0.159611111111112,0,12945516.0,5909408.0,38029420.0,1
4686,2020-01-19 16:15:00,53.60000000000002,1,0,15424.91230555553,52961875.0,19456605.0,0.159611111111112,0,13196148.0,5996865.0,39219674.0,1
4686,2020-01-19 16:16:00,49.0,1,0,15589.91299999993,53753328.0,19871358.0,0.159611111111112,0,13408980.0,6062574.0,39905866.0,1
4686,2020-01-19 16:17:00,47.400000000000034,1,0,15630.65727777773,53961926.0,20171243.0,0.159611111111112,0,13471020.0,6082126.0,40399476.0,1
4686,2020-01-19 16:18:00,41.80000000000001,1,0,15883.71002777773,54858341.0,20416501.0,0.159611111111112,0,13788960.0,6173531.0,41105792.0,1
4686,2020-01-19 16:19:00,40.400000000000034,1,0,15901.022805555527,54928190.0,20469021.0,0.159611111111112,0,13828740.0,6181827.0,41134860.0,1
4686,2020-01-19 16:20:00,36.400000000000034,1,0,16024.210277777727,55654241.0,20720467.0,0.159611111111112,0,13951584.0,6235248.0,41968628.0,1
4686,2020-01-19 16:21:00,34.80000000000001,1,0,16095.319666666528,56004760.0,20802874.0,0.159611111111112,0,14018388.0,6260836.0,42068819.0,1
4686,2020-01-19 16:22:00,28.400000000000038,1,0,16330.906472222128,56854050.0,21056778.0,0.159611111111112,0,14243832.0,6334596.0,42364387.0,1
4686,2020-01-19 16:23:00,24.19999999999999,1,0,16488.701916666527,57374740.0,21255418.0,0.159611111111112,0,14369856.0,6381573.0,42587402.0,1
4686,2020-01-19 16:24:00,20.80000000000001,1,0,16620.548999999926,57745839.0,21396754.0,0.159611111111112,0,14495064.0,6418522.0,42730753.0,1
4686,2020-01-19 16:25:00,17.0,1,0,16698.901361110926,58323624.0,21600906.0,0.159611111111112,0,14589577.0,6453255.0,42957473.0,1
4686,2020-01-19 16:26:00,15.600000000000025,1,0,16705.946416666528,58364197.0,21627283.0,0.159611111111112,0,14600677.0,6456195.0,42983941.0,1
7684,2020-01-27 04:00:00,283.0,1,0,255.51633333332887,872456.0,406264.0,0.0,1,223572.0,83992.0,256490.0,1
7684,2020-01-27 04:01:00,280.2,1,0,470.7076666666688,1402973.0,482470.0,0.0,1,393096.0,127941.0,345865.0,1
7684,2020-01-27 04:02:00,279.8,1,0,509.5457500000088,1462241.0,490114.0,0.0,1,424117.0,136659.0,351130.0,1
7684,2020-01-27 04:03:00,278.2,1,0,652.2881666666688,1763152.0,526605.0,0.0,1,532969.0,165691.0,403975.0,1
7684,2020-01-27 04:04:00,277.6,1,0,654.2241111111132,1782639.0,555985.0,0.0,1,535273.0,167125.0,423878.0,1
7684,2020-01-27 04:05:00,277.4,1,0,683.6666388888906,1821470.0,560679.0,0.0,1,553453.0,172705.0,426140.0,1
7684,2020-01-27 04:06:00,277.2,1,0,693.8415277777807,1841815.0,563968.0,0.0,1,562381.0,175634.0,447551.0,1
7684,2020-01-27 04:07:00,277.0,1,0,719.7020000000027,1866697.0,563968.0,0.0,1,581401.0,180894.0,451529.0,1
7684,2020-01-27 04:08:00,276.8,1,0,737.4244444444467,1873600.0,568791.0,0.0,1,596977.0,184638.0,454792.0,1
7684,2020-01-27 04:09:00,276.2,1,0,767.9720000000027,1910676.0,582597.0,0.0,1,625201.0,191622.0,465413.0,1
7684,2020-01-27 04:10:00,276.0,1,0,789.1957777777808,1938288.0,586133.0,0.0,1,641929.0,195987.0,467909.0,1
7684,2020-01-27 04:11:00,275.8,1,0,811.6922500000026,1994487.0,590436.0,0.0,1,670225.0,203148.0,471212.0,1
7684,2020-01-27 04:12:00,275.6,1,0,833.4627777777808,2005212.0,593790.0,0.0,1,678770.0,205289.0,474189.0,1
7684,2020-01-27 04:13:00,275.0,1,0,866.5692777777888,2068379.0,627525.0,0.0,1,705351.0,212497.0,511499.0,1
7684,2020-01-27 04:14:00,274.8,1,0,881.6545277777886,2075205.0,627525.0,0.0,1,718491.0,215014.0,511499.0,1
7684,2020-01-27 04:15:00,272.0,1,0,1099.3748333333288,2366379.0,679395.0,0.0,1,913167.0,263022.0,573262.0,1
7684,2020-01-27 04:16:00,271.2,1,0,1183.2430833333287,2529893.0,692031.0,0.0,1,978783.0,281318.0,591709.0,1
7684,2020-01-27 04:17:00,269.0,1,0,1345.6113333333287,2815412.0,748842.0,0.0,1,1122687.0,314115.0,647466.0,1
7684,2020-01-27 04:18:00,266.0,1,0,1563.5745555555488,3112579.0,823371.0,0.0,1,1337667.0,363007.0,707136.0,1
7684,2020-01-27 04:19:00,265.8,1,0,1572.862277777789,3118182.0,828741.0,0.0,1,1346427.0,365163.0,707539.0,1
7684,2020-01-27 04:20:00,263.0,1,0,1777.3821666666688,3443105.0,894443.0,0.0,1,1551207.0,415268.0,771097.0,1
7684,2020-01-27 04:21:00,262.8,1,0,1803.0091666666688,3481390.0,897251.0,0.0,1,1576215.0,420748.0,778169.0,1
7684,2020-01-27 04:22:00,262.4,1,0,1805.0154444444488,3496652.0,906755.0,0.0,1,1576575.0,422404.0,792729.0,1
7684,2020-01-27 04:23:00,259.6,1,0,2015.6216666666687,3793663.0,969363.0,0.0,1,1774707.0,476080.0,858886.0,1
7684,2020-01-27 04:24:00,256.8,1,0,2201.4215277777885,4189240.0,1040617.0,0.0,1,1950244.0,526816.0,932531.0,1
7684,2020-01-27 04:25:00,253.6,1,0,2416.937805555569,4794195.0,1145176.0,0.0,1,2147692.0,579924.0,1058852.0,1
7684,2020-01-27 04:26:00,250.8,1,0,2615.534611111109,5419691.0,1231419.0,0.0,1,2316736.0,624404.0,1152751.0,1
7684,2020-01-27 04:27:00,247.4,1,0,2873.383583333269,6260869.0,1362381.0,0.0,1,2534812.0,687260.0,1300483.0,1
7684,2020-01-27 04:28:00,242.2,1,0,3233.428222222269,7320682.0,1564856.0,0.0,1,2829244.0,767200.0,1563434.0,1
7684,2020-01-27 04:29:00,241.8,1,0,3253.385111111069,7397681.0,1580483.0,0.0,1,2846704.0,773389.0,1579073.0,1
7684,2020-01-27 04:30:00,237.6,1,0,3550.226694444469,8374411.0,1756828.0,0.0,1,3107069.0,848992.0,1785838.0,1
7684,2020-01-27 04:31:00,237.4,1,0,3552.186111111069,8376517.0,1770804.0,0.0,1,3107309.0,850141.0,1801854.0,1
7684,2020-01-27 04:32:00,231.2,1,0,3975.2208611110686,9695237.0,1951920.0,0.0,1,3454457.0,938267.0,2090285.0,1
7684,2020-01-27 04:33:00,227.0,1,0,4255.014222222269,10613076.0,2050668.0,0.0,1,3721421.0,998539.0,2287716.0,1
7684,2020-01-27 04:34:00,221.0,1,0,4604.277444444469,11755530.0,2287294.0,0.0,1,4039949.0,1075333.0,2532129.0,1
7684,2020-01-27 04:35:00,218.4,1,0,4759.55955555547,12223556.0,2360497.0,0.0,1,4161329.0,1101533.0,2665951.0,1
7684,2020-01-27 04:36:00,218.0,1,0,4778.83238888887,12285436.0,2379490.0,0.0,1,4177313.0,1105543.0,2678977.0,1
7684,2020-01-27 04:37:00,217.0,1,0,4802.37308333327,12336539.0,2407142.0,0.0,1,4206833.0,1110243.0,2723983.0,1
7684,2020-01-27 04:38:00,211.4,1,0,4917.50822222227,12674331.0,2567016.0,0.0,1,4314641.0,1134112.0,2863642.0,1
7684,2020-01-27 04:39:00,205.4,1,0,5154.2070000000695,13089200.0,2748601.0,0.0,1,4561049.0,1181213.0,3030341.0,1
7684,2020-01-27 04:40:00,199.2,1,0,5378.65872222227,13393050.0,2887519.0,0.0,1,4784129.0,1230906.0,3131130.0,1
7684,2020-01-27 04:41:00,193.0,1,0,5617.77097222227,13762289.0,3069246.0,0.0,1,4994561.0,1278274.0,3241357.0,1
7684,2020-01-27 04:42:00,186.6,1,0,5916.13202777787,14114200.0,3234853.0,0.0,1,5250737.0,1334663.0,3351753.0,1
7684,2020-01-27 04:43:00,185.8,1,0,5981.94352777787,14200521.0,3258059.0,0.0,1,5315346.0,1346885.0,3374360.0,1
7684,2020-01-27 04:44:00,183.6,1,0,6056.97352777787,14339933.0,3317248.0,0.0,1,5373894.0,1361034.0,3416168.0,1
7684,2020-01-27 04:45:00,177.6,1,0,6259.67447222227,14828655.0,3489524.0,0.0,1,5537814.0,1407992.0,3572870.0,1
7684,2020-01-27 04:46:00,176.0,1,0,6322.34380555547,14996030.0,3552821.0,0.0,1,5582682.0,1419901.0,3624650.0,1
7684,2020-01-27 04:47:00,171.79999999999998,1,0,6481.53161111107,15413499.0,3692350.0,0.0,1,5703942.0,1446270.0,3734604.0,1
7684,2020-01-27 04:48:00,165.39999999999998,1,0,6621.28877777787,15797350.0,3979975.0,0.0,1,5922618.0,1482430.0,3903787.0,1
7684,2020-01-27 04:49:00,159.39999999999998,1,0,6744.87444444447,16247384.0,4246800.0,0.0,1,6139458.0,1516532.0,4049335.0,1
7684,2020-01-27 04:50:00,153.0,1,0,6874.82919444447,17125976.0,4431543.0,0.0,1,6349350.0,1555637.0,4364819.0,1
7684,2020-01-27 04:51:00,146.79999999999998,1,0,7048.0576111110695,17737717.0,4737043.0,0.0,1,6502651.0,1606754.0,4639509.0,1
7684,2020-01-27 04:52:00,145.39999999999998,1,0,7105.26194444447,17914634.0,4802927.0,0.0,1,6546115.0,1619322.0,4684957.0,1
7684,2020-01-27 04:53:00,139.6,1,0,7369.08916666667,18685235.0,5014970.0,0.0,1,6751123.0,1680478.0,4880854.0,1
7684,2020-01-27 04:54:00,134.2,1,0,7541.87100000007,19076275.0,5273332.0,0.0,1,6870787.0,1719531.0,5055236.0,1
7684,2020-01-27 04:55:00,127.6,1,0,7750.19591666667,19479223.0,5447207.0,0.0,1,7075231.0,1766843.0,5139931.0,1
7684,2020-01-27 04:56:00,126.39999999999998,1,0,7761.60366666667,19495902.0,5463080.0,0.0,1,7087807.0,1770881.0,5155804.0,1
7684,2020-01-27 04:57:00,126.2,1,0,7767.068055555558,19511567.0,5481098.0,0.0,1,7092595.0,1773137.0,5163474.0,1
7684,2020-01-27 04:58:00,120.0,1,0,7960.509500000004,19783450.0,5634290.0,0.0,1,7290680.0,1826110.0,5258453.0,1
7684,2020-01-27 04:59:00,113.6,1,0,8154.34166666667,20221888.0,5835400.0,0.0,1,7470260.0,1869262.0,5400842.0,1
7684,2020-01-27 05:00:00,107.6,1,0,8488.60400000001,21035610.0,5990816.0,0.0,1,7742096.0,1939459.0,5553111.0,1
7684,2020-01-27 05:01:00,103.79999999999998,1,0,8696.21572222223,21641424.0,6078801.0,0.0,1,7910373.0,1987352.0,5641732.0,1
7684,2020-01-27 05:02:00,100.6,1,0,8872.646611111111,22158382.0,6173130.0,0.0,1,8050161.0,2028261.0,5738790.0,1
7684,2020-01-27 05:03:00,94.0,1,0,9291.688472222231,23589890.0,6387578.0,0.0,1,8358801.0,2125554.0,6133041.0,1
7684,2020-01-27 05:04:00,89.6,1,0,9574.59380555555,25031175.0,6488822.0,0.0,1,8728917.0,2202023.0,6580683.0,1
7684,2020-01-27 05:05:00,83.6,1,0,9965.77347222227,26476944.0,6603911.0,0.0,1,9385473.0,2307987.0,6934738.0,1
7684,2020-01-27 05:06:00,80.0,1,0,10129.53833333327,27188564.0,6753490.0,0.0,1,9444669.0,2367609.0,7111265.0,1
7684,2020-01-27 05:07:00,79.79999999999998,1,0,10133.23491666667,27197222.0,6766399.0,0.0,1,9444669.0,2368742.0,7130557.0,1
7684,2020-01-27 05:08:00,79.6,1,0,10133.23491666667,27197222.0,6767712.0,0.0,1,9444669.0,2368751.0,7130557.0,1
7684,2020-01-27 05:09:00,77.39999999999998,1,0,10217.25438888887,27491737.0,6880305.0,0.0,1,9515493.0,2393600.0,7283944.0,1
7684,2020-01-27 05:10:00,71.39999999999998,1,0,10619.64091666667,28934035.0,7013776.0,0.0,1,9850329.0,2487005.0,7614404.0,1
7684,2020-01-27 05:11:00,68.39999999999998,1,0,10843.188444444471,29586271.0,7070391.0,0.0,1,10039065.0,2526069.0,7828579.0,1
7684,2020-01-27 05:12:00,66.79999999999998,1,0,10922.87830555547,29768297.0,7095000.0,0.0,1,10114557.0,2537678.0,7866851.0,1
7684,2020-01-27 05:13:00,60.6,1,0,11311.25552777787,30627246.0,7233568.0,0.0,1,10471953.0,2598806.0,8043040.0,1
7684,2020-01-27 05:14:00,56.39999999999998,1,0,11564.440194444467,31077007.0,7331133.0,0.0,1,10714318.0,2639226.0,8133611.0,1
7684,2020-01-27 05:15:00,51.39999999999998,1,0,11895.77958333327,31490213.0,7400436.0,0.0,1,11005462.0,2691006.0,8225365.0,1
7684,2020-01-27 05:16:00,45.19999999999999,1,0,12314.68944444439,32014321.0,7529566.0,0.0,1,11420458.0,2743722.0,8344302.0,1
7684,2020-01-27 05:17:00,43.39999999999998,1,0,12487.05605555549,32186649.0,7558726.0,0.0,1,11562742.0,2762319.0,8370160.0,1
7684,2020-01-27 05:18:00,41.6,1,0,12630.05758333327,32310695.0,7587248.0,0.0,1,11682610.0,2781448.0,8408159.0,1
7684,2020-01-27 05:19:00,41.0,1,0,12631.094333333269,32317052.0,7599468.0,0.0,1,11682839.0,2782425.0,8418247.0,1
7684,2020-01-27 05:20:00,40.79999999999998,1,0,12651.096055555488,32350385.0,7606644.0,0.0,1,11699195.0,2786810.0,8423941.0,1
7684,2020-01-27 05:21:00,34.599999999999994,1,0,13108.218027777708,33122377.0,7727453.0,0.0,1,12119040.0,2863883.0,8545440.0,1
7684,2020-01-27 05:22:00,31.0,1,0,13364.104666666608,33672499.0,7829126.0,0.0,1,12362857.0,2906572.0,8632567.0,1
7684,2020-01-27 05:23:00,26.0,1,0,13680.408777777708,34457517.0,7951014.0,0.0,1,12667273.0,2967382.0,8762294.0,1
7684,2020-01-27 05:24:00,23.59999999999997,1,0,13736.201777777707,34622514.0,8032161.0,0.0,1,12713929.0,2983074.0,8838682.0,1
7684,2020-01-27 05:25:00,22.399999999999977,1,0,13808.691749999927,34891224.0,8115531.0,0.0,1,12777757.0,3007234.0,8959843.0,1
7684,2020-01-27 05:26:00,21.399999999999977,1,0,13866.738388888827,35085158.0,8161876.0,0.0,1,12823381.0,3022782.0,9029900.0,1
7684,2020-01-27 05:27:00,15.399999999999975,1,0,14226.156861111069,36321224.0,8409643.0,0.0,1,13142569.0,3139671.0,9448565.0,1
7684,2020-01-27 05:28:00,12.800000000000011,1,0,14388.275249999868,36887374.0,8465205.0,0.0,1,13294093.0,3185983.0,9595985.0,1
7684,2020-01-27 05:29:00,9.599999999999966,1,0,14574.505722222068,37416631.0,8552071.0,0.0,1,13459238.0,3236273.0,9779792.0,1
7684,2020-01-27 05:30:00,8.800000000000011,1,0,14613.403249999868,37522737.0,8577694.0,0.0,1,13493810.0,3244849.0,9815633.0,1
7684,2020-01-27 05:31:00,8.399999999999977,1,0,14642.39558333327,37613646.0,8588757.0,0.0,1,13522622.0,3251245.0,9849797.0,1
7684,2020-01-27 05:32:00,7.599999999999966,1,0,14698.345499999868,37750745.0,8614328.0,0.0,1,13569482.0,3262249.0,9881374.0,1
7684,2020-01-27 05:33:00,6.800000000000011,1,0,14754.86797222207,37900466.0,8642057.0,0.0,1,13622702.0,3273333.0,9903045.0,1
7684,2020-01-27 05:34:00,6.599999999999966,1,0,14762.94161111107,37930197.0,8687622.0,0.0,1,13627826.0,3276394.0,9936559.0,1
7684,2020-01-27 05:35:00,6.399999999999977,1,0,14771.121416666669,37941897.0,8751985.0,0.0,1,13631462.0,3280543.0,9964587.0,1
7684,2020-01-27 05:36:00,5.800000000000011,1,0,14781.134194444468,37986695.0,8772135.0,0.0,1,13641722.0,3283997.0,9990990.0,1
7684,2020-01-27 05:37:00,4.199999999999989,1,0,14881.774361111067,38398379.0,8803543.0,0.0,1,13732658.0,3309006.0,10146561.0,1
7684,2020-01-27 05:38:00,3.0,1,0,14939.325444444468,38602961.0,8860054.0,0.0,1,13787378.0,3323202.0,10195402.0,1
7684,2020-01-27 05:39:00,0.1999999999999886,1,0,15052.169999999867,39019520.0,8942383.0,0.0,1,13894011.0,3351302.0,10315080.0,1
7854,2020-01-27 18:27:00,278.4,1,0,212.40638888888,6688123.0,116194.0,0.0,0,71076.0,75004.0,295139.0,0
7854,2020-01-27 18:28:00,273.4,1,0,779.22344444444,24610781.0,142389.0,0.0,0,285312.0,257796.0,682643.0,0
7854,2020-01-27 18:29:00,267.4,1,0,1432.2158611111,44533008.0,247169.0,0.0,0,490980.0,483553.0,1078208.0,0
7854,2020-01-27 18:30:00,263.0,1,0,1902.69025,59173725.0,293411.0,0.0,0,655417.0,660102.0,1481677.0,0
7854,2020-01-27 18:31:00,260.0,1,0,2206.38877777778,69069650.0,331241.0,0.0,0,762301.0,764155.0,1722645.0,0
7854,2020-01-27 18:32:00,258.0,1,0,2424.5553611111,76208327.0,348531.0,0.0,0,833881.0,848172.0,1826346.0,0
7854,2020-01-27 18:33:00,257.8,1,0,2450.95383333334,77002419.0,348531.0,0.0,0,846229.0,858613.0,1841777.0,0
7854,2020-01-27 18:34:00,256.0,1,0,2651.4257222222204,83061186.0,375025.0,0.0,0,920689.0,933069.0,1991550.0,0
7854,2020-01-27 18:35:00,250.0,1,0,3328.72213888884,102074271.0,544233.0,0.0,0,1179553.0,1156186.0,2876018.0,0
7854,2020-01-27 18:36:00,249.4,1,0,3388.43038888884,103898795.0,550122.0,0.0,0,1205353.0,1179642.0,2921467.0,0
7854,2020-01-27 18:37:00,243.4,1,0,4028.72066666664,122381715.0,777648.0,0.0,0,1443409.0,1411650.0,3856479.0,0
7854,2020-01-27 18:38:00,238.0,1,0,4616.33394444444,138309433.0,1082251.0,0.0,0,1689854.0,1631895.0,5146378.0,0
7854,2020-01-27 18:39:00,237.8,1,0,4617.30097222224,138339255.0,1085995.0,0.0,0,1691366.0,1632147.0,5148588.0,0
7854,2020-01-27 18:40:00,233.8,1,0,5070.22619444444,151113874.0,1305292.0,0.0,0,1898570.0,1795024.0,6076515.0,0
7854,2020-01-27 18:41:00,233.6,1,0,5090.60900000004,151590520.0,1331513.0,0.0,0,1910186.0,1800852.0,6119779.0,0
7854,2020-01-27 18:42:00,227.6,1,0,5750.257250000041,168970805.0,1662129.0,0.0009166666666666,0,2196842.0,2038049.0,7605276.0,0
7854,2020-01-27 18:43:00,221.6,1,0,6442.83369444444,186994057.0,2002755.0,0.0009166666666666,0,2484554.0,2273045.0,9020730.0,0
7854,2020-01-27 18:44:00,217.2,1,0,6915.0838055556405,200017691.0,2202123.0,0.0009166666666666,0,2686371.0,2439729.0,10002867.0,0
7854,2020-01-27 18:45:00,216.8,1,0,6944.58186111104,200822157.0,2212770.0,0.0009166666666666,0,2700735.0,2450338.0,10071208.0,0
7854,2020-01-27 18:46:00,214.2,1,0,7238.26522222224,208763819.0,2318174.0,0.0009166666666666,0,2825283.0,2549170.0,10507956.0,0
7854,2020-01-27 18:47:00,213.0,1,0,7363.26952777784,212334581.0,2364649.0,0.0009166666666666,0,2888067.0,2587747.0,10705829.0,0
7854,2020-01-27 18:48:00,212.8,1,0,7381.3008333333955,212697866.0,2380847.0,0.0009166666666666,0,2892423.0,2593435.0,10743009.0,0
7854,2020-01-27 18:49:00,206.8,1,0,8058.91497222228,231977477.0,2537978.0,0.0009166666666666,0,3199155.0,2799272.0,11484763.0,0
7854,2020-01-27 18:50:00,205.6,1,0,8196.62822222228,235861708.0,2570257.0,0.0009166666666666,0,3256251.0,2842744.0,11722234.0,0
7854,2020-01-27 18:51:00,202.6,1,0,8524.02561111118,245251362.0,2631500.0,0.0009166666666666,0,3397875.0,2941956.0,12078851.0,0
7854,2020-01-27 18:52:00,202.0,1,0,8587.923583333399,247036028.0,2643005.0,0.0009166666666666,0,3418551.0,2960472.0,12117176.0,0
7854,2020-01-27 18:53:00,201.8,1,0,8618.71052777784,247820747.0,2643005.0,0.0009166666666666,0,3430383.0,2971273.0,12127135.0,0
7854,2020-01-27 18:54:00,199.2,1,0,8888.34597222228,256178512.0,2675856.0,0.0009166666666666,0,3535911.0,3059181.0,12286632.0,0
7854,2020-01-27 18:55:00,196.6,1,0,9144.49036111118,263967020.0,2699672.0,0.0009166666666666,0,3637383.0,3152742.0,12439681.0,0
7854,2020-01-27 18:56:00,196.4,1,0,9158.02088888896,264220715.0,2712334.0,0.0009166666666666,0,3646300.0,3154634.0,12452161.0,0
7854,2020-01-27 18:57:00,195.2,1,0,9292.024861111182,267772472.0,2749033.0,0.0009166666666666,0,3693664.0,3198514.0,12581784.0,0
7854,2020-01-27 18:58:00,194.8,1,0,9341.419444444502,269274388.0,2754961.0,0.0009166666666666,0,3714005.0,3215731.0,12619069.0,0
7854,2020-01-27 18:59:00,193.6,1,0,9471.060611111245,273175779.0,2759485.0,0.0009166666666666,0,3759413.0,3255187.0,12675801.0,0
7854,2020-01-27 19:00:00,189.4,1,0,9949.162277777845,287290737.0,2802424.0,0.0009166666666666,0,3926129.0,3413847.0,12944849.0,0
7854,2020-01-27 19:01:00,186.2,1,0,10305.720305555642,297813886.0,2832532.0,0.0009166666666666,0,4075133.0,3527388.0,13091606.0,0
7854,2020-01-27 19:02:00,180.2,1,0,11011.258222222245,315638069.0,2947998.0,0.0009166666666666,0,4352153.0,3744968.0,13584319.0,0
7854,2020-01-27 19:03:00,174.2,1,0,11719.797083333442,332109161.0,3145312.0,0.0009166666666666,0,4618601.0,3978916.0,14265831.0,0
7854,2020-01-27 19:04:00,174.0,1,0,11740.518944444442,332588134.0,3147354.0,0.0009166666666666,0,4624121.0,3987141.0,14270979.0,0
7854,2020-01-27 19:05:00,172.2,1,0,11957.660694444445,337092283.0,3200069.0,0.0009166666666666,0,4718645.0,4058213.0,14495671.0,0
7854,2020-01-27 19:06:00,171.6,1,0,12009.408027777845,338158361.0,3229150.0,0.0009166666666666,0,4742754.0,4075337.0,14600802.0,0
7854,2020-01-27 19:07:00,167.0,1,0,12535.275361111242,347336946.0,3456754.0,0.0009166666666666,0,4965390.0,4259477.0,15614204.0,0
7854,2020-01-27 19:08:00,166.6,1,0,12579.724111111242,348047604.0,3471263.0,0.0009166666666666,0,4982742.0,4274789.0,15745764.0,0
7854,2020-01-27 19:09:00,160.6,1,0,13371.765861111242,359370449.0,3742547.0,0.0009166666666666,0,5287842.0,4545694.0,17362912.0,0
7854,2020-01-27 19:10:00,158.39999999999998,1,0,13698.76566666664,363427723.0,3846469.0,0.0009166666666666,0,5392734.0,4658203.0,17977552.0,0
7854,2020-01-27 19:11:00,158.2,1,0,13730.535388889042,363842046.0,3847250.0,0.0009166666666666,0,5403534.0,4670352.0,18119486.0,0
7854,2020-01-27 19:12:00,157.0,1,0,13952.944833333482,365133336.0,4428038.0,0.0009166666666666,0,5450862.0,4738617.0,20271506.0,0
7854,2020-01-27 19:13:00,156.6,1,0,14016.489250000162,365875779.0,4439504.0,0.0009166666666666,0,5463402.0,4759970.0,20435215.0,0
7854,2020-01-27 19:14:00,156.0,1,0,14104.454166666825,366838988.0,4474552.0,0.0009166666666666,0,5483947.0,4785026.0,20617527.0,0
7854,2020-01-27 19:15:00,155.79999999999998,1,0,14126.455527777924,367148505.0,4474553.0,0.0009166666666666,0,5487115.0,4796571.0,20888200.0,0
7854,2020-01-27 19:16:00,155.39999999999998,1,0,14186.104833333484,367882238.0,4482913.0,0.0009166666666666,0,5498899.0,4821151.0,20982346.0,0
7854,2020-01-27 19:17:00,153.6,1,0,14511.469694444604,370651732.0,4612861.0,0.0009166666666666,0,5567011.0,4942068.0,22389453.0,0
7854,2020-01-27 19:18:00,152.39999999999998,1,0,14758.151583333483,372356449.0,4922079.0,0.0009166666666666,0,5614891.0,5026004.0,24342989.0,0
7854,2020-01-27 19:19:00,152.2,1,0,14779.999138889045,372657620.0,5046749.0,0.0009166666666666,0,5624671.0,5033586.0,24539692.0,0
7854,2020-01-27 19:20:00,151.79999999999998,1,0,14845.767277777924,373235093.0,5066444.0,0.0009166666666666,0,5641052.0,5057411.0,24733210.0,0
7854,2020-01-27 19:21:00,147.39999999999998,1,0,15474.966277777923,380600893.0,5304240.0,0.0009166666666666,0,5861457.0,5277691.0,26770271.0,0
7854,2020-01-27 19:22:00,147.0,1,0,15514.774055555705,381016048.0,5352081.0,0.0009166666666666,0,5879541.0,5289471.0,27008497.0,0
7854,2020-01-27 19:25:00,130.6,1,0,17621.829222222445,408829964.0,5932832.0,0.0009166666666666,0,6783790.0,5952949.0,30541351.0,0
7854,2020-01-27 19:26:00,129.79999999999998,1,0,17725.302555555645,410237994.0,5942985.0,0.0009166666666666,0,6823810.0,5984189.0,30612968.0,0
7854,2020-01-27 19:27:00,123.79999999999998,1,0,18556.65100000025,422156823.0,5995076.0,0.0009166666666666,0,7191742.0,6211189.0,30900424.0,0
7854,2020-01-27 19:28:00,117.79999999999998,1,0,19360.923500000245,432883643.0,6060908.0,0.0009166666666666,0,7504031.0,6448466.0,31227361.0,0
7854,2020-01-27 19:29:00,115.6,1,0,19695.390527777847,437127181.0,6078341.0,0.0009166666666666,0,7642163.0,6541951.0,31308936.0,0
7854,2020-01-27 19:30:00,112.0,1,0,20237.972972222447,443599556.0,6112063.0,0.0009166666666666,0,7901135.0,6677163.0,31525139.0,0
7854,2020-01-27 19:31:00,106.0,1,0,21023.55086111125,452091442.0,6277371.0,0.0009166666666666,0,8209967.0,6914208.0,32384504.0,0
7854,2020-01-27 19:32:00,104.6,1,0,21218.47294444465,454126904.0,6318685.0,0.0009166666666666,0,8288388.0,6975260.0,32545886.0,0
7854,2020-01-27 19:33:00,102.39999999999998,1,0,21463.566833333447,456427150.0,6402484.0,0.0009166666666666,0,8388600.0,7051204.0,32945571.0,0
7854,2020-01-27 19:34:00,97.79999999999998,1,0,22114.999305555648,462663055.0,6620663.0,0.0009166666666666,0,8674932.0,7251461.0,33774373.0,0
7854,2020-01-27 19:35:00,96.2,1,0,22343.494666666847,464684867.0,6672286.0,0.0009166666666666,0,8771652.0,7320441.0,34066444.0,0
7854,2020-01-27 19:36:00,94.2,1,0,22621.23008333345,466716559.0,6744008.0,0.0009166666666666,0,8879760.0,7404013.0,34817701.0,0
7854,2020-01-27 19:37:00,90.0,1,0,23279.66677777785,470415787.0,6950384.0,0.0009166666666666,0,9108552.0,7624003.0,37338986.0,0
7854,2020-01-27 19:38:00,84.0,1,0,24156.175111111246,474746919.0,7283730.0,0.0009166666666666,0,9452569.0,7898284.0,42128225.0,0
7854,2020-01-27 19:39:00,83.79999999999998,1,0,24203.072333333446,474916972.0,7289919.0,0.0009166666666666,0,9465589.0,7913580.0,42450339.0,0
7854,2020-01-27 19:40:00,83.0,1,0,24370.02683333345,475419955.0,7319052.0,0.0009166666666666,0,9510073.0,7970860.0,43328034.0,0
7854,2020-01-27 19:41:00,82.0,1,0,24550.98066666685,476343918.0,7369518.0,0.0009166666666666,0,9582314.0,8030996.0,43967517.0,0
7854,2020-01-27 19:42:00,81.0,1,0,24702.63780555565,476858588.0,7404878.0,0.0009166666666666,0,9623174.0,8079664.0,44682764.0,0
7854,2020-01-27 19:43:00,77.6,1,0,25225.468333333447,479696462.0,7570732.0,0.0009166666666666,0,9850130.0,8253105.0,46432864.0,0
7854,2020-01-27 19:44:00,75.0,1,0,25577.832611111247,481365051.0,7730723.0,0.0009166666666666,0,10005062.0,8370497.0,47662833.0,0
7854,2020-01-27 19:45:00,74.39999999999998,1,0,25689.019222222447,481809509.0,7769073.0,0.0009166666666666,0,10047158.0,8406749.0,48018929.0,0
7854,2020-01-27 19:46:00,74.19999999999999,1,0,25689.49363888905,481809587.0,7773194.0,0.0009166666666666,0,10047194.0,8407682.0,48062505.0,0
7854,2020-01-27 19:47:00,71.79999999999998,1,0,26024.69075000017,483183337.0,7884110.0,0.0009166666666666,0,10186862.0,8526706.0,49113607.0,0
7854,2020-01-27 19:48:00,71.19999999999999,1,0,26123.15797222239,483654899.0,7900087.0,0.0009166666666666,0,10225082.0,8558535.0,49346255.0,0
7854,2020-01-27 19:49:00,70.39999999999998,1,0,26219.274444444607,484075280.0,7921577.0,0.0009166666666666,0,10264358.0,8590539.0,49589459.0,0
7854,2020-01-27 19:50:00,64.39999999999998,1,0,27135.805277777927,487980962.0,8163390.0,0.0009166666666666,0,10647386.0,8856323.0,52435991.0,0
7854,2020-01-27 19:51:00,60.6,1,0,27767.88902777785,490705125.0,8249801.0,0.0009166666666666,0,10905698.0,9031271.0,54081245.0,0
7854,2020-01-27 19:52:00,54.6,1,0,28756.050472222447,494647115.0,8373990.0,0.0009166666666666,0,11257586.0,9307799.0,57023730.0,0
7854,2020-01-27 19:53:00,48.79999999999998,1,0,29659.34616666685,499328675.0,8443618.0,0.0009166666666666,0,11636222.0,9562291.0,60165752.0,0
7854,2020-01-27 19:54:00,45.0,1,0,30250.982805555646,502073430.0,8510256.0,0.0009166666666666,0,11887994.0,9735605.0,62699478.0,0
7854,2020-01-27 19:55:00,40.6,1,0,30895.247055555647,513171023.0,8548333.0,0.0009166666666666,0,12115550.0,9932122.0,63458353.0,0
7854,2020-01-27 19:56:00,40.39999999999998,1,0,30916.471722222446,513572567.0,8549126.0,0.0009166666666666,0,12121190.0,9938058.0,63465438.0,0
7854,2020-01-27 19:57:00,39.79999999999998,1,0,31005.58802777785,515687044.0,8554391.0,0.0009166666666666,0,12147014.0,9966599.0,63523925.0,0
7854,2020-01-27 19:58:00,33.79999999999998,1,0,31778.82941666685,533241919.0,8793604.0,0.0009166666666666,0,12375134.0,10232615.0,64396368.0,0
7854,2020-01-27 19:59:00,27.799999999999983,1,0,32591.47669444465,551724435.0,9002488.0,0.0009166666666666,0,12625814.0,10502243.0,65230097.0,0
7854,2020-01-27 20:00:00,25.59999999999997,1,0,32926.09877777785,559254945.0,9068216.0,0.0009166666666666,0,12736634.0,10614675.0,65590392.0,0
7854,2020-01-27 20:01:00,24.399999999999977,1,0,33097.54769444465,563108405.0,9122856.0,0.0009166666666666,0,12797450.0,10667023.0,65715102.0,0
7854,2020-01-27 20:02:00,24.0,1,0,33153.526944444646,564293199.0,9136415.0,0.0009166666666666,0,12818942.0,10683459.0,65768649.0,0
7854,2020-01-27 20:03:00,21.59999999999997,1,0,33529.49022222245,570270807.0,9260085.0,0.0009166666666666,0,12933638.0,10806068.0,66683654.0,0
7854,2020-01-27 20:04:00,17.399999999999977,1,0,34415.91783333345,580733415.0,9428734.0,0.0009166666666666,0,13141515.0,11059141.0,68769101.0,0
7854,2020-01-27 20:05:00,17.0,1,0,34517.98605555565,581871760.0,9456008.0,0.0009166666666666,0,13161784.0,11089698.0,68884099.0,0
7854,2020-01-27 20:06:00,16.599999999999966,1,0,34601.60980555565,583217897.0,9460090.0,0.0009166666666666,0,13189780.0,11116735.0,69000514.0,0
7854,2020-01-27 20:07:00,14.399999999999975,1,0,34991.03488888905,589917083.0,9574972.0,0.0009166666666666,0,13311160.0,11226603.0,69571461.0,0
7854,2020-01-27 20:08:00,9.800000000000011,1,0,35763.07961111125,603341715.0,9755165.0,0.0009166666666666,0,13573888.0,11459848.0,70914829.0,0
7854,2020-01-27 20:09:00,9.0,1,0,35929.13733333345,605857306.0,9772078.0,0.0009166666666666,0,13623281.0,11501773.0,71124688.0,0
7854,2020-01-27 20:10:00,4.199999999999989,1,0,36691.50491666685,619921525.0,9995340.0,0.0009166666666666,0,13892933.0,11743914.0,72873176.0,0
7854,2020-01-27 20:11:00,3.3999999999999773,1,0,36798.09508333345,622124090.0,10025266.0,0.0009166666666666,0,13937921.0,11777879.0,73093253.0,0
7854,2020-01-27 20:12:00,2.800000000000012,1,0,36878.70827777785,623600968.0,10068751.0,0.0009166666666666,0,13964129.0,11802801.0,73300798.0,0
7854,2020-01-27 20:13:00,1.3999999999999773,1,0,37073.621611111244,627259519.0,10149689.0,0.0009166666666666,0,14035013.0,11861941.0,73742733.0,0
7905,2020-01-28 01:05:00,286.8,1,0,477.6512499999978,10646025.0,141480.0,0.0,0,145368.0,144312.0,449228.0,0
7905,2020-01-28 01:06:00,283.20000000000005,1,0,956.5182777777778,22213919.0,186642.0,0.0,0,313128.0,282808.0,768677.0,0
7905,2020-01-28 01:07:00,277.6,1,0,1706.308583333338,40403415.0,245064.0,0.0,0,525204.0,534240.0,1262703.0,0
7905,2020-01-28 01:08:00,275.8,1,0,1936.629777777778,46461987.0,274990.0,0.0,0,602845.0,610724.0,1451502.0,0
7905,2020-01-28 01:09:00,270.20000000000005,1,0,2646.1378611111177,64398699.0,331826.0,0.0,0,804157.0,848825.0,1892580.0,0
7905,2020-01-28 01:10:00,269.0,1,0,2791.9349999999977,68326571.0,340289.0,0.0,0,839257.0,905554.0,1981318.0,0
7905,2020-01-28 01:11:00,264.8,1,0,3336.3000833333776,82143531.0,376390.0,0.0,0,962342.0,1127080.0,2369524.0,0
7905,2020-01-28 01:12:00,258.8,1,0,4138.478111111178,100982832.0,607114.0,0.0,0,1142246.0,1446973.0,3145117.0,0
7905,2020-01-28 01:13:00,252.6,1,0,4952.950888888978,119709787.0,866386.0,0.0,0,1323242.0,1767782.0,4017664.0,0
7905,2020-01-28 01:14:00,246.40000000000003,1,0,5791.838277777777,136791878.0,1401687.0,0.0,0,1531958.0,2079566.0,5087409.0,0
7905,2020-01-28 01:15:00,243.2,1,0,6283.418416666577,146336088.0,1666510.0,0.0,0,1662663.0,2251785.0,5686891.0,0
7905,2020-01-28 01:16:00,238.40000000000003,1,0,6998.282055555577,159545271.0,2100827.0,0.0,0,1875543.0,2489154.0,6582006.0,0
7905,2020-01-28 01:17:00,231.8,1,0,7942.368638888977,177043986.0,2707199.0,0.0,0,2153380.0,2805136.0,7712343.0,0
7905,2020-01-28 01:18:00,229.6,1,0,8249.317694444377,182834225.0,2907399.0,0.0,0,2240536.0,2905500.0,8120635.0,0
7905,2020-01-28 01:19:00,225.8,1,0,8782.239249999977,192137961.0,3198625.0,0.0,0,2377216.0,3076880.0,8884424.0,0
7905,2020-01-28 01:20:00,223.2,1,0,9133.953916666578,198632112.0,3397317.0,0.0,0,2486081.0,3185500.0,9368375.0,0
7905,2020-01-28 01:21:00,218.8,1,0,9698.48424999998,210046996.0,3618487.0,0.0,0,2637389.0,3382320.0,9967116.0,0
7905,2020-01-28 01:22:00,218.6,1,0,9714.52044444438,210381591.0,3620944.0,0.0,0,2641998.0,3392030.0,9993402.0,0
7905,2020-01-28 01:23:00,216.8,1,0,9953.16480555558,215470766.0,3704820.0,0.0,0,2710578.0,3472398.0,10226583.0,0
7905,2020-01-28 01:24:00,216.00000000000003,1,0,10062.046611111178,217641883.0,3729793.0,0.0,0,2737638.0,3507474.0,10361315.0,0
7905,2020-01-28 01:25:00,210.00000000000003,1,0,10872.86666666658,234327071.0,3871558.0,0.0,0,2965759.0,3763790.0,11301345.0,0
7905,2020-01-28 01:26:00,204.6,1,0,11655.85488888898,250990627.0,3910870.0,0.0,0,3189307.0,4005230.0,11720972.0,0
7905,2020-01-28 01:27:00,204.40000000000003,1,0,11677.47897222218,251511888.0,3911754.0,0.0,0,3195019.0,4012147.0,11737456.0,0
7905,2020-01-28 01:28:00,198.40000000000003,1,0,12500.85608333338,268901949.0,3972828.0,0.0,0,3407023.0,4290911.0,12219821.0,0
7905,2020-01-28 01:29:00,194.6,1,0,13001.45533333338,279826369.0,3987726.0,0.0,0,3528223.0,4484251.0,12543782.0,0
7905,2020-01-28 01:30:00,194.2,1,0,13047.17836111118,280591770.0,3996385.0,0.0,0,3539635.0,4497463.0,12578999.0,0
7905,2020-01-28 01:31:00,190.40000000000003,1,0,13546.48613888898,290189164.0,4092001.0,0.0,0,3670243.0,4678915.0,12963097.0,0
7905,2020-01-28 01:32:00,184.40000000000003,1,0,14355.81427777778,302995946.0,4256218.0,0.0,0,3839299.0,4985256.0,13743058.0,0
7905,2020-01-28 01:33:00,178.40000000000003,1,0,15251.29227777778,313578258.0,4562758.0,0.0,0,4060364.0,5282834.0,14742863.0,0
7905,2020-01-28 01:34:00,172.8,1,0,16162.07561111118,321521258.0,5020527.0,0.0,0,4248092.0,5561366.0,16101571.0,0
7905,2020-01-28 01:35:00,172.00000000000003,1,0,16306.61713888898,322782687.0,5057174.0,0.0,0,4279100.0,5610751.0,16328070.0,0
7905,2020-01-28 01:36:00,171.60000000000002,1,0,16366.052916666778,323279677.0,5072398.0,0.0,0,4289420.0,5637260.0,16396190.0,0
7905,2020-01-28 01:37:00,168.40000000000003,1,0,16862.21086111118,327674016.0,5284376.0,0.0,0,4410224.0,5800112.0,17093393.0,0
7905,2020-01-28 01:38:00,167.20000000000002,1,0,17087.994416666777,329492391.0,5381018.0,0.0,0,4456676.0,5877285.0,17371776.0,0
7905,2020-01-28 01:39:00,166.8,1,0,17147.420083333378,330020152.0,5408825.0,0.0,0,4469540.0,5903630.0,17490895.0,0
7905,2020-01-28 01:40:00,164.40000000000003,1,0,17644.58449999998,332488254.0,5652887.0,0.0,0,4546521.0,6055122.0,21202850.0,0
7905,2020-01-28 01:41:00,161.60000000000002,1,0,18258.75680555558,336085185.0,5990549.0,0.0,0,4619349.0,6248310.0,24023915.0,0
7905,2020-01-28 01:42:00,160.8,1,0,18470.447916666777,337038800.0,6102245.0,0.0,0,4634421.0,6300850.0,25090423.0,0
7905,2020-01-28 01:43:00,159.40000000000003,1,0,18769.057361111176,338657482.0,6143130.0,0.0,0,4694673.0,6388851.0,26768905.0,0
7905,2020-01-28 01:44:00,157.20000000000002,1,0,19153.987833333376,341736844.0,6291512.0,0.0,0,4777581.0,6515252.0,27272994.0,0
7905,2020-01-28 01:45:00,155.60000000000002,1,0,19383.148194444377,343584612.0,6431171.0,0.0,0,4849365.0,6589000.0,27737575.0,0
7905,2020-01-28 01:46:00,153.20000000000002,1,0,19774.391861111177,346545089.0,6621790.0,0.0,0,4948809.0,6709966.0,28380698.0,0
7905,2020-01-28 01:47:00,152.8,1,0,19838.317861111176,347053220.0,6641914.0,0.0,0,4967277.0,6726803.0,28458490.0,0
7905,2020-01-28 01:48:00,146.8,1,0,20712.326999999976,354192938.0,7106599.0,0.0,0,5190309.0,6995063.0,29735662.0,0
7905,2020-01-28 01:49:00,145.40000000000003,1,0,20930.55252777777,355685858.0,7240655.0,0.0,0,5241033.0,7065803.0,30089756.0,0
7905,2020-01-28 01:50:00,144.40000000000003,1,0,21064.157416665777,356748075.0,7320891.0,0.0,0,5267937.0,7121411.0,30301422.0,0
7905,2020-01-28 01:51:00,140.60000000000002,1,0,21613.285138889776,361526264.0,7468974.0,0.0,0,5405757.0,7308192.0,30984521.0,0
7905,2020-01-28 01:52:00,140.40000000000003,1,0,21637.575888889776,361731820.0,7473602.0,0.0,0,5412741.0,7316377.0,31012991.0,0
7905,2020-01-28 01:53:00,140.20000000000002,1,0,21662.33255555578,361918643.0,7479062.0,0.0,0,5418657.0,7324425.0,31072713.0,0
7905,2020-01-28 01:54:00,140.00000000000003,1,0,21684.090499999777,362113423.0,7480922.0,0.0,0,5423001.0,7334499.0,31106292.0,0
7905,2020-01-28 01:55:00,137.40000000000003,1,0,22075.786444443776,365662293.0,7549913.0,0.0,0,5527749.0,7467031.0,31355606.0,0
7905,2020-01-28 01:56:00,132.8,1,0,22668.213166665777,371943932.0,7615797.0,0.0,0,5688561.0,7669935.0,31774622.0,0
7905,2020-01-28 01:57:00,132.20000000000002,1,0,22747.95891666578,372731200.0,7624247.0,0.0,0,5710149.0,7697951.0,31823307.0,0
7905,2020-01-28 01:58:00,126.20000000000002,1,0,23613.326138889777,380905392.0,7733265.0,0.0,0,5944186.0,7967627.0,32222953.0,0
7905,2020-01-28 01:59:00,125.00000000000004,1,0,23778.13844444378,382317894.0,7755144.0,0.0,0,5995714.0,8018431.0,32314980.0,0
7905,2020-01-28 02:00:00,119.00000000000004,1,0,24608.622333333777,388579839.0,7930995.0,0.0,0,6195826.0,8305816.0,32864737.0,0
7905,2020-01-28 02:01:00,113.60000000000002,1,0,25363.758416665776,393237726.0,8099839.0,0.0,0,6379090.0,8577009.0,33680201.0,0
7905,2020-01-28 02:02:00,112.60000000000002,1,0,25515.400249999777,393855369.0,8133847.0,0.0,0,6418054.0,8633205.0,34039925.0,0
7905,2020-01-28 02:03:00,106.60000000000002,1,0,26380.97297222177,402472276.0,8514215.0,0.0,0,6647446.0,8916302.0,35158953.0,0
7905,2020-01-28 02:04:00,105.60000000000002,1,0,26519.48083333378,404204136.0,8565136.0,0.0,0,6678562.0,8963108.0,35361533.0,0
7905,2020-01-28 02:05:00,105.20000000000002,1,0,26572.686083333778,404950154.0,8578162.0,0.0,0,6692218.0,8984476.0,35428223.0,0
7905,2020-01-28 02:06:00,102.8,1,0,26931.777944444897,409349784.0,8768417.0,0.0,0,6768382.0,9122040.0,35871004.0,0
7905,2020-01-28 02:07:00,99.60000000000002,1,0,27429.59627777822,414424555.0,9021189.0,0.0009444444444444,0,6857098.0,9315554.0,36955529.0,0
7905,2020-01-28 02:08:00,97.20000000000002,1,0,27808.96777777822,417998372.0,9203437.0,0.0009444444444444,0,6934942.0,9446610.0,37814595.0,0
7905,2020-01-28 02:09:00,97.00000000000004,1,0,27837.892055556,418271359.0,9230009.0,0.0009444444444444,0,6941146.0,9461510.0,37992696.0,0
7905,2020-01-28 02:10:00,92.60000000000002,1,0,28531.26216666712,424857315.0,9607399.0,0.0009444444444444,0,7078294.0,9746558.0,39234118.0,0
7905,2020-01-28 02:11:00,92.40000000000003,1,0,28567.69397222267,425139194.0,9627666.0,0.0009444444444444,0,7081330.0,9757114.0,39273612.0,0
7905,2020-01-28 02:12:00,90.60000000000002,1,0,28925.7414444449,428000794.0,9792337.0,0.0009444444444444,0,7132570.0,9877062.0,39792325.0,0
7905,2020-01-28 02:13:00,88.00000000000003,1,0,29373.79288888934,431915848.0,10026428.0,0.0009444444444444,0,7200598.0,10038259.0,40488762.0,0
7905,2020-01-28 02:14:00,87.20000000000002,1,0,29496.91477777824,433255758.0,10117480.0,0.0009444444444444,0,7235506.0,10087423.0,40689834.0,0
7905,2020-01-28 02:15:00,85.40000000000003,1,0,29763.38611111156,435717516.0,10283581.0,0.0009444444444444,0,7288882.0,10183956.0,41121447.0,0
7905,2020-01-28 02:16:00,84.40000000000003,1,0,29917.378888889343,437047209.0,10371812.0,0.0009444444444444,0,7312894.0,10244466.0,41496302.0,0
7905,2020-01-28 02:17:00,83.80000000000001,1,0,30003.92602777825,437896604.0,10409928.0,0.0009444444444444,0,7335394.0,10276192.0,41675754.0,0
7905,2020-01-28 02:18:00,79.00000000000003,1,0,30707.369916667125,444418731.0,10710176.0,0.0009444444444444,0,7478818.0,10529312.0,42956307.0,0
7905,2020-01-28 02:19:00,78.80000000000001,1,0,30742.42094444493,444762802.0,10725828.0,0.0009444444444444,0,7487482.0,10541144.0,42995684.0,0
7905,2020-01-28 02:20:00,72.80000000000001,1,0,31620.770500000526,452585721.0,11050373.0,0.0009444444444444,0,7697674.0,10834525.0,44277939.0,0
7905,2020-01-28 02:21:00,66.80000000000001,1,0,32491.440888889327,460811445.0,11242422.0,0.0009444444444444,0,7885246.0,11122289.0,45237885.0,0
7905,2020-01-28 02:22:00,64.00000000000003,1,0,32889.98769444493,464511597.0,11299024.0,0.0009444444444444,0,7984054.0,11257829.0,45825369.0,0
7905,2020-01-28 02:23:00,60.80000000000001,1,0,33345.27586111153,468864023.0,11353156.0,0.0009444444444444,0,8109634.0,11412119.0,46476475.0,0
7905,2020-01-28 02:24:00,57.60000000000002,1,0,33822.27911111153,473348036.0,11402414.0,0.0009444444444444,0,8239846.0,11554196.0,47143206.0,0
7905,2020-01-28 02:25:00,55.20000000000002,1,0,34142.12086111153,476431662.0,11457313.0,0.0009444444444444,0,8310238.0,11671220.0,47576509.0,0
7905,2020-01-28 02:26:00,54.80000000000001,1,0,34190.91047222273,476874182.0,11463553.0,0.0009444444444444,0,8322790.0,11691212.0,47652988.0,0
7905,2020-01-28 02:27:00,53.80000000000001,1,0,34318.00900000053,477998552.0,11477801.0,0.0009444444444444,0,8354146.0,11738660.0,47931630.0,0
7905,2020-01-28 02:28:00,50.20000000000002,1,0,34800.94361111165,482606298.0,11516801.0,0.0009444444444444,0,8460010.0,11904480.0,49010448.0,0
7905,2020-01-28 02:29:00,49.400000000000034,1,0,34887.238722222755,483473424.0,11521572.0,0.0009444444444444,0,8476102.0,11950032.0,49325763.0,0
7905,2020-01-28 02:30:00,43.400000000000034,1,0,35671.511805556096,489033849.0,11669889.0,0.0009444444444444,0,8656594.0,12225032.0,52624864.0,0
7905,2020-01-28 02:31:00,37.400000000000034,1,0,36496.50044444494,492761717.0,11879254.0,0.0009444444444444,0,8836450.0,12505555.0,57495250.0,0
7905,2020-01-28 02:32:00,36.60000000000002,1,0,36614.32313888934,493202547.0,11891500.0,0.0009444444444444,0,8856394.0,12549971.0,58202047.0,0
7905,2020-01-28 02:33:00,31.200000000000045,1,0,37248.14022222274,494939009.0,12221284.0,0.0009444444444444,0,8971294.0,12758835.0,62972722.0,0
7905,2020-01-28 02:34:00,29.600000000000023,1,0,37529.757944444944,495320780.0,12369237.0,0.0009444444444444,0,9013810.0,12857123.0,65397599.0,0
7905,2020-01-28 02:35:00,27.0,1,0,38030.10386111174,495856536.0,12564523.0,0.0009444444444444,0,9075874.0,13047940.0,69307246.0,0
7905,2020-01-28 02:36:00,22.80000000000001,1,0,38748.66027777834,496790937.0,12961166.0,0.0009444444444444,0,9194842.0,13327446.0,76011619.0,0
7905,2020-01-28 02:37:00,21.200000000000045,1,0,39027.24972222274,497103600.0,13170024.0,0.0009444444444444,0,9246142.0,13425684.0,78429424.0,0
7905,2020-01-28 02:38:00,21.0,1,0,39060.38625000054,497168159.0,13180398.0,0.0009444444444444,0,9255106.0,13437437.0,78714359.0,0
7905,2020-01-28 02:39:00,20.80000000000001,1,0,39088.37858333394,497232223.0,13184116.0,0.0009444444444444,0,9258538.0,13459665.0,78968288.0,0
7905,2020-01-28 02:40:00,20.200000000000045,1,0,39195.69888888934,497364056.0,13309787.0,0.0009444444444444,0,9274547.0,13495730.0,79797246.0,0
7905,2020-01-28 02:41:00,17.200000000000045,1,0,39670.96222222274,497851673.0,13562755.0,0.0009444444444444,0,9366251.0,13659103.0,84547602.0,0
7905,2020-01-28 02:42:00,15.200000000000044,1,0,39974.27616666714,498127117.0,13709447.0,0.0009444444444444,0,9441971.0,13772749.0,88073501.0,0
7905,2020-01-28 02:43:00,14.600000000000025,1,0,40066.48919444494,498204558.0,13755025.0,0.0009444444444444,0,9460883.0,13805897.0,88891656.0,0
7905,2020-01-28 02:44:00,14.400000000000034,1,0,40089.40516666714,498228192.0,13772627.0,0.0009444444444444,0,9467327.0,13813834.0,89205515.0,0
7905,2020-01-28 02:45:00,14.0,1,0,40137.46002777835,498262421.0,13793883.0,0.0009444444444444,0,9478271.0,13832283.0,89825017.0,0
7905,2020-01-28 02:46:00,11.800000000000011,1,0,40492.342611111744,498516012.0,13997359.0,0.0009444444444444,0,9578868.0,13961035.0,93914441.0,0
7905,2020-01-28 02:47:00,11.600000000000025,1,0,40517.88975000054,498533731.0,14022189.0,0.0009444444444444,0,9583248.0,13971463.0,94296161.0,0
7905,2020-01-28 02:48:00,11.0,1,0,40611.104861111744,498627656.0,14060123.0,0.0009444444444444,0,9607884.0,14011584.0,95265896.0,0
7905,2020-01-28 02:49:00,8.200000000000045,1,0,41031.28269444494,498975861.0,14283671.0,0.0009444444444444,0,9724236.0,14145909.0,100060946.0,0
7905,2020-01-28 02:50:00,4.800000000000011,1,0,41526.73002777834,499525306.0,14509585.0,0.0009444444444444,0,9830844.0,14301369.0,105857101.0,0
7905,2020-01-28 02:51:00,3.0,1,0,41791.30277777834,499764532.0,14581177.0,0.0009444444444444,0,9883488.0,14393383.0,108771636.0,0
7905,2020-01-28 02:52:00,1.400000000000034,1,0,42026.40488888935,500030252.0,14654874.0,0.0009444444444444,0,9911736.0,14473819.0,111344401.0,0
7905,2020-01-28 02:53:00,1.2000000000000457,1,0,42058.04838888934,500076494.0,14662752.0,0.0009444444444444,0,9914736.0,14482335.0,111810074.0,0
7905,2020-01-28 02:54:00,0.6000000000000227,1,0,42148.51761111174,500194833.0,14687478.0,0.0009444444444444,0,9929016.0,14514071.0,112706645.0,0
7961,2020-01-28 05:43:00,299.0,1,1,617.1657777777799,17153448.0,221650.0,0.0,0,339120.0,191426.0,216697.0,1
7961,2020-01-28 05:44:00,297.8,1,1,704.0484999999999,19473012.0,240370.0,0.0,0,377797.0,220968.0,227891.0,1
7961,2020-01-28 05:45:00,292.2,1,1,1116.48355555556,33181642.0,398606.0,0.0,0,636901.0,349512.0,407811.0,1
7961,2020-01-28 05:46:00,289.8,1,1,1313.97930555556,38797330.0,452504.0,0.0,0,727850.0,414557.0,462385.0,1
7961,2020-01-28 05:47:00,288.0,1,1,1452.57819444444,43456010.0,530192.0,0.0,0,800522.0,465449.0,481885.0,1
7961,2020-01-28 05:48:00,287.8,1,1,1493.231416666662,44442385.0,559312.0,0.0,0,818858.0,479306.0,496705.0,1
7961,2020-01-28 05:49:00,281.40000000000003,1,1,1999.41275,58857292.0,667498.0,0.0,0,1068951.0,613126.0,616526.0,1
7961,2020-01-28 05:50:00,280.0,1,1,2141.69388888888,63717564.0,717626.0,0.0,0,1152087.0,659314.0,686583.0,1
7961,2020-01-28 05:51:00,279.8,1,1,2151.25352777778,63919636.0,717627.0,0.0,0,1155039.0,661414.0,688975.0,1
7961,2020-01-28 05:52:00,273.6,1,1,2724.72927777778,82151239.0,1120315.0,0.0,0,1495432.0,832066.0,1253292.0,1
7961,2020-01-28 05:53:00,270.0,1,1,3052.29825,92609077.0,1285233.0,0.0,0,1723132.0,936690.0,1460109.0,1
7961,2020-01-28 05:54:00,264.0,1,1,3619.45811111112,108054885.0,1737711.0,0.0,0,2096716.0,1128431.0,2011115.0,1
7961,2020-01-28 05:55:00,257.6,1,1,4111.382944444439,121622049.0,2060904.0,0.0,0,2395432.0,1295008.0,2480455.0,1
7961,2020-01-28 05:56:00,252.8,1,1,4571.10538888888,134445080.0,2413022.0,0.0,0,2696692.0,1420354.0,2990510.0,1
7961,2020-01-28 05:57:00,249.2,1,1,4830.50519444444,142641802.0,2720563.0,0.0,0,2863996.0,1493010.0,3287417.0,1
7961,2020-01-28 05:58:00,243.2,1,1,5294.498611111099,157135983.0,3050412.0,0.0,0,3170668.0,1630063.0,3995982.0,1
7961,2020-01-28 05:59:00,240.8,1,1,5554.5716111111,164656523.0,3109549.0,0.0,0,3319192.0,1701835.0,4144091.0,1
7961,2020-01-28 06:00:00,236.4,1,1,5874.276916666659,173885366.0,3349750.0,0.0,0,3477880.0,1784776.0,4343875.0,1
7961,2020-01-28 06:01:00,230.4,1,1,6302.03275,188516697.0,3716454.0,0.0,0,3698680.0,1920581.0,4562626.0,1
7961,2020-01-28 06:02:00,229.0,1,1,6390.08755555556,191273673.0,3787707.0,0.0,0,3741148.0,1947289.0,4649362.0,1
7961,2020-01-28 06:03:00,228.0,1,1,6461.91747222222,193598515.0,3811848.0,0.0,0,3775744.0,1972305.0,4657825.0,1
7961,2020-01-28 06:04:00,221.8,1,1,6830.40319444444,205894695.0,4028194.0,0.0,0,3989908.0,2079542.0,4769820.0,1
7961,2020-01-28 06:05:00,215.6,1,1,7252.16936111104,220074016.0,4297164.0,0.0,0,4197352.0,2206328.0,4927627.0,1
7961,2020-01-28 06:06:00,209.6,1,1,7697.49066666664,235886306.0,4550522.0,0.0,0,4432132.0,2333764.0,5042105.0,1
7961,2020-01-28 06:07:00,207.0,1,1,7896.74641666664,242638051.0,4628392.0,0.0,0,4524844.0,2398530.0,5096679.0,1
7961,2020-01-28 06:08:00,204.2,1,1,8162.52425000004,251083592.0,4695615.0,0.0,0,4663360.0,2465383.0,5159171.0,1
7961,2020-01-28 06:09:00,204.0,1,1,8180.01402777784,251942463.0,4700152.0,0.0,0,4672840.0,2471183.0,5162122.0,1
7961,2020-01-28 06:10:00,198.0,1,1,8676.311250000039,269189589.0,4918748.0,0.0,0,4962221.0,2607096.0,5496872.0,1
7961,2020-01-28 06:11:00,196.6,1,1,8768.10708333324,272670964.0,4998789.0,0.0,0,5029374.0,2634632.0,5550575.0,1
7961,2020-01-28 06:12:00,195.8,1,1,8823.678972222238,274426472.0,5052128.0,0.0,0,5058931.0,2648254.0,5585507.0,1
7961,2020-01-28 06:13:00,189.8,1,1,9300.111666666638,289031790.0,5384746.0,0.0,0,5391775.0,2770839.0,6083940.0,1
7961,2020-01-28 06:14:00,189.0,1,1,9384.60980555564,290987575.0,5436330.0,0.0,0,5429215.0,2794231.0,6120184.0,1
7961,2020-01-28 06:15:00,187.2,1,1,9511.53525000004,294429650.0,5501187.0,0.0,0,5515040.0,2827064.0,6359124.0,1
7961,2020-01-28 06:16:00,183.0,1,1,9882.47591666664,303318153.0,5799836.0,0.0,0,5780828.0,2913854.0,7468831.0,1
7961,2020-01-28 06:17:00,182.6,1,1,9928.542888888838,304451428.0,5845076.0,0.0,0,5816924.0,2928174.0,7537939.0,1
7961,2020-01-28 06:18:00,182.4,1,1,9930.320583333283,304451428.0,5862041.0,0.0,0,5817272.0,2929074.0,7550809.0,1
7961,2020-01-28 06:19:00,180.6,1,1,10137.011055555498,309170636.0,5956123.0,0.0,0,5938425.0,2977231.0,7745744.0,1
7961,2020-01-28 06:20:00,180.4,1,1,10139.422111111058,309370369.0,5964574.0,0.0,0,5941270.0,2981984.0,7799993.0,1
7961,2020-01-28 06:21:00,179.20000000000002,1,1,10266.1343055555,311769637.0,6137852.0,0.0,0,6018178.0,3013180.0,8815736.0,1
7961,2020-01-28 06:22:00,174.4,1,1,10739.75272222218,323203631.0,6515645.0,0.0,0,6304978.0,3151108.0,11552834.0,1
7961,2020-01-28 06:23:00,170.60000000000002,1,1,11010.39241666662,330795618.0,6721955.0,0.0,0,6468898.0,3241237.0,12463224.0,1
7961,2020-01-28 06:24:00,164.60000000000002,1,1,11415.65083333328,344591374.0,6978263.0,0.0,0,6722782.0,3361365.0,12763849.0,1
7961,2020-01-28 06:25:00,160.0,1,1,11775.62383333328,355830368.0,7171261.0,0.0,0,6884710.0,3485581.0,13214443.0,1
7961,2020-01-28 06:26:00,157.4,1,1,11968.56972222224,362118339.0,7346631.0,0.0,0,6989410.0,3545998.0,13294939.0,1
7961,2020-01-28 06:27:00,154.4,1,1,12212.63258333324,369776392.0,7459510.0,0.0,0,7110802.0,3609035.0,13364463.0,1
7961,2020-01-28 06:28:00,148.4,1,1,12653.25561111104,383137311.0,7667627.0,0.0,0,7316434.0,3751089.0,13526366.0,1
7961,2020-01-28 06:29:00,142.8,1,1,13041.92727777764,395030829.0,7824459.0,0.0,0,7529782.0,3868890.0,13681560.0,1
7961,2020-01-28 06:30:00,138.0,1,1,13475.48063888884,408260630.0,7975220.0,0.0,0,7744294.0,4021654.0,13872647.0,1
7961,2020-01-28 06:31:00,137.8,1,1,13492.74988888884,408881211.0,7981109.0,0.0,0,7755719.0,4027928.0,13879303.0,1
7961,2020-01-28 06:32:00,131.60000000000002,1,1,13986.76366666662,422936707.0,8171780.0,0.0,0,8049347.0,4189096.0,14214430.0,1
7961,2020-01-28 06:33:00,131.4,1,1,14018.00002777772,423799777.0,8184884.0,0.0,0,8070107.0,4197397.0,14222217.0,1
7961,2020-01-28 06:34:00,125.4,1,1,14496.47091666662,433358235.0,8492841.0,0.0,0,8329103.0,4351275.0,14554784.0,1
7961,2020-01-28 06:35:00,121.4,1,1,14859.4871944444,439851228.0,8629874.0,0.0,0,8544023.0,4469935.0,14681183.0,1
7961,2020-01-28 06:36:00,117.20000000000002,1,1,15266.68688888884,445911451.0,8858440.0,0.0,0,8808455.0,4594679.0,16038552.0,1
7961,2020-01-28 06:37:00,116.20000000000002,1,1,15335.631722222171,446828614.0,8948466.0,0.0,0,8842932.0,4616277.0,16099496.0,1
7961,2020-01-28 06:38:00,109.20000000000002,1,1,15914.73291666662,454688324.0,9263599.0,0.0,0,9208729.0,4788908.0,17057089.0,1
7961,2020-01-28 06:39:00,103.20000000000002,1,1,16529.37616666662,462529352.0,9492906.0,0.0,0,9638209.0,4989934.0,17857005.0,1
7961,2020-01-28 06:40:00,100.8,1,1,16742.467333333283,465356073.0,9539563.0,0.0,0,9789997.0,5068915.0,17963605.0,1
7961,2020-01-28 06:41:00,99.0,1,1,16920.6516944444,468275808.0,9596243.0,0.0,0,9913297.0,5128871.0,18083751.0,1
7961,2020-01-28 06:42:00,97.20000000000002,1,1,17073.715361111063,470172807.0,9672592.0,0.0,0,10030970.0,5179963.0,18211152.0,1
7961,2020-01-28 06:43:00,96.0,1,1,17160.58538888884,471378180.0,9760966.0,0.0,0,10103546.0,5217063.0,18350330.0,1
7961,2020-01-28 06:44:00,94.8,1,1,17230.925527777723,472173182.0,9821248.0,0.0,0,10158530.0,5243453.0,18370857.0,1
7961,2020-01-28 06:45:00,93.20000000000002,1,1,17371.984333333243,473743959.0,9900743.0,0.0,0,10252214.0,5287315.0,18417593.0,1
7961,2020-01-28 06:46:00,87.0,1,1,17660.363694444444,476432112.0,10401126.0,0.0,0,10404770.0,5383791.0,18590298.0,1
7961,2020-01-28 06:47:00,85.4,1,1,17767.076027777643,477393735.0,10475746.0,0.0,0,10462658.0,5424363.0,18612034.0,1
7961,2020-01-28 06:48:00,85.20000000000002,1,1,17782.267916666642,477545328.0,10480933.0,0.0,0,10472474.0,5429723.0,18617975.0,1
7961,2020-01-28 06:49:00,79.20000000000002,1,1,18097.34272222224,478727887.0,10866149.0,0.0,0,10622870.0,5527511.0,18722807.0,1
7961,2020-01-28 06:50:00,73.0,1,1,18531.16819444444,480353472.0,11090815.0,0.0,0,10865522.0,5644256.0,18811233.0,1
7961,2020-01-28 06:51:00,72.20000000000002,1,1,18625.02986111104,480668137.0,11090815.0,0.0,0,10918286.0,5667372.0,18820827.0,1
7961,2020-01-28 06:52:00,70.4,1,1,18777.85105555544,481112295.0,11147976.0,0.0,0,10987094.0,5704552.0,18872086.0,1
7961,2020-01-28 06:53:00,67.0,1,1,19024.29838888884,482089505.0,11337542.0,0.0,0,11106206.0,5776329.0,18918704.0,1
7961,2020-01-28 06:54:00,61.0,1,1,19665.46850000004,485412916.0,11487718.0,0.0,0,11392286.0,5943001.0,19087782.0,1
7961,2020-01-28 06:55:00,59.400000000000006,1,1,19852.45122222224,486690426.0,11537184.0,0.0,0,11475171.0,6004007.0,19145632.0,1
7961,2020-01-28 06:56:00,58.20000000000002,1,1,19961.26350000004,487651153.0,11570386.0,0.0,0,11532003.0,6033809.0,19172035.0,1
7961,2020-01-28 06:57:00,56.400000000000006,1,1,20152.41119444444,489133349.0,11603380.0,0.0,0,11620791.0,6090469.0,19214844.0,1
7961,2020-01-28 06:58:00,56.0,1,1,20171.18391666664,489290962.0,11629368.0,0.0,0,11628963.0,6093986.0,19238686.0,1
7961,2020-01-28 06:59:00,54.80000000000001,1,1,20297.15219444444,490430009.0,11650688.0,0.0,0,11689419.0,6129322.0,19306143.0,1
7961,2020-01-28 07:00:00,54.20000000000002,1,1,20365.92547222224,490957328.0,11650806.0,0.0,0,11726116.0,6147803.0,19344494.0,1
7961,2020-01-28 07:01:00,52.80000000000001,1,1,20529.96438888884,492480083.0,11690964.0,0.0,0,11798428.0,6192940.0,19403033.0,1
7961,2020-01-28 07:02:00,50.0,1,1,20773.89372222224,494866584.0,11801646.0,0.0,0,11954092.0,6256492.0,19520605.0,1
7961,2020-01-28 07:03:00,49.400000000000034,1,1,20858.86230555544,495526919.0,11808783.0,0.0,0,12004060.0,6276476.0,19572644.0,1
7961,2020-01-28 07:04:00,48.400000000000034,1,1,20967.720722222104,496907792.0,11863201.0,0.0,0,12072053.0,6299054.0,19741189.0,1
7961,2020-01-28 07:05:00,47.60000000000002,1,1,21056.806472222102,497804493.0,11901525.0,0.0,0,12127397.0,6319770.0,19774092.0,1
7961,2020-01-28 07:06:00,47.0,1,1,21134.68166666655,498637585.0,11934467.0,0.0,0,12178205.0,6338927.0,19857565.0,1
7961,2020-01-28 07:07:00,46.80000000000001,1,1,21158.21563888877,498925626.0,11976301.0,0.0,0,12195173.0,6344727.0,19866808.0,1
7961,2020-01-28 07:08:00,46.19999999999999,1,1,21200.77919444432,499400646.0,12029536.0,0.0,0,12240389.0,6361308.0,19943885.0,1
7961,2020-01-28 07:09:00,45.60000000000002,1,1,21275.82694444432,500297529.0,12060060.0,0.0,0,12281021.0,6383440.0,19986980.0,1
7961,2020-01-28 07:10:00,42.80000000000001,1,1,21610.17983333322,504018324.0,12204555.0,0.0,0,12511145.0,6465884.0,20752173.0,1
7961,2020-01-28 07:11:00,36.400000000000034,1,1,22220.78327777766,511965705.0,12423852.0,0.0,0,12941969.0,6648572.0,21344076.0,1
7961,2020-01-28 07:12:00,30.400000000000038,1,1,22875.95924999984,520979281.0,12691093.0,0.0,0,13290845.0,6878081.0,22180626.0,1
7961,2020-01-28 07:13:00,29.400000000000038,1,1,22964.98049999984,521991149.0,12783055.0,0.0,0,13369877.0,6905410.0,22470787.0,1
7961,2020-01-28 07:14:00,28.400000000000038,1,1,23087.96161111104,523578046.0,12801515.0,0.0,0,13430417.0,6957898.0,22705606.0,1
7961,2020-01-28 07:15:00,27.600000000000023,1,1,23165.11736111104,524603902.0,12850902.0,0.0,0,13459469.0,6986394.0,22855886.0,1
7961,2020-01-28 07:16:00,27.400000000000038,1,1,23166.32624999984,524607932.0,12874588.0,0.0,0,13459673.0,6987202.0,22867938.0,1
7961,2020-01-28 07:17:00,26.0,1,1,23334.00483333324,526549404.0,12982619.0,0.0,0,13533317.0,7047318.0,23458047.0,1
7961,2020-01-28 07:18:00,22.400000000000038,1,1,23750.09583333324,532111792.0,13116116.0,0.0,0,13798121.0,7174207.0,24011015.0,1
7961,2020-01-28 07:19:00,20.80000000000001,1,1,23866.30666666664,533755109.0,13178789.0,0.0,0,13856045.0,7209132.0,24139221.0,1
7961,2020-01-28 07:20:00,20.600000000000023,1,1,23883.128861111043,534150335.0,13186862.0,0.0,0,13861433.0,7217774.0,24139221.0,1
7961,2020-01-28 07:21:00,19.400000000000038,1,1,24025.169277777644,535946207.0,13238407.0,0.0,0,13939517.0,7255954.0,24251580.0,1
7961,2020-01-28 07:22:00,17.600000000000023,1,1,24213.45066666665,538793285.0,13282672.0,0.0,0,14138249.0,7308902.0,24362158.0,1
7961,2020-01-28 07:23:00,16.0,1,1,24278.275222222044,539672033.0,13350155.0,0.0,0,14226569.0,7326583.0,24498827.0,1
7961,2020-01-28 07:24:00,15.199999999999989,1,1,24324.614333333244,540363438.0,13372073.0,0.0,0,14274293.0,7339563.0,24532406.0,1
7961,2020-01-28 07:25:00,12.199999999999989,1,1,24633.42358333324,543554613.0,13480311.0,0.0,0,14369069.0,7425108.0,24637642.0,1
7961,2020-01-28 07:26:00,11.199999999999989,1,1,24731.075277777643,544654140.0,13495847.0,0.0,0,14419841.0,7464664.0,24668244.0,1
7961,2020-01-28 07:27:00,9.800000000000011,1,1,24891.763083333244,546560187.0,13522640.0,0.0,0,14498849.0,7503577.0,24728201.0,1
7961,2020-01-28 07:28:00,8.800000000000011,1,1,25016.772472222045,547888644.0,13543661.0,0.0,0,14551829.0,7546451.0,24801989.0,1
7961,2020-01-28 07:29:00,7.400000000000034,1,1,25136.897694444244,548854076.0,13577631.0,0.0,0,14616269.0,7579592.0,24824323.0,1
7961,2020-01-28 07:30:00,4.199999999999989,1,1,25402.61172222204,549616019.0,13631867.0,0.0,0,14736185.0,7661395.0,24853392.0,1
7961,2020-01-28 07:31:00,3.400000000000034,1,1,25517.44797222204,549689456.0,13634519.0,0.0,0,14774741.0,7699680.0,24873399.0,1
7961,2020-01-28 07:32:00,2.400000000000034,1,1,25574.86197222204,549717303.0,13687195.0,0.0,0,14798885.0,7714101.0,24889233.0,1
7961,2020-01-28 07:33:00,0.6000000000000227,1,1,25693.59124999984,551606619.0,13728899.0,0.0,0,14848013.0,7752381.0,24924113.0,1
8771,2020-01-29 15:44:00,317.2,1,1,321.5435000000088,289277.0,320151.0,0.0,0,237780.0,117172.0,149215.0,0
8771,2020-01-29 15:45:00,313.6,1,1,693.2810000000088,687896.0,622674.0,0.0,0,487440.0,220050.0,408760.0,0
8771,2020-01-29 15:46:00,313.0,1,1,732.7261944444488,815374.0,683839.0,0.0,0,513721.0,237150.0,438985.0,0
8771,2020-01-29 15:47:00,308.6,1,1,1117.0332500000088,1420290.0,1000012.0,0.0,0,807625.0,359618.0,635129.0,0
8771,2020-01-29 15:48:00,306.8,1,1,1269.9880000000087,1963638.0,1113736.0,0.0,0,922177.0,416782.0,730328.0,0
8771,2020-01-29 15:49:00,304.0,1,1,1539.165777777789,2566384.0,1324973.0,0.0,0,1135033.0,491402.0,876552.0,0
8771,2020-01-29 15:50:00,298.0,1,1,1965.1122500000088,3793363.0,1980330.0,0.0076944444444444,0,1467409.0,658606.0,1367185.0,0
8771,2020-01-29 15:51:00,292.6,1,1,2337.7793055554885,5082665.0,2576757.0,0.0076944444444444,0,1770110.0,800914.0,2381562.0,0
8771,2020-01-29 15:52:00,292.2,1,1,2363.6273055554884,5261259.0,2676870.0,0.0076944444444444,0,1791230.0,821898.0,2541046.0,0
8771,2020-01-29 15:53:00,288.6,1,1,2657.9282500000886,6234335.0,3279017.0,0.0076944444444444,0,2034578.0,921954.0,3298998.0,0
8771,2020-01-29 15:54:00,282.40000000000003,1,1,3037.7328888888887,7555772.0,3990390.0,0.0076944444444444,0,2366762.0,1087154.0,3925442.0,0
8771,2020-01-29 15:55:00,276.40000000000003,1,1,3526.5340277776886,9139068.0,4584581.0,0.0076944444444444,0,2820662.0,1276850.0,4589001.0,0
8771,2020-01-29 15:56:00,271.8,1,1,3870.5725277776887,10320964.0,5216043.0,0.0076944444444444,0,3145022.0,1391839.0,5253301.0,0
8771,2020-01-29 15:57:00,265.6,1,1,4273.4175277776885,11295159.0,5822818.0,0.0076944444444444,0,3527990.0,1525532.0,5791397.0,0
8771,2020-01-29 15:58:00,260.8,1,1,4620.496222222288,12164274.0,6162067.0,0.0077777777777778,0,3830126.0,1673933.0,6075434.0,0
8771,2020-01-29 15:59:00,256.6,1,1,4908.015833333288,12953361.0,6560856.0,0.0077777777777778,0,4049846.0,1801998.0,6275413.0,0
8771,2020-01-29 16:00:00,250.6,1,1,5331.942944444489,13397702.0,6998137.0,0.0078055555555556,0,4405394.0,1955342.0,6556122.0,0
8771,2020-01-29 16:01:00,244.6,1,1,5769.405472222288,14109257.0,7378686.0,0.0078055555555556,0,4709162.0,2139582.0,6847973.0,0
8771,2020-01-29 16:02:00,240.8,1,1,6119.360944444488,14566883.0,7617301.0,0.0078055555555556,0,4984106.0,2266891.0,6997811.0,0
8771,2020-01-29 16:03:00,239.6,1,1,6228.590583333288,14647860.0,7680066.0,0.0078055555555556,0,5059214.0,2312128.0,7038865.0,0
8771,2020-01-29 16:04:00,233.4,1,1,6808.830000000088,15638174.0,8197947.0,0.0078055555555556,0,5491298.0,2508966.0,7529329.0,0
8771,2020-01-29 16:05:00,232.4,1,1,6891.744944444488,15801714.0,8277351.0,0.0078055555555556,0,5559350.0,2547178.0,7577832.0,0
8771,2020-01-29 16:06:00,231.4,1,1,6953.113500000089,16046881.0,8363775.0,0.0078055555555556,0,5610339.0,2571091.0,7666024.0,0
8771,2020-01-29 16:07:00,226.6,1,1,7290.02602777769,16975250.0,8721834.0,0.0078055555555556,0,5854671.0,2720195.0,7983055.0,0
8771,2020-01-29 16:08:00,220.6,1,1,7732.346138888888,18020879.0,9343520.0,0.0078055555555556,0,6195147.0,2843450.0,8384378.0,0
8771,2020-01-29 16:09:00,216.8,1,1,8014.715972222288,18913381.0,9715281.0,0.0105277777777778,0,6408183.0,2949599.0,8828809.0,0
8771,2020-01-29 16:10:00,216.0,1,1,8072.559194444488,19071812.0,9752955.0,0.0105277777777778,0,6456579.0,2972511.0,8945328.0,0
8771,2020-01-29 16:11:00,215.2,1,1,8125.358333333376,19243724.0,9872582.0,0.0105277777777778,0,6501880.0,3005828.0,9022106.0,0
8771,2020-01-29 16:12:00,209.2,1,1,8573.144972222268,20695889.0,10516732.0,0.011361111111111,0,6865024.0,3169769.0,9594743.0,0
8771,2020-01-29 16:13:00,203.2,1,1,9028.585666666708,22366103.0,11346418.0,0.011361111111111,0,7213876.0,3333327.0,10452041.0,0
8771,2020-01-29 16:14:00,200.0,1,1,9308.740138888928,23103905.0,11659081.0,0.011361111111111,0,7405109.0,3442011.0,10774792.0,0
8771,2020-01-29 16:15:00,199.0,1,1,9380.959611111148,23368013.0,11751212.0,0.011361111111111,0,7457430.0,3475815.0,10948446.0,0
8771,2020-01-29 16:16:00,197.4,1,1,9467.589361111148,23718766.0,12000344.0,0.011361111111111,0,7509571.0,3522211.0,11118785.0,0
8771,2020-01-29 16:17:00,191.6,1,1,9838.207277777828,24611164.0,12689331.0,0.011361111111111,0,7775768.0,3642956.0,11381892.0,0
8771,2020-01-29 16:18:00,191.4,1,1,9856.75308333337,24626673.0,12700147.0,0.011361111111111,0,7788092.0,3647669.0,11382711.0,0
8771,2020-01-29 16:19:00,189.6,1,1,9994.92555555561,24939414.0,12840938.0,0.011361111111111,0,7890800.0,3702978.0,11518158.0,0
8771,2020-01-29 16:20:00,188.6,1,1,10068.03311111115,25075329.0,12938452.0,0.011361111111111,0,7945568.0,3726862.0,11570288.0,0
8771,2020-01-29 16:21:00,183.8,1,1,10397.762138888893,25534164.0,13221241.0,0.011361111111111,0,8178080.0,3844974.0,11877790.0,0
8771,2020-01-29 16:22:00,183.4,1,1,10421.008472222293,25587646.0,13255860.0,0.011361111111111,0,8193620.0,3854798.0,11910745.0,0
8771,2020-01-29 16:23:00,178.20000000000002,1,1,10848.841500000091,25849597.0,13570213.0,0.0159166666666666,0,8504228.0,3991650.0,12162607.0,0
8771,2020-01-29 16:24:00,176.0,1,1,11038.40786111109,25997537.0,13730555.0,0.0159166666666666,0,8621960.0,4066987.0,12346869.0,0
8771,2020-01-29 16:25:00,171.4,1,1,11435.68355555569,26571201.0,14000292.0,0.0159166666666666,0,8933480.0,4188667.0,12650380.0,0
8771,2020-01-29 16:26:00,170.4,1,1,11555.98480555569,26709911.0,14067788.0,0.0159166666666666,0,9029780.0,4216055.0,12710037.0,0
8771,2020-01-29 16:27:00,168.4,1,1,11736.665250000093,26979206.0,14216729.0,0.0159166666666666,0,9156584.0,4269560.0,12965292.0,0
8771,2020-01-29 16:28:00,162.20000000000002,1,1,12285.886027777891,28206354.0,14690138.0,0.0159166666666666,0,9588596.0,4414756.0,13236875.0,0
8771,2020-01-29 16:29:00,157.0,1,1,12750.533333333293,28909056.0,15090513.0,0.0168611111111112,0,9926060.0,4535068.0,13659505.0,0
8771,2020-01-29 16:30:00,155.20000000000002,1,1,12915.404805555692,29259939.0,15269835.0,0.0213611111111112,0,10051701.0,4578656.0,13752741.0,0
8771,2020-01-29 16:31:00,152.8,1,1,13122.043611111092,29845576.0,15516952.0,0.0213611111111112,0,10198533.0,4629949.0,13926565.0,0
8771,2020-01-29 16:32:00,150.0,1,1,13313.868611111093,30625499.0,15887764.0,0.0213611111111112,0,10322686.0,4693585.0,14385959.0,0
8771,2020-01-29 16:33:00,142.60000000000002,1,1,13941.730444444493,32725948.0,16977775.0,0.0213611111111112,0,10773706.0,4903578.0,16135304.0,0
8771,2020-01-29 16:34:00,140.0,1,1,14098.942277777893,33156898.0,17246459.0,0.0213611111111112,0,10894054.0,4959511.0,16584831.0,0
8771,2020-01-29 16:35:00,137.8,1,1,14281.782722222291,33823616.0,17519303.0,0.0213611111111112,0,11019706.0,5039176.0,16991302.0,0
8771,2020-01-29 16:36:00,136.20000000000002,1,1,14405.303166666694,34261769.0,17631610.0,0.0213611111111112,0,11096818.0,5099481.0,17237119.0,0
8771,2020-01-29 16:37:00,130.20000000000002,1,1,14959.066861111094,36106950.0,18337289.0,0.0217777777777778,0,11477626.0,5309037.0,18212990.0,0
8771,2020-01-29 16:38:00,128.8,1,1,15026.073694444494,36462617.0,18469304.0,0.0217777777777778,0,11532382.0,5338221.0,18509091.0,0
8771,2020-01-29 16:39:00,122.8,1,1,15500.261500000095,37751203.0,19060129.0,0.0217777777777778,0,11843506.0,5517661.0,18936115.0,0
8771,2020-01-29 16:40:00,119.8,1,1,15717.838027777896,38120117.0,19403290.0,0.0217777777777778,0,12012143.0,5573789.0,19208322.0,0
8771,2020-01-29 16:41:00,116.20000000000002,1,1,15926.826805555696,38553537.0,19815741.0,0.0236666666666666,0,12161423.0,5643937.0,19375853.0,0
8771,2020-01-29 16:42:00,115.4,1,1,16006.269833333296,38639169.0,19867872.0,0.0247222222222222,0,12222395.0,5660014.0,19428997.0,0
8771,2020-01-29 16:43:00,113.60000000000002,1,1,16102.398472222296,38756599.0,19984118.0,0.0247222222222222,0,12276575.0,5691574.0,19488251.0,0
8771,2020-01-29 16:44:00,107.60000000000002,1,1,16558.336194444517,39257814.0,20467354.0,0.0247222222222222,0,12631619.0,5821862.0,19851094.0,0
8771,2020-01-29 16:45:00,104.60000000000002,1,1,16791.446083333416,39418572.0,20600227.0,0.0247222222222222,0,12811391.0,5896462.0,19953170.0,0
8771,2020-01-29 16:46:00,103.0,1,1,16869.664972222297,39545244.0,20674431.0,0.0247222222222222,0,12856703.0,5941123.0,20033965.0,0
8771,2020-01-29 16:47:00,102.60000000000002,1,1,16909.58094444452,39620866.0,20692267.0,0.0247222222222222,0,12875112.0,5959064.0,20042116.0,0
8771,2020-01-29 16:48:00,95.8,1,1,17184.10941666674,40017886.0,21270169.0,0.0247222222222222,0,13062132.0,6136988.0,20484272.0,0
8771,2020-01-29 16:49:00,91.60000000000002,1,1,17520.16369444452,40329275.0,21550059.0,0.0247222222222222,0,13328352.0,6246744.0,20693143.0,0
8771,2020-01-29 16:50:00,90.60000000000002,1,1,17602.47850000008,40392234.0,21628319.0,0.0247222222222222,0,13384681.0,6274944.0,20794699.0,0
8771,2020-01-29 16:51:00,87.4,1,1,17869.47041666674,40749734.0,21837775.0,0.0247222222222222,0,13575950.0,6352685.0,20999202.0,0
8771,2020-01-29 16:52:00,83.80000000000001,1,1,18159.7116388889,41300531.0,22175697.0,0.0247222222222222,0,13812986.0,6443570.0,21299710.0,0
8771,2020-01-29 16:53:00,82.80000000000001,1,1,18246.4907222223,41452865.0,22266047.0,0.0247222222222222,0,13881626.0,6473611.0,21357690.0,0
8771,2020-01-29 16:54:00,82.20000000000002,1,1,18274.403500000102,41466476.0,22311132.0,0.0247222222222222,0,13906814.0,6483903.0,21379686.0,0
8771,2020-01-29 16:55:00,79.80000000000001,1,1,18417.5263055557,41901378.0,22504495.0,0.0247222222222222,0,14015210.0,6532643.0,21538949.0,0
8771,2020-01-29 16:56:00,79.4,1,1,18455.3718888889,41952169.0,22522773.0,0.0247222222222222,0,14045522.0,6547759.0,21553028.0,0
8771,2020-01-29 16:57:00,79.20000000000002,1,1,18456.631472222303,41955770.0,22558796.0,0.0247222222222222,0,14045522.0,6547976.0,21597007.0,0
8771,2020-01-29 16:58:00,76.4,1,1,18656.0138333335,42464109.0,22814896.0,0.0247222222222222,0,14202135.0,6625654.0,21849909.0,0
8771,2020-01-29 16:59:00,75.4,1,1,18725.601083333506,42732988.0,22936368.0,0.0247222222222222,0,14258344.0,6649192.0,22005987.0,0
8771,2020-01-29 17:00:00,69.4,1,1,19179.048444444503,44294211.0,23889802.0,0.0247222222222222,0,14571004.0,6889032.0,23210957.0,0
8771,2020-01-29 17:01:00,68.4,1,1,19254.057083333504,44519125.0,23959366.0,0.0247222222222222,0,14631604.0,6915564.0,23294612.0,0
8771,2020-01-29 17:02:00,66.20000000000002,1,1,19356.366611111105,44833608.0,24266933.0,0.0247222222222222,0,14724400.0,6971816.0,23483593.0,0
8771,2020-01-29 17:03:00,66.0,1,1,19358.284222222304,44844061.0,24342502.0,0.0247222222222222,0,14724844.0,6973416.0,23545538.0,0
8771,2020-01-29 17:04:00,65.19999999999999,1,1,19437.006194444504,44957694.0,24443824.0,0.0247222222222222,0,14793904.0,7002960.0,23792707.0,0
8771,2020-01-29 17:05:00,64.60000000000002,1,1,19458.103666666702,45134910.0,24563281.0,0.0247222222222222,0,14816764.0,7027080.0,23837661.0,0
8771,2020-01-29 17:06:00,63.0,1,1,19572.983805555705,45705818.0,24665851.0,0.0247222222222222,0,14916136.0,7065668.0,23994532.0,0
8771,2020-01-29 17:07:00,62.400000000000034,1,1,19616.700027777904,45821999.0,24731137.0,0.0247222222222222,0,14945560.0,7085376.0,24121022.0,0
8771,2020-01-29 17:08:00,60.0,1,1,19784.436333333502,46426811.0,24984247.0,0.0247222222222222,0,15052961.0,7154280.0,24318856.0,0
8771,2020-01-29 17:09:00,54.0,1,1,20201.167194444504,47941545.0,25683803.0,0.0247222222222222,0,15345965.0,7361432.0,25087573.0,0
8771,2020-01-29 17:10:00,51.19999999999999,1,1,20407.737583333503,48326423.0,25999665.0,0.0247222222222222,0,15543089.0,7429264.0,25393619.0,0
8771,2020-01-29 17:11:00,49.400000000000034,1,1,20514.388194444506,48661160.0,26135944.0,0.0247222222222222,0,15628937.0,7471288.0,25523814.0,0
8771,2020-01-29 17:12:00,48.60000000000002,1,1,20558.913722222303,48840079.0,26223837.0,0.0247222222222222,0,15663402.0,7481881.0,25606365.0,0
8771,2020-01-29 17:13:00,43.0,1,1,20876.672500000102,49394425.0,26544833.0,0.0247222222222222,0,15917599.0,7588431.0,25803679.0,0
8771,2020-01-29 17:14:00,39.19999999999999,1,1,21152.561166666703,49814299.0,26917908.0,0.0247222222222222,0,16124815.0,7695155.0,26035275.0,0
8771,2020-01-29 17:15:00,37.60000000000002,1,1,21256.051333333504,49913320.0,27043904.0,0.0247222222222222,0,16216495.0,7730491.0,26083310.0,0
8771,2020-01-29 17:16:00,29.19999999999999,1,1,21871.185833333504,50425247.0,27601812.0,0.0247222222222222,0,16734656.0,7917924.0,26442656.0,0
8771,2020-01-29 17:17:00,28.19999999999999,1,1,21951.349250000105,50467939.0,27643776.0,0.0247222222222222,0,16799745.0,7943977.0,26456657.0,0
8771,2020-01-29 17:18:00,26.400000000000038,1,1,22081.555361111103,50630400.0,27756967.0,0.0247222222222222,0,16895505.0,7991713.0,26564115.0,0
8771,2020-01-29 17:19:00,18.80000000000001,1,1,22699.677416666706,51494367.0,28255179.0,0.0247222222222222,0,17372182.0,8196542.0,27071206.0,0
8771,2020-01-29 17:20:00,18.19999999999999,1,1,22747.615388888906,51521928.0,28299210.0,0.0247222222222222,0,17419451.0,8206235.0,27122426.0,0
8771,2020-01-29 17:21:00,15.0,1,1,22980.570722222303,51968088.0,28537110.0,0.0247222222222222,0,17592203.0,8286483.0,27383479.0,0
8771,2020-01-29 17:22:00,13.199999999999989,1,1,23173.676750000104,52156315.0,28654812.0,0.0247222222222222,0,17733647.0,8346043.0,27450832.0,0
8771,2020-01-29 17:23:00,11.199999999999989,1,1,23304.750694444505,52473424.0,28816987.0,0.0247222222222222,0,17825027.0,8403876.0,27529716.0,0
8771,2020-01-29 17:24:00,10.800000000000011,1,1,23338.182055555702,52530742.0,28858015.0,0.0247222222222222,0,17850071.0,8417608.0,27545927.0,0
8771,2020-01-29 17:25:00,10.0,1,1,23407.847055555703,52586642.0,28886563.0,0.0247222222222222,0,17913131.0,8434408.0,27567728.0,0
8771,2020-01-29 17:26:00,9.400000000000034,1,1,23449.540833333507,52707906.0,28957582.0,0.0247222222222222,0,17946167.0,8460720.0,27603244.0,0
8771,2020-01-29 17:27:00,7.600000000000023,1,1,23593.760083333505,52983572.0,29165868.0,0.0247222222222222,0,18044483.0,8515964.0,27725223.0,0
8771,2020-01-29 17:28:00,5.199999999999989,1,1,23749.232638888905,53251412.0,29437218.0,0.0247222222222222,0,18154019.0,8568284.0,27892442.0,0
8771,2020-01-29 17:29:00,0.8000000000000114,1,1,23995.808472222303,53993985.0,30105431.0,0.0247222222222222,0,18352103.0,8657004.0,28490767.0,0
10111,2020-02-01 06:34:00,234.0,1,0,75.19841666666711,225589.0,375635.0,0.0,0,269460.0,68557.0,202891.0,0
10111,2020-02-01 06:35:00,232.8,1,0,121.74586111111113,324519.0,440973.0,0.0,0,441972.0,98354.0,272441.0,0
10111,2020-02-01 06:36:00,230.2,1,0,247.4468333333311,549458.0,542217.0,0.0003333333333332,0,996300.0,145718.0,443950.0,0
10111,2020-02-01 06:37:00,230.0,1,0,258.3126388888911,572494.0,547287.0,0.0003333333333332,0,1021261.0,156366.0,458485.0,0
10111,2020-02-01 06:38:00,228.8,1,0,336.7104444444511,668305.0,610285.0,0.0003333333333332,0,1252885.0,183834.0,530661.0,0
10111,2020-02-01 06:39:00,226.0,1,0,465.0512499999912,875863.0,764271.0,0.0178333333333332,0,1723249.0,234020.0,676508.0,0
10111,2020-02-01 06:40:00,225.6,1,0,493.9228055555512,927174.0,771499.0,0.0178333333333332,0,1804357.0,243433.0,698192.0,0
10111,2020-02-01 06:41:00,222.8,1,0,674.5016944444512,1146146.0,862772.0,0.0244722222222218,0,2245957.0,284453.0,827308.0,0
10111,2020-02-01 06:42:00,222.6,1,0,674.5016944444512,1146146.0,862772.0,0.0244722222222218,0,2245957.0,284454.0,827309.0,0
10111,2020-02-01 06:43:00,220.8,1,0,740.9099444444512,1290590.0,937015.0,0.038416666666666,0,2483053.0,306419.0,914370.0,0
10111,2020-02-01 06:44:00,220.4,1,0,765.8668611111112,1345840.0,955748.0,0.038416666666666,0,2558102.0,315908.0,958011.0,0
10111,2020-02-01 06:45:00,214.6,1,0,1094.3065833333312,1896897.0,1162487.0,0.041527777777778,0,3513254.0,434367.0,1219663.0,0
10111,2020-02-01 06:46:00,212.0,1,0,1179.7971388888914,2043160.0,1218413.0,0.043138888888888,0,3762722.0,468964.0,1302967.0,0
10111,2020-02-01 06:47:00,206.0,1,0,1489.4600000000114,2536303.0,1488527.0,0.043138888888888,0,4735802.0,570752.0,1676600.0,0
10111,2020-02-01 06:48:00,205.8,1,0,1507.0711944444513,2563876.0,1488528.0,0.043138888888888,0,4790403.0,576237.0,1692643.0,0
10111,2020-02-01 06:49:00,205.2,1,0,1510.099916666671,2565241.0,1516777.0,0.043138888888888,0,4797183.0,577342.0,1694424.0,0
10111,2020-02-01 06:50:00,199.2,1,0,1769.7171666666711,3062882.0,1840282.0,0.0445555555555546,0,5751364.0,688670.0,2086569.0,0
10111,2020-02-01 06:51:00,197.4,1,0,1872.0994444444511,3246949.0,1957802.0,0.0445555555555546,0,6140236.0,730606.0,2284507.0,0
10111,2020-02-01 06:52:00,197.2,1,0,1878.013583333331,3255374.0,1958713.0,0.0445555555555546,0,6163588.0,732043.0,2291696.0,0
10111,2020-02-01 06:53:00,196.0,1,0,1936.6198888888912,3357268.0,1997713.0,0.0445555555555546,0,6338188.0,758923.0,2375546.0,0
10111,2020-02-01 06:54:00,191.8,1,0,2138.0713611111114,3921845.0,2268555.0,0.0445555555555546,0,6948412.0,851932.0,2723686.0,0
10111,2020-02-01 06:55:00,190.4,1,0,2203.611638888892,4053522.0,2334595.0,0.0445555555555546,0,7153084.0,878313.0,2857509.0,0
10111,2020-02-01 06:56:00,184.4,1,0,2468.386916666672,4562914.0,2709372.0,0.0445833333333324,0,8106892.0,984341.0,3382878.0,0
10111,2020-02-01 06:57:00,183.6,1,0,2517.7936944444514,4761372.0,2752441.0,0.0445833333333324,0,8276740.0,1025021.0,3529271.0,0
10111,2020-02-01 06:58:00,179.6,1,0,2775.485833333332,5564005.0,3086359.0,0.068166666666666,0,9067816.0,1139602.0,4213773.0,0
10111,2020-02-01 06:59:00,173.6,1,0,3122.154888888891,6415804.0,3544752.0,0.0834722222222216,0,10248448.0,1273618.0,5189228.0,0
10111,2020-02-01 07:00:00,172.2,1,0,3232.292833333332,6639066.0,3634972.0,0.0834722222222216,0,10636684.0,1310619.0,5405158.0,0
10111,2020-02-01 07:01:00,171.6,1,0,3241.343694444452,6644786.0,3659789.0,0.086916666666666,0,10662353.0,1313200.0,5422461.0,0
10111,2020-02-01 07:02:00,167.2,1,0,3456.820277777771,7070926.0,3890916.0,0.106527777777778,0,11408645.0,1400308.0,5909285.0,0
10111,2020-02-01 07:03:00,166.8,1,0,3484.124916666671,7084823.0,3903721.0,0.106527777777778,0,11506109.0,1406284.0,5950470.0,0
10111,2020-02-01 07:04:00,164.39999999999998,1,0,3603.001166666671,7385292.0,4044056.0,0.106527777777778,0,11924921.0,1455788.0,6229125.0,0
10111,2020-02-01 07:05:00,161.6,1,0,3747.828499999992,7631954.0,4141245.0,0.108527777777778,0,12369941.0,1515085.0,6425100.0,0
10111,2020-02-01 07:06:00,161.2,1,0,3748.876749999992,7631954.0,4168376.0,0.108527777777778,0,12369953.0,1515689.0,6428077.0,0
10111,2020-02-01 07:07:00,160.39999999999998,1,0,3771.252249999992,7682030.0,4209417.0,0.108527777777778,0,12455609.0,1524881.0,6465439.0,0
10111,2020-02-01 07:08:00,156.8,1,0,3975.082194444432,8001233.0,4326586.0,0.108527777777778,0,13073430.0,1597957.0,6683852.0,0
10111,2020-02-01 07:09:00,155.6,1,0,4062.676861111112,8095574.0,4357032.0,0.1093333333333334,0,13339494.0,1624002.0,6742404.0,0
10111,2020-02-01 07:10:00,153.6,1,0,4175.140305555551,8240355.0,4440674.0,0.1116944444444446,0,13697958.0,1661090.0,6878241.0,0
10111,2020-02-01 07:11:00,149.8,1,0,4401.35508333333,8548299.0,4561769.0,0.1121944444444446,0,14314062.0,1749831.0,7033916.0,0
10111,2020-02-01 07:12:00,149.2,1,0,4422.313944444432,8574430.0,4582102.0,0.1121944444444446,0,14383855.0,1759083.0,7050335.0,0
10111,2020-02-01 07:13:00,146.39999999999998,1,0,4560.847833333331,8710306.0,4683217.0,0.1121944444444446,0,14771719.0,1809771.0,7167907.0,0
10111,2020-02-01 07:14:00,143.8,1,0,4702.831805555552,8973322.0,4769889.0,0.1121944444444446,0,15122611.0,1880340.0,7300130.0,0
10111,2020-02-01 07:15:00,143.6,1,0,4706.140138888872,8980667.0,4772606.0,0.1121944444444446,0,15131323.0,1881720.0,7302730.0,0
10111,2020-02-01 07:16:00,142.8,1,0,4752.435666666652,9053507.0,4806926.0,0.1121944444444446,0,15255931.0,1896708.0,7380977.0,0
10111,2020-02-01 07:17:00,142.0,1,0,4777.753944444432,9095159.0,4845380.0,0.1121944444444446,0,15314455.0,1908633.0,7433107.0,0
10111,2020-02-01 07:18:00,137.6,1,0,5006.574944444432,9481350.0,5063039.0,0.1153055555555558,0,15902047.0,2018933.0,7690429.0,0
10111,2020-02-01 07:19:00,136.0,1,0,5111.156083333332,9602510.0,5117093.0,0.119027777777778,0,16130396.0,2061278.0,7779609.0,0
10111,2020-02-01 07:20:00,133.6,1,0,5234.412361111112,9821755.0,5193741.0,0.119027777777778,0,16469408.0,2112542.0,7918215.0,0
10111,2020-02-01 07:21:00,129.0,1,0,5548.104638888872,10413606.0,5431875.0,0.119027777777778,0,17329893.0,2242854.0,8202109.0,0
10111,2020-02-01 07:22:00,128.0,1,0,5583.170722222212,10494037.0,5499709.0,0.119027777777778,0,17429037.0,2262594.0,8262442.0,0
10111,2020-02-01 07:23:00,123.2,1,0,5872.630527777792,10974361.0,5793756.0,0.119527777777778,0,18231838.0,2392442.0,8651129.0,0
10111,2020-02-01 07:24:00,122.0,1,0,5950.187916666592,11103517.0,5840869.0,0.119527777777778,0,18446578.0,2425259.0,8787707.0,0
10111,2020-02-01 07:25:00,120.6,1,0,6040.037027777791,11321852.0,5917231.0,0.12025,0,18761254.0,2471355.0,8937298.0,0
10111,2020-02-01 07:26:00,119.2,1,0,6124.739333333392,11491021.0,5990187.0,0.12025,0,19015378.0,2512261.0,9085161.0,0
10111,2020-02-01 07:27:00,117.2,1,0,6240.110166666591,11932710.0,6172512.0,0.12025,0,19476022.0,2572797.0,9462967.0,0
10111,2020-02-01 07:28:00,116.4,1,0,6293.443888888791,12060760.0,6219221.0,0.12025,0,19671502.0,2597357.0,9548780.0,0
10111,2020-02-01 07:29:00,110.4,1,0,6558.191944444391,12855723.0,6585665.0,0.1502222222222218,0,20622586.0,2744381.0,10178149.0,0
10111,2020-02-01 07:30:00,108.0,1,0,6669.155833333392,13309501.0,6800789.0,0.1502222222222218,0,20922070.0,2830711.0,10506230.0,0
10111,2020-02-01 07:31:00,105.4,1,0,6804.768888888792,13789422.0,6994047.0,0.1502222222222218,0,21303562.0,2915000.0,10780101.0,0
10111,2020-02-01 07:32:00,102.6,1,0,6934.01474999999,14174652.0,7164386.0,0.1886944444444438,0,21714178.0,2992132.0,11140994.0,0
10111,2020-02-01 07:33:00,100.79999999999998,1,0,7052.722861111191,14407821.0,7257167.0,0.1886944444444438,0,21964871.0,3045420.0,11317743.0,0
10111,2020-02-01 07:34:00,99.6,1,0,7100.391888888791,14517801.0,7331878.0,0.1886944444444438,0,22079075.0,3072992.0,11392844.0,0
10111,2020-02-01 07:35:00,94.0,1,0,7410.602583333312,15282006.0,7678211.0,0.1886944444444438,0,22858703.0,3231860.0,11879448.0,0
10111,2020-02-01 07:36:00,89.6,1,0,7626.203444444412,15807570.0,7946505.0,0.2007222222222216,0,23381855.0,3348381.0,12318224.0,0
10111,2020-02-01 07:37:00,88.79999999999998,1,0,7656.908638888852,15888196.0,7968046.0,0.2007222222222216,0,23478995.0,3364577.0,12357524.0,0
10111,2020-02-01 07:38:00,88.4,1,0,7686.002138888852,15951584.0,7991135.0,0.2007222222222216,0,23549087.0,3377354.0,12393248.0,0
10111,2020-02-01 07:39:00,82.4,1,0,7996.413388888852,16574219.0,8279592.0,0.2007222222222216,0,24397955.0,3536415.0,12832492.0,0
10111,2020-02-01 07:40:00,76.4,1,0,8304.100694444413,16983421.0,8500644.0,0.2019444444444438,0,25198019.0,3689779.0,13102866.0,0
10111,2020-02-01 07:41:00,74.19999999999999,1,0,8443.778638888853,17134962.0,8591839.0,0.2019444444444438,0,25569491.0,3744856.0,13214965.0,0
10111,2020-02-01 07:42:00,73.6,1,0,8455.958972222194,17161989.0,8618151.0,0.2019444444444438,0,25632479.0,3750348.0,13235323.0,0
10111,2020-02-01 07:43:00,70.79999999999998,1,0,8554.314472222193,17466722.0,8737881.0,0.2019444444444438,0,26001275.0,3836512.0,13356730.0,0
10111,2020-02-01 07:44:00,70.4,1,0,8572.192305555533,17518657.0,8751167.0,0.2019444444444438,0,26060807.0,3847740.0,13384238.0,0
10111,2020-02-01 07:45:00,70.19999999999999,1,0,8573.192305555533,17518657.0,8751167.0,0.2019444444444438,0,26060807.0,3847740.0,13384239.0,0
10111,2020-02-01 07:46:00,66.6,1,0,8720.730944444413,17721653.0,8919621.0,0.2019444444444438,0,26316179.0,3924101.0,13502747.0,0
10111,2020-02-01 07:47:00,66.19999999999999,1,0,8746.851444444412,17757520.0,8936365.0,0.214694444444444,0,26335187.0,3938094.0,13544230.0,0
10111,2020-02-01 07:48:00,66.0,1,0,8766.379638888851,17783416.0,8938094.0,0.215083333333332,0,26340983.0,3950534.0,13594124.0,0
10111,2020-02-01 07:49:00,65.0,1,0,8798.479555555532,17854721.0,8977589.0,0.215083333333332,0,26365835.0,3967027.0,13670590.0,0
10111,2020-02-01 07:50:00,62.400000000000006,1,0,8799.479555555532,17854721.0,8977589.0,0.215083333333332,0,26365835.0,3967028.0,13670590.0,0
10111,2020-02-01 07:51:00,62.19999999999999,1,0,8799.995944444412,17856450.0,8989003.0,0.215083333333332,0,26365835.0,3967677.0,13676843.0,0
10111,2020-02-01 07:52:00,61.79999999999998,1,0,8814.127861111072,17891577.0,9006683.0,0.215083333333332,0,26397275.0,3977781.0,13705144.0,0
10111,2020-02-01 07:53:00,60.79999999999998,1,0,8856.928638888852,17970188.0,9078417.0,0.215583333333332,0,26507795.0,3990365.0,13754076.0,0
10111,2020-02-01 07:54:00,59.6,1,0,8909.575666666631,18071588.0,9103637.0,0.215583333333332,0,26632595.0,4012819.0,13799980.0,0
10111,2020-02-01 07:55:00,53.6,1,0,9210.76647222219,18764436.0,9412387.0,0.227277777777778,0,27431639.0,4163015.0,14375906.0,0
10111,2020-02-01 07:56:00,53.19999999999999,1,0,9232.580916666591,18811262.0,9418484.0,0.227277777777778,0,27487499.0,4174179.0,14403414.0,0
10111,2020-02-01 07:57:00,53.0,1,0,9233.580916666591,18811262.0,9418484.0,0.227277777777778,0,27487500.0,4174181.0,14404285.0,0
10111,2020-02-01 07:58:00,52.6,1,0,9254.138611110991,18838419.0,9440207.0,0.227277777777778,0,27529140.0,4181830.0,14414204.0,0
10111,2020-02-01 07:59:00,46.6,1,0,9499.90527777779,19841772.0,9691445.0,0.231166666666666,0,28206372.0,4360006.0,14893072.0,0
10111,2020-02-01 08:00:00,40.6,1,0,9755.12780555559,21047327.0,10173485.0,0.241,0,28838328.0,4537762.0,15727321.0,0
10111,2020-02-01 08:01:00,38.6,1,0,9837.47380555559,21426771.0,10342771.0,0.241,0,29062200.0,4602559.0,15938636.0,0
10111,2020-02-01 08:02:00,37.19999999999999,1,0,9905.15849999999,21652595.0,10420680.0,0.24125,0,29235432.0,4648212.0,16094636.0,0
10111,2020-02-01 08:03:00,37.0,1,0,9925.44983333339,21766475.0,10433745.0,0.24125,0,29271984.0,4658346.0,16123834.0,0
10111,2020-02-01 08:04:00,32.79999999999998,1,0,10110.920416666591,22690789.0,10683306.0,0.246305555555556,0,29756149.0,4773943.0,16625556.0,0
10111,2020-02-01 08:05:00,28.799999999999983,1,0,10305.257361110993,23387641.0,10927420.0,0.246305555555556,0,30274345.0,4870167.0,17016817.0,0
10111,2020-02-01 08:06:00,27.0,1,0,10407.23102777779,23828510.0,11043146.0,0.246305555555556,0,30530905.0,4939279.0,17220475.0,0
10111,2020-02-01 08:07:00,25.799999999999983,1,0,10475.00274999999,24035119.0,11102478.0,0.246305555555556,0,30725941.0,4965971.0,17289648.0,0
10111,2020-02-01 08:08:00,25.599999999999994,1,0,10486.236111110991,24100730.0,11117650.0,0.246305555555556,0,30760093.0,4974247.0,17333030.0,0
10111,2020-02-01 08:09:00,25.40000000000001,1,0,10501.744305555592,24140263.0,11133562.0,0.246305555555556,0,30800665.0,4979479.0,17364205.0,0
10111,2020-02-01 08:10:00,25.19999999999999,1,0,10501.744305555592,24140263.0,11136877.0,0.246305555555556,0,30800666.0,4979547.0,17364205.0,0
10111,2020-02-01 08:11:00,22.799999999999983,1,0,10582.468944444392,24393412.0,11218608.0,0.246305555555556,0,31030178.0,5028089.0,17575650.0,0
10111,2020-02-01 08:12:00,19.799999999999983,1,0,10709.015999999992,24816146.0,11350142.0,0.246833333333332,0,31465982.0,5084049.0,17754946.0,0
10111,2020-02-01 08:13:00,18.799999999999983,1,0,10779.316916666592,24945028.0,11382149.0,0.2472777777777778,0,31605242.0,5104369.0,17826680.0,0
10111,2020-02-01 08:14:00,17.19999999999999,1,0,10855.278638888793,25109374.0,11415273.0,0.2472777777777778,0,31756334.0,5141821.0,17923219.0,0
10111,2020-02-01 08:15:00,16.0,1,0,10882.711555555594,25237476.0,11511578.0,0.2472777777777778,0,31803482.0,5166933.0,18045796.0,0
10111,2020-02-01 08:16:00,10.0,1,0,11162.397416666594,25811699.0,11727053.0,0.2472777777777778,0,32193758.0,5298974.0,18342664.0,0
10111,2020-02-01 08:17:00,3.799999999999983,1,0,11482.920166666594,26212801.0,11891776.0,0.254555555555556,0,32281466.0,5421558.0,18516059.0,0
10111,2020-02-01 08:18:00,2.0,1,0,11577.269499999997,26358765.0,11934078.0,0.254555555555556,0,32281466.0,5458194.0,18610517.0,0
11251,2020-02-03 19:51:00,202.8,1,0,2.75474999999998,8671.0,39728.0,0.0,0,384.0,5665.0,25402.0,0
11251,2020-02-03 19:52:00,200.8,1,0,412.6793888888978,270192.0,112385.0,0.0,0,108660.0,168925.0,86047.0,0
11251,2020-02-03 19:53:00,200.2,1,0,552.5615555555578,382811.0,133016.0,0.0,0,142284.0,215753.0,115791.0,0
11251,2020-02-03 19:54:00,200.0,1,0,607.3391388888978,422734.0,136006.0,0.0,0,155532.0,229429.0,131261.0,0
11251,2020-02-03 19:55:00,199.0,1,0,842.1350555555578,496652.0,150163.0,0.0,0,222744.0,313689.0,161161.0,0
11251,2020-02-03 19:56:00,195.2,1,0,1778.0317222222177,942318.0,230178.0,0.0,0,464437.0,648731.0,292188.0,0
11251,2020-02-03 19:57:00,194.6,1,0,1897.703805555558,1007513.0,247767.0,0.0,0,494233.0,693735.0,312494.0,0
11251,2020-02-03 19:58:00,188.6,1,0,3371.862638888978,2075398.0,454467.0,0.0,0,907429.0,1195055.0,493974.0,0
11251,2020-02-03 19:59:00,183.2,1,0,4676.242555555578,3347916.0,696190.0,0.0019166666666666,0,1281817.0,1640147.0,696722.0,0
11251,2020-02-03 20:00:00,177.20000000000002,1,0,5943.099527777778,5414825.0,1104429.0,0.0019166666666666,0,1655582.0,2067051.0,1053546.0,0
11251,2020-02-03 20:01:00,171.20000000000002,1,0,7502.798472222178,6953713.0,1333424.0,0.0019166666666666,0,2088866.0,2608792.0,1289678.0,0
11251,2020-02-03 20:02:00,169.20000000000002,1,0,7987.803638888978,7439393.0,1411256.0,0.0019166666666666,0,2216571.0,2774566.0,1340404.0,0
11251,2020-02-03 20:03:00,166.8,1,0,8626.296999999979,7775703.0,1491713.0,0.0019166666666666,0,2390307.0,2981330.0,1398592.0,0
11251,2020-02-03 20:04:00,166.4,1,0,8720.097055555578,7818071.0,1513969.0,0.0019166666666666,0,2413167.0,3002226.0,1405885.0,0
11251,2020-02-03 20:05:00,160.4,1,0,10375.975083333358,8465523.0,1655292.0,0.0019166666666666,0,2860720.0,3502491.0,1545102.0,0
11251,2020-02-03 20:06:00,158.8,1,0,10840.786694444378,8552155.0,1687714.0,0.0019166666666666,0,2967424.0,3619875.0,1571194.0,0
11251,2020-02-03 20:07:00,156.8,1,0,11366.377777777778,8707583.0,1747384.0,0.0019166666666666,0,3098236.0,3744207.0,1619802.0,0
11251,2020-02-03 20:08:00,152.8,1,0,12405.634972222178,8898813.0,1843844.0,0.0019166666666666,0,3368224.0,4034419.0,1693382.0,0
11251,2020-02-03 20:09:00,152.60000000000002,1,0,12453.65633333338,8903415.0,1848135.0,0.0019166666666666,0,3382336.0,4051704.0,1696125.0,0
11251,2020-02-03 20:10:00,149.60000000000002,1,0,12917.75838888898,8976150.0,1918140.0,0.0019166666666666,0,3504448.0,4203785.0,1745356.0,0
11251,2020-02-03 20:11:00,148.4,1,0,13041.636777777778,9071674.0,1951719.0,0.0019166666666666,0,3529145.0,4258966.0,1797733.0,0
11251,2020-02-03 20:12:00,148.0,1,0,13102.681388888976,9075496.0,1960975.0,0.0019166666666666,0,3538901.0,4281635.0,1802036.0,0
11251,2020-02-03 20:13:00,147.60000000000002,1,0,13170.638333333378,9079812.0,1966683.0,0.0019166666666666,0,3552305.0,4298539.0,1810213.0,0
11251,2020-02-03 20:14:00,146.8,1,0,13351.172833333378,9085207.0,1977252.0,0.0019166666666666,0,3581346.0,4330715.0,1821381.0,0
11251,2020-02-03 20:15:00,140.8,1,0,14601.560916666778,9287227.0,2128780.0,0.0019166666666666,0,3848766.0,4667744.0,1921390.0,0
11251,2020-02-03 20:16:00,138.60000000000002,1,0,15065.619111111178,9346299.0,2182691.0,0.0019166666666666,0,3992862.0,4807072.0,1973169.0,0
11251,2020-02-03 20:17:00,134.8,1,0,15984.930611111176,9516053.0,2265917.0,0.0019166666666666,0,4250311.0,5059949.0,2046112.0,0
11251,2020-02-03 20:18:00,133.4,1,0,16328.563333333375,9636394.0,2299548.0,0.0019166666666666,0,4349443.0,5162210.0,2081498.0,0
11251,2020-02-03 20:19:00,132.4,1,0,16533.838277777777,9691826.0,2324014.0,0.0019166666666666,0,4401127.0,5236212.0,2098086.0,0
11251,2020-02-03 20:20:00,131.4,1,0,16803.546694444376,9729747.0,2338938.0,0.0019166666666666,0,4480819.0,5325734.0,2123423.0,0
11251,2020-02-03 20:21:00,129.0,1,0,17222.935361111035,9949109.0,2400597.0,0.0019166666666666,0,4616587.0,5506974.0,2206974.0,0
11251,2020-02-03 20:22:00,128.8,1,0,17243.158972222154,9949201.0,2400597.0,0.0019166666666666,0,4619623.0,5514347.0,2206974.0,0
11251,2020-02-03 20:23:00,128.60000000000002,1,0,17320.759833333253,9957690.0,2407019.0,0.0019166666666666,0,4647572.0,5541228.0,2212954.0,0
11251,2020-02-03 20:24:00,125.20000000000002,1,0,17934.522249999933,10375276.0,2525618.0,0.0019166666666666,0,4804016.0,5788142.0,2423801.0,0
11251,2020-02-03 20:25:00,123.6,1,0,18348.88244444437,10555820.0,2557456.0,0.0019166666666666,0,4922000.0,5886607.0,2465505.0,0
11251,2020-02-03 20:26:00,123.20000000000002,1,0,18438.5166666666,10571901.0,2571574.0,0.0019166666666666,0,4940828.0,5899395.0,2471069.0,0
11251,2020-02-03 20:27:00,119.4,1,0,19347.127027777777,10957806.0,2755238.0,0.0019166666666666,0,5190500.0,6119840.0,2585106.0,0
11251,2020-02-03 20:28:00,119.20000000000002,1,0,19391.970722222177,10973172.0,2765365.0,0.0019166666666666,0,5204540.0,6131992.0,2588174.0,0
11251,2020-02-03 20:29:00,113.20000000000002,1,0,20271.5586944444,12590827.0,3217076.0,0.0019166666666666,0,5491796.0,6432385.0,3235808.0,0
11251,2020-02-03 20:30:00,111.8,1,0,20595.15386111105,12792679.0,3264123.0,0.0037777777777776,0,5588348.0,6515049.0,3306190.0,0
11251,2020-02-03 20:31:00,111.0,1,0,20819.74152777773,12951656.0,3308220.0,0.0037777777777776,0,5657732.0,6570670.0,3340614.0,0
11251,2020-02-03 20:32:00,108.8,1,0,21383.30569444439,13421555.0,3390094.0,0.0037777777777776,0,5814272.0,6719906.0,3448944.0,0
11251,2020-02-03 20:33:00,107.0,1,0,21848.895222222167,13715797.0,3451649.0,0.0037777777777776,0,5932112.0,6826299.0,3502842.0,0
11251,2020-02-03 20:34:00,106.6,1,0,21936.802111110967,13762324.0,3467483.0,0.0037777777777776,0,5954552.0,6847418.0,3509342.0,0
11251,2020-02-03 20:35:00,105.0,1,0,22363.377416666568,13968570.0,3495551.0,0.0037777777777776,0,6079172.0,6956966.0,3552710.0,0
11251,2020-02-03 20:36:00,103.4,1,0,22803.81716666657,14072973.0,3545823.0,0.0037777777777776,0,6188228.0,7050547.0,3592802.0,0
11251,2020-02-03 20:37:00,97.6,1,0,24401.738694444364,14487192.0,3713939.0,0.0037777777777776,0,6675896.0,7410331.0,3732280.0,0
11251,2020-02-03 20:38:00,97.4,1,0,24405.858749999963,14494083.0,3713940.0,0.0037777777777776,0,6677288.0,7411684.0,3732306.0,0
11251,2020-02-03 20:39:00,96.8,1,0,24568.71433333336,14537321.0,3746583.0,0.0037777777777776,0,6721076.0,7458225.0,3772307.0,0
11251,2020-02-03 20:40:00,95.8,1,0,24864.605138888764,14649096.0,3775859.0,0.0037777777777776,0,6789104.0,7526225.0,3798437.0,0
11251,2020-02-03 20:41:00,89.80000000000001,1,0,26425.252888888765,15084960.0,3962279.0,0.0037777777777776,0,7273880.0,7841762.0,3955477.0,0
11251,2020-02-03 20:42:00,88.00000000000001,1,0,26916.81816666657,15174595.0,4013487.0,0.0037777777777776,0,7435940.0,7946698.0,3984012.0,0
11251,2020-02-03 20:43:00,87.4,1,0,27075.538944444364,15194030.0,4031843.0,0.0037777777777776,0,7478852.0,7979075.0,3993736.0,0
11251,2020-02-03 20:44:00,86.80000000000001,1,0,27230.470638888808,15220810.0,4049380.0,0.0037777777777776,0,7526240.0,8009507.0,4002953.0,0
11251,2020-02-03 20:45:00,85.4,1,0,27598.77113888881,15300786.0,4077058.0,0.0037777777777776,0,7602704.0,8094107.0,4037871.0,0
11251,2020-02-03 20:46:00,85.00000000000001,1,0,27701.332666666585,15316529.0,4088719.0,0.0037777777777776,0,7626932.0,8112791.0,4042005.0,0
11251,2020-02-03 20:47:00,83.80000000000001,1,0,27996.993111111027,15348301.0,4118177.0,0.0037777777777776,0,7693316.0,8171595.0,4074817.0,0
11251,2020-02-03 20:48:00,77.80000000000001,1,0,29476.57977777777,15702148.0,4265558.0,0.0037777777777776,0,7955156.0,8471663.0,4204856.0,0
11251,2020-02-03 20:49:00,75.60000000000001,1,0,29926.721499999967,15760479.0,4318560.0,0.0037777777777776,0,8026544.0,8540692.0,4234704.0,0
11251,2020-02-03 20:50:00,75.20000000000002,1,0,30011.58474999997,15782800.0,4329974.0,0.0037777777777776,0,8041688.0,8554132.0,4240840.0,0
11251,2020-02-03 20:51:00,74.80000000000001,1,0,30046.494138888767,15799115.0,4347914.0,0.0037777777777776,0,8050628.0,8562896.0,4253073.0,0
11251,2020-02-03 20:52:00,68.80000000000001,1,0,30384.224333333168,16228687.0,4579353.0,0.0037777777777776,0,8154020.0,8715172.0,4502608.0,0
11251,2020-02-03 20:53:00,67.80000000000001,1,0,30404.519361110968,16371297.0,4626894.0,0.0037777777777776,0,8164100.0,8734941.0,4592009.0,0
11251,2020-02-03 20:54:00,66.4,1,0,30482.30433333317,16494654.0,4645445.0,0.0037777777777776,0,8192588.0,8785991.0,4638380.0,0
11251,2020-02-03 20:55:00,64.80000000000001,1,0,30865.705138888767,16568364.0,4672498.0,0.0037777777777776,0,8295248.0,8894447.0,4666188.0,0
11251,2020-02-03 20:56:00,63.0,1,0,31186.441833333167,16727705.0,4747846.0,0.0037777777777776,0,8392112.0,9001439.0,4751871.0,0
11251,2020-02-03 20:57:00,62.80000000000001,1,0,31227.20652777777,16749155.0,4760911.0,0.0037777777777776,0,8403056.0,9014619.0,4761322.0,0
11251,2020-02-03 20:58:00,62.0,1,0,31420.197583333167,16824321.0,4775640.0,0.0037777777777776,0,8460332.0,9062028.0,4777546.0,0
11251,2020-02-03 20:59:00,61.80000000000001,1,0,31445.69961111097,16836632.0,4775900.0,0.0037777777777776,0,8463897.0,9067065.0,4782252.0,0
11251,2020-02-03 21:00:00,60.60000000000002,1,0,31615.038694444367,16970454.0,4818423.0,0.0037777777777776,0,8520189.0,9128241.0,4839673.0,0
11251,2020-02-03 21:01:00,60.0,1,0,31660.700222222167,17093668.0,4847999.0,0.0037777777777776,0,8532969.0,9155429.0,4884744.0,0
11251,2020-02-03 21:02:00,59.0,1,0,31683.162861110966,17231521.0,4926480.0,0.0037777777777776,0,8543566.0,9176805.0,5003226.0,0
11251,2020-02-03 21:03:00,53.0,1,0,32953.59941666656,17846993.0,5084535.0,0.0037777777777776,0,8854858.0,9452794.0,5141754.0,0
11251,2020-02-03 21:04:00,52.400000000000006,1,0,33110.759861110964,17884810.0,5104438.0,0.0037777777777776,0,8902138.0,9486291.0,5158044.0,0
11251,2020-02-03 21:05:00,51.0,1,0,33439.392027777765,17990643.0,5152694.0,0.0037777777777776,0,9003658.0,9561728.0,5182081.0,0
11251,2020-02-03 21:06:00,50.60000000000002,1,0,33533.82944444437,18048649.0,5164563.0,0.0037777777777776,0,9035206.0,9589013.0,5204350.0,0
11251,2020-02-03 21:07:00,50.0,1,0,33655.62130555557,18109633.0,5173481.0,0.0037777777777776,0,9079702.0,9619573.0,5231221.0,0
11251,2020-02-03 21:08:00,49.60000000000002,1,0,33722.001638888774,18127469.0,5187105.0,0.0037777777777776,0,9094738.0,9632986.0,5242817.0,0
11251,2020-02-03 21:09:00,47.60000000000002,1,0,34182.576111110975,18520290.0,5266678.0,0.0037777777777776,0,9239950.0,9727106.0,5302422.0,0
11251,2020-02-03 21:10:00,43.80000000000001,1,0,35163.14541666658,19307804.0,5390751.0,0.0037777777777776,0,9534766.0,9942866.0,5432825.0,0
11251,2020-02-03 21:11:00,43.60000000000002,1,0,35202.015722222175,19356177.0,5396549.0,0.0037777777777776,0,9541582.0,9952618.0,5437063.0,0
11251,2020-02-03 21:12:00,43.0,1,0,35258.49097222218,19423088.0,5430583.0,0.0037777777777776,0,9559643.0,9964650.0,5454847.0,0
11251,2020-02-03 21:13:00,39.80000000000001,1,0,35854.82772222218,19828181.0,5588403.0,0.0037777777777776,0,9723180.0,10082782.0,5553842.0,0
11251,2020-02-03 21:14:00,36.400000000000006,1,0,36521.40827777778,20222445.0,5733341.0,0.0037777777777776,0,9876096.0,10199747.0,5690537.0,0
11251,2020-02-03 21:15:00,35.60000000000002,1,0,36672.38852777778,20324326.0,5777775.0,0.0037777777777776,0,9918636.0,10225251.0,5711064.0,0
11251,2020-02-03 21:16:00,35.400000000000006,1,0,36704.70741666658,20333777.0,5794260.0,0.0037777777777776,0,9926340.0,10232140.0,5724792.0,0
11251,2020-02-03 21:17:00,32.80000000000001,1,0,37223.81799999999,20663613.0,5901315.0,0.0037777777777776,0,10073568.0,10334552.0,5818419.0,0
11251,2020-02-03 21:18:00,31.40000000000001,1,0,37448.5073888888,20727027.0,5935050.0,0.0037777777777776,0,10136269.0,10371876.0,5838076.0,0
11251,2020-02-03 21:19:00,25.40000000000001,1,0,38736.64936111098,21554321.0,6220803.0,0.0037777777777776,0,10502113.0,10664221.0,6019491.0,0
11251,2020-02-03 21:20:00,23.80000000000001,1,0,39110.631277777786,21671971.0,6266498.0,0.0037777777777776,0,10612561.0,10751277.0,6068202.0,0
11251,2020-02-03 21:21:00,21.600000000000023,1,0,39642.0966944444,21847029.0,6359604.0,0.0037777777777776,0,10775833.0,10867065.0,6115314.0,0
11251,2020-02-03 21:22:00,21.0,1,0,39803.60522222218,21913628.0,6377713.0,0.0037777777777776,0,10822261.0,10905492.0,6135581.0,0
11251,2020-02-03 21:23:00,20.200000000000017,1,0,40002.07249999998,21956996.0,6412203.0,0.0037777777777776,0,10882573.0,10952932.0,6168718.0,0
11251,2020-02-03 21:24:00,18.80000000000001,1,0,40335.00577777778,22026157.0,6442090.0,0.0037777777777776,0,10979545.0,11033980.0,6191104.0,0
11251,2020-02-03 21:25:00,18.40000000000001,1,0,40360.8788888888,22034074.0,6464151.0,0.0037777777777776,0,10985990.0,11041892.0,6200984.0,0
11251,2020-02-03 21:26:00,18.200000000000017,1,0,40423.91825,22049466.0,6472004.0,0.0037777777777776,0,11006354.0,11058185.0,6206132.0,0
11251,2020-02-03 21:27:00,13.200000000000015,1,0,41728.44597222219,22242230.0,6586326.0,0.0037777777777776,0,11376146.0,11333697.0,6305920.0,0
11251,2020-02-03 21:28:00,11.400000000000006,1,0,42109.8351944444,22301315.0,6626549.0,0.0037777777777776,0,11476670.0,11419610.0,6394138.0,0
11251,2020-02-03 21:29:00,9.600000000000025,1,0,42437.60994444438,22403157.0,6668787.0,0.0037777777777776,0,11554814.0,11498191.0,6441055.0,0
11251,2020-02-03 21:30:00,7.600000000000023,1,0,42677.085361110985,22599926.0,6762660.0,0.0037777777777776,0,11610890.0,11568615.0,6571212.0,0
11251,2020-02-03 21:31:00,7.200000000000017,1,0,42677.085361110985,22599926.0,6766560.0,0.0037777777777776,0,11610890.0,11568659.0,6571212.0,0
11251,2020-02-03 21:32:00,4.600000000000023,1,0,42807.56936111098,22684686.0,6834186.0,0.0037777777777776,0,11650970.0,11614385.0,6645494.0,0
11251,2020-02-03 21:33:00,3.0,1,0,42862.74511111098,22741223.0,6872133.0,0.0037777777777776,0,11671406.0,11631945.0,6664045.0,0
11496,2020-02-04 05:54:00,191.0,1,0,9.1636944444444,589498.0,210054.0,0.0,0,4993.0,10668.0,34424.0,0
11496,2020-02-04 05:55:00,185.2,1,0,523.0338333333244,5762900.0,443456.0,0.0107777777777778,0,244597.0,76792.0,315354.0,0
11496,2020-02-04 05:56:00,182.4,1,0,812.8348888888844,8751405.0,577928.0,0.043666666666666,0,358885.0,116369.0,462098.0,0
11496,2020-02-04 05:57:00,179.0,1,0,1090.1918333333244,11780496.0,702988.0,0.043666666666666,0,487873.0,155611.0,576186.0,0
11496,2020-02-04 05:58:00,176.2,1,0,1322.6167222222246,14258894.0,806195.0,0.05525,0,604705.0,188587.0,662364.0,0
11496,2020-02-04 05:59:00,173.4,1,0,1577.0377500000045,16864575.0,913796.0,0.064638888888888,0,726254.0,226027.0,742015.0,0
11496,2020-02-04 06:00:00,170.6,1,0,1859.7155833333247,19673122.0,1009944.0,0.085805555555556,0,846698.0,266020.0,820899.0,0
11496,2020-02-04 06:01:00,167.8,1,0,2144.9084722222447,22254207.0,1106287.0,0.091833333333334,0,973202.0,306332.0,901330.0,0
11496,2020-02-04 06:02:00,166.0,1,0,2264.0753888888444,23696934.0,1157403.0,0.091833333333334,0,1030058.0,328664.0,959453.0,0
11496,2020-02-04 06:03:00,163.2,1,0,2532.5117222222443,26521184.0,1282191.0,0.105027777777778,0,1159490.0,369128.0,1025051.0,0
11496,2020-02-04 06:04:00,160.4,1,0,2769.625611111044,29100852.0,1410111.0,0.120444444444444,0,1275447.0,406265.0,1091442.0,0
11496,2020-02-04 06:05:00,157.6,1,0,3055.649250000045,31943095.0,1516893.0,0.120444444444444,0,1396875.0,441722.0,1168221.0,0
11496,2020-02-04 06:06:00,154.8,1,0,3335.0216111110444,34837831.0,1628628.0,0.131333333333334,0,1516707.0,478959.0,1244571.0,0
11496,2020-02-04 06:07:00,154.0,1,0,3394.681944444445,35523451.0,1652938.0,0.131333333333334,0,1543395.0,488215.0,1261576.0,0
11496,2020-02-04 06:08:00,151.2,1,0,3677.410750000045,38313759.0,1759421.0,0.1435,0,1689172.0,522824.0,1390991.0,0
11496,2020-02-04 06:09:00,148.4,1,0,3970.668583333245,40997440.0,1909961.0,0.149888888888888,0,1813205.0,563092.0,1602111.0,0
11496,2020-02-04 06:10:00,148.2,1,0,3987.250138888845,41162904.0,1923312.0,0.149888888888888,0,1821197.0,564636.0,1609236.0,0
11496,2020-02-04 06:11:00,145.4,1,0,4313.433944444444,44137422.0,2038440.0,0.157555555555556,0,1953593.0,602192.0,1751261.0,0
11496,2020-02-04 06:12:00,142.6,1,0,4643.578694444444,47051957.0,2201980.0,0.163861111111112,0,2069405.0,643828.0,1959053.0,0
11496,2020-02-04 06:13:00,142.4,1,0,4662.6017222222445,47290065.0,2206361.0,0.163861111111112,0,2080038.0,648785.0,1972560.0,0
11496,2020-02-04 06:14:00,139.6,1,0,5035.183750000045,50311434.0,2445782.0,0.168888888888888,0,2202943.0,701577.0,2173696.0,0
11496,2020-02-04 06:15:00,136.8,1,0,5362.0971944444445,53167196.0,2728090.0,0.17925,0,2319680.0,751054.0,2412051.0,0
11496,2020-02-04 06:16:00,134.0,1,0,5656.749527777844,55700051.0,3012907.0,0.186527777777778,0,2433188.0,796055.0,2704330.0,0
11496,2020-02-04 06:17:00,131.2,1,0,5920.292055555645,58341482.0,3291731.0,0.186527777777778,0,2544608.0,846116.0,2920468.0,0
11496,2020-02-04 06:18:00,131.0,1,0,5943.583083333245,58632318.0,3340260.0,0.186527777777778,0,2557052.0,853457.0,2956232.0,0
11496,2020-02-04 06:19:00,129.8,1,0,6104.303222222245,60018040.0,3427152.0,0.186527777777778,0,2623136.0,875257.0,3050235.0,0
11496,2020-02-04 06:20:00,127.0,1,0,6445.195750000044,63160764.0,3703623.0,0.186611111111112,0,2769812.0,932897.0,3245768.0,0
11496,2020-02-04 06:21:00,124.2,1,0,6802.070750000044,66378446.0,3998658.0,0.186611111111112,0,2907140.0,992254.0,3468251.0,0
11496,2020-02-04 06:22:00,122.8,1,0,6986.4613333332445,67932115.0,4128034.0,0.194027777777778,0,2966600.0,1024547.0,3594468.0,0
11496,2020-02-04 06:23:00,121.4,1,0,7116.934750000044,69374361.0,4227796.0,0.21608333333334,0,3028220.0,1046911.0,3680918.0,0
11496,2020-02-04 06:24:00,118.6,1,0,7407.932027777844,72434106.0,4511001.0,0.22586111111112,0,3158540.0,1095217.0,3882613.0,0
11496,2020-02-04 06:25:00,115.8,1,0,7679.051694444444,75217497.0,4707314.0,0.23916666666666,0,3279752.0,1138814.0,4041162.0,0
11496,2020-02-04 06:26:00,115.6,1,0,7705.879166666643,75520346.0,4737188.0,0.23916666666666,0,3291020.0,1144518.0,4068072.0,0
11496,2020-02-04 06:27:00,112.0,1,0,8003.740916666643,78398598.0,4955289.0,0.23952777777778,0,3414884.0,1193136.0,4246003.0,0
11496,2020-02-04 06:28:00,109.2,1,0,8252.333750000045,81176997.0,5157946.0,0.24672222222222,0,3540416.0,1232480.0,4362665.0,0
11496,2020-02-04 06:29:00,108.4,1,0,8345.499583333247,82252449.0,5288947.0,0.24672222222222,0,3586676.0,1248980.0,4531522.0,0
11496,2020-02-04 06:30:00,105.6,1,0,8611.473250000045,85031368.0,5417439.0,0.25577777777778,0,3723224.0,1290952.0,4650940.0,0
11496,2020-02-04 06:31:00,104.8,1,0,8685.965138888845,85855036.0,5448002.0,0.26227777777778,0,3759440.0,1303652.0,4667580.0,0
11496,2020-02-04 06:32:00,103.2,1,0,8857.507138888845,87319005.0,5515303.0,0.26861111111112,0,3820688.0,1330130.0,4714211.0,0
11496,2020-02-04 06:33:00,100.4,1,0,9097.315305555649,89340492.0,5628468.0,0.26861111111112,0,3919988.0,1363126.0,4791821.0,0
11496,2020-02-04 06:34:00,97.6,1,0,9397.073861111045,91928311.0,5784975.0,0.26861111111112,0,4042844.0,1405859.0,5007803.0,0
11496,2020-02-04 06:35:00,97.0,1,0,9474.761833333245,92548321.0,5804787.0,0.26861111111112,0,4068404.0,1417683.0,5035857.0,0
11496,2020-02-04 06:36:00,96.2,1,0,9547.020138888844,93151418.0,5840160.0,0.26897222222222,0,4099268.0,1426635.0,5068942.0,0
11496,2020-02-04 06:37:00,95.2,1,0,9661.706694444449,94107828.0,5948944.0,0.27602777777778,0,4136528.0,1443615.0,5179819.0,0
11496,2020-02-04 06:38:00,94.6,1,0,9712.617861111044,94824687.0,5978051.0,0.28027777777778,0,4164165.0,1458247.0,5214256.0,0
11496,2020-02-04 06:39:00,93.6,1,0,9800.136277777843,95734908.0,6033730.0,0.29552777777778,0,4199505.0,1471231.0,5251436.0,0
11496,2020-02-04 06:40:00,93.4,1,0,9817.783472222243,95995792.0,6042830.0,0.30088888888888,0,4212525.0,1475316.0,5267115.0,0
11496,2020-02-04 06:41:00,89.6,1,0,10185.126500000046,99498603.0,6254354.0,0.30711111111112,0,4360833.0,1544220.0,5398519.0,0
11496,2020-02-04 06:42:00,89.0,1,0,10268.701972222245,100161083.0,6281316.0,0.31369444444444,0,4387749.0,1561676.0,5412312.0,0
11496,2020-02-04 06:43:00,86.2,1,0,10523.069805555646,102606084.0,6435314.0,0.34202777777778,0,4492677.0,1608124.0,5519718.0,0
11496,2020-02-04 06:44:00,85.4,1,0,10592.315194444443,103243084.0,6477720.0,0.34561111111112,0,4518790.0,1616706.0,5581287.0,0
11496,2020-02-04 06:45:00,84.8,1,0,10623.409833333246,104078334.0,6507841.0,0.37058333333334,0,4542550.0,1632375.0,5601931.0,0
11496,2020-02-04 06:46:00,82.0,1,0,10904.861916666645,106908889.0,6629092.0,0.39113888888888,0,4652722.0,1678119.0,5690019.0,0
11496,2020-02-04 06:47:00,81.2,1,0,10977.855888888846,107625891.0,6688606.0,0.40319444444444,0,4682578.0,1687612.0,5723182.0,0
11496,2020-02-04 06:48:00,80.6,1,0,11006.185694444446,108668933.0,6715386.0,0.40319444444444,0,4715158.0,1701768.0,5747856.0,0
11496,2020-02-04 06:49:00,79.8,1,0,11033.237638888846,109587773.0,6742946.0,0.41258333333334,0,4750403.0,1709548.0,5765926.0,0
11496,2020-02-04 06:50:00,79.0,1,0,11076.787750000049,110965917.0,6769610.0,0.42044444444444,0,4802316.0,1723273.0,5805056.0,0
11496,2020-02-04 06:51:00,78.2,1,0,11102.825555555646,111921730.0,6819504.0,0.42713888888888,0,4832376.0,1734321.0,5826831.0,0
11496,2020-02-04 06:52:00,77.4,1,0,11150.269666666643,113177712.0,6844776.0,0.43316666666666,0,4880544.0,1747587.0,5875348.0,0
11496,2020-02-04 06:53:00,76.6,1,0,11180.661694444449,114095824.0,6875287.0,0.44991666666666,0,4917132.0,1755471.0,5913308.0,0
11496,2020-02-04 06:54:00,73.8,1,0,11329.085722222246,118206255.0,7052867.0,0.56363888888888,0,5076192.0,1795420.0,6064901.0,0
11496,2020-02-04 06:55:00,73.2,1,0,11366.271361111045,119289532.0,7109209.0,0.57975,0,5117808.0,1805629.0,6094177.0,0
11496,2020-02-04 06:56:00,72.6,1,0,11415.365666666645,120149846.0,7125082.0,0.59469444444444,0,5152093.0,1815842.0,6118839.0,0
11496,2020-02-04 06:57:00,69.8,1,0,11624.739444444444,123999888.0,7293939.0,0.62013888888888,0,5299957.0,1858796.0,6251478.0,0
11496,2020-02-04 06:58:00,69.2,1,0,11679.886472222246,124998951.0,7342676.0,0.65522222222222,0,5341177.0,1869048.0,6302620.0,0
11496,2020-02-04 06:59:00,68.0,1,0,11758.285444444446,126728328.0,7474184.0,0.66008333333334,0,5412949.0,1888804.0,6416890.0,0
11496,2020-02-04 07:00:00,65.2,1,0,11940.085805555644,130909388.0,7713618.0,0.69333333333334,0,5580602.0,1944059.0,6620327.0,0
11496,2020-02-04 07:01:00,62.400000000000006,1,0,12196.254861111043,135340243.0,8049785.0,0.71744444444444,0,5759594.0,2006815.0,7044348.0,0
11496,2020-02-04 07:02:00,61.6,1,0,12229.040972222245,136032935.0,8112822.0,0.71744444444444,0,5787554.0,2018572.0,7105669.0,0
11496,2020-02-04 07:03:00,60.80000000000001,1,0,12293.781833333243,137236280.0,8177874.0,0.73038888888888,0,5841698.0,2042601.0,7228285.0,0
11496,2020-02-04 07:04:00,58.0,1,0,12471.336972222243,141404964.0,8381129.0,0.73186111111112,0,6006038.0,2107299.0,7417903.0,0
11496,2020-02-04 07:05:00,57.400000000000006,1,0,12506.236527777844,142422370.0,8416060.0,0.73186111111112,0,6044306.0,2124015.0,7455317.0,0
11496,2020-02-04 07:06:00,56.6,1,0,12583.507916666646,143691430.0,8500430.0,0.74361111111112,0,6093302.0,2144220.0,7523489.0,0
11496,2020-02-04 07:07:00,56.0,1,0,12611.240583333249,144401672.0,8531578.0,0.74361111111112,0,6121046.0,2156353.0,7546252.0,0
11496,2020-02-04 07:08:00,54.19999999999999,1,0,12734.630805555646,147063669.0,8660031.0,0.76469444444444,0,6225207.0,2189853.0,7665879.0,0
11496,2020-02-04 07:09:00,51.400000000000006,1,0,12909.720416666643,150543002.0,8854459.0,0.79519444444444,0,6375327.0,2239829.0,7860385.0,0
11496,2020-02-04 07:10:00,48.6,1,0,13066.410750000045,154667252.0,9053645.0,0.82627777777778,0,6534327.0,2295086.0,8018673.0,0
11496,2020-02-04 07:11:00,46.19999999999999,1,0,13242.577583333245,158291938.0,9266260.0,0.92930555555556,0,6668499.0,2350115.0,8174699.0,0
11496,2020-02-04 07:12:00,44.80000000000001,1,0,13321.098472222246,159690310.0,9357221.0,0.94288888888888,0,6723099.0,2371448.0,8247187.0,0
11496,2020-02-04 07:13:00,42.0,1,0,13475.894500000046,163700342.0,9560827.0,0.98861111111112,0,6871612.0,2421902.0,8376511.0,0
11496,2020-02-04 07:14:00,40.80000000000001,1,0,13510.634777777845,164457696.0,9609226.0,0.99608333333334,0,6898300.0,2433443.0,8392644.0,0
11496,2020-02-04 07:15:00,40.400000000000006,1,0,13536.237527777845,165161568.0,9631651.0,1.00608333333334,0,6919624.0,2445928.0,8406541.0,0
11496,2020-02-04 07:16:00,40.19999999999999,1,0,13545.231972222246,165317542.0,9639867.0,1.00608333333334,0,6926392.0,2449149.0,8418449.0,0
11496,2020-02-04 07:17:00,39.19999999999999,1,0,13616.521027777846,166519796.0,9713929.0,1.02641666666666,0,6970252.0,2466185.0,8447348.0,0
11496,2020-02-04 07:18:00,37.400000000000006,1,0,13737.979083333244,168778663.0,9808088.0,1.04066666666666,0,7054852.0,2494034.0,8513479.0,0
11496,2020-02-04 07:19:00,34.80000000000001,1,0,13915.904250000049,171909375.0,9948683.0,1.05319444444444,0,7175704.0,2526623.0,8572993.0,0
11496,2020-02-04 07:20:00,34.599999999999994,1,0,13917.468472222245,171919658.0,9952947.0,1.05319444444444,0,7176280.0,2526991.0,8575788.0,0
11496,2020-02-04 07:21:00,34.0,1,0,13951.911666666643,172886911.0,9993754.0,1.07805555555556,0,7208944.0,2542028.0,8597616.0,0
11496,2020-02-04 07:22:00,33.19999999999999,1,0,13982.323222222243,173219217.0,10006559.0,1.08505555555556,0,7222276.0,2548081.0,8604415.0,0
11496,2020-02-04 07:23:00,30.40000000000001,1,0,14086.150027777843,175610243.0,10128369.0,1.11975,0,7312288.0,2578853.0,8655635.0,0
11496,2020-02-04 07:24:00,27.599999999999994,1,0,14186.874111111045,178165497.0,10242743.0,1.29427777777778,0,7403572.0,2612961.0,8705555.0,0
11496,2020-02-04 07:25:00,26.599999999999994,1,0,14239.166777777846,179147972.0,10280313.0,1.31358333333334,0,7451776.0,2626333.0,8731139.0,0
11496,2020-02-04 07:26:00,23.80000000000001,1,0,14384.043583333245,181603022.0,10379776.0,1.36594444444444,0,7560184.0,2662410.0,8788846.0,0
11496,2020-02-04 07:27:00,21.599999999999994,1,0,14511.508750000045,184361102.0,10506318.0,1.37766666666666,0,7670872.0,2704659.0,8872437.0,0
11496,2020-02-04 07:28:00,19.19999999999999,1,0,14635.636444444446,187749721.0,10629376.0,1.40613888888888,0,7780948.0,2759341.0,8973565.0,0
11496,2020-02-04 07:29:00,17.80000000000001,1,0,14695.227305555643,189479943.0,10691841.0,1.40613888888888,0,7845292.0,2789105.0,9010278.0,0
11496,2020-02-04 07:30:00,15.0,1,0,14876.773944444443,192750782.0,10848153.0,1.43177777777778,0,7982404.0,2838582.0,9105594.0,0
11496,2020-02-04 07:31:00,12.199999999999989,1,0,15037.019777777845,196113596.0,10954377.0,1.48972222222222,0,8114896.0,2884830.0,9189054.0,0
11496,2020-02-04 07:32:00,9.400000000000006,1,0,15170.190888888845,199275521.0,11056414.0,1.57158333333334,0,8240116.0,2929935.0,9275816.0,0
11496,2020-02-04 07:33:00,6.599999999999994,1,0,15318.003527777846,203117073.0,11155344.0,1.64375,0,8383900.0,2980439.0,9367804.0,0
11496,2020-02-04 07:34:00,3.8000000000000114,1,0,15479.127527777846,207052706.0,11290310.0,1.76655555555556,0,8532172.0,3027328.0,9467423.0,0
11496,2020-02-04 07:35:00,2.4000000000000057,1,0,15597.829500000043,209245494.0,11359327.0,1.76752777777778,0,8613172.0,3055269.0,9528406.0,0
11496,2020-02-04 07:36:00,2.1999999999999886,1,0,15605.013944444445,209519950.0,11368128.0,1.77175,0,8623684.0,3057585.0,9530642.0,0
11496,2020-02-04 07:37:00,1.4000000000000057,1,0,15650.191388888845,210594101.0,11402253.0,1.78077777777778,0,8668180.0,3068169.0,9559932.0,0
11496,2020-02-04 07:38:00,1.1999999999999886,1,0,15664.500722222245,211084786.0,11414668.0,1.78127777777778,0,8685520.0,3072197.0,9564210.0,0
11593,2020-02-04 11:39:00,185.6,1,0,243.22994444444663,5367752.0,597116.0,0.0063333333333334,0,182892.0,106161.0,463229.0,0
11593,2020-02-04 11:40:00,182.6,1,0,434.3066944444466,9070972.0,745316.0,0.0063333333333334,0,321048.0,182765.0,779208.0,0
11593,2020-02-04 11:41:00,178.20000000000002,1,0,669.8221666666666,13840945.0,887316.0,0.007,0,502836.0,266409.0,1215774.0,0
11593,2020-02-04 11:42:00,178.0,1,0,690.7836666666666,14260832.0,893829.0,0.007,0,515724.0,278465.0,1242892.0,0
11593,2020-02-04 11:43:00,175.20000000000002,1,0,808.1031666666667,17105557.0,1023933.0,0.0073055555555556,0,622764.0,331036.0,1478920.0,0
11593,2020-02-04 11:44:00,172.4,1,0,942.3751666666666,20228014.0,1110657.0,0.0073333333333334,0,738192.0,380305.0,1671840.0,0
11593,2020-02-04 11:45:00,169.6,1,0,1089.0725833333267,22832746.0,1185576.0,0.0073333333333334,0,838128.0,421841.0,1782211.0,0
11593,2020-02-04 11:46:00,166.8,1,0,1240.8265277777869,25854518.0,1263498.0,0.0073333333333334,0,951288.0,470781.0,1874992.0,0
11593,2020-02-04 11:47:00,165.6,1,0,1323.1170833333267,27046098.0,1292709.0,0.0073333333333334,0,996912.0,495801.0,1921233.0,0
11593,2020-02-04 11:48:00,163.0,1,0,1478.9157222222268,29710331.0,1370488.0,0.0073333333333334,0,1104648.0,550150.0,2007319.0,0
11593,2020-02-04 11:49:00,160.0,1,0,1654.6875555555469,33136689.0,1432823.0,0.0073333333333334,0,1232761.0,603259.0,2105924.0,0
11593,2020-02-04 11:50:00,157.2,1,0,1829.0173055555467,36379591.0,1491258.0,0.0073333333333334,0,1361533.0,654255.0,2191191.0,0
11593,2020-02-04 11:51:00,154.4,1,0,1983.8854444444464,39532403.0,1579489.0,0.0073333333333334,0,1476421.0,705500.0,2293891.0,0
11593,2020-02-04 11:52:00,153.0,1,0,2054.5078888888665,40992511.0,1621648.0,0.0073333333333334,0,1529113.0,726282.0,2341146.0,0
11593,2020-02-04 11:53:00,150.2,1,0,2191.2011666666667,44122899.0,1691641.0,0.0073333333333334,0,1640378.0,766626.0,2500253.0,0
11593,2020-02-04 11:54:00,147.4,1,0,2321.8662222222674,47054958.0,1747853.0,0.0073333333333334,0,1753334.0,801369.0,2682643.0,0
11593,2020-02-04 11:55:00,144.60000000000002,1,0,2459.3254166666666,49993504.0,1856884.0,0.0153055555555556,0,1874870.0,833605.0,2843284.0,0
11593,2020-02-04 11:56:00,141.8,1,0,2603.7718611110668,53210341.0,1915501.0,0.0153055555555556,0,1985786.0,877805.0,3025103.0,0
11593,2020-02-04 11:57:00,139.0,1,0,2741.2091666666665,56547194.0,1983322.0,0.0153055555555556,0,2093426.0,938089.0,3261794.0,0
11593,2020-02-04 11:58:00,136.2,1,0,2906.490527777866,59980988.0,2069057.0,0.0153055555555556,0,2219342.0,990573.0,3478790.0,0
11593,2020-02-04 11:59:00,133.4,1,0,3067.1396666666674,63369230.0,2166050.0,0.0153055555555556,0,2349819.0,1036210.0,3742105.0,0
11593,2020-02-04 12:00:00,132.4,1,0,3123.1977777778666,64500776.0,2209496.0,0.0153055555555556,0,2396224.0,1056330.0,3846833.0,0
11593,2020-02-04 12:01:00,132.0,1,0,3144.133055555467,64964031.0,2240943.0,0.0153055555555556,0,2415425.0,1073063.0,3910754.0,0
11593,2020-02-04 12:02:00,129.2,1,0,3312.1003888888667,68188694.0,2367538.0,0.0153055555555556,0,2554013.0,1142599.0,4313325.0,0
11593,2020-02-04 12:03:00,126.4,1,0,3488.734500000067,71371263.0,2464765.0,0.0153055555555556,0,2691005.0,1211895.0,4647841.0,0
11593,2020-02-04 12:04:00,125.2,1,0,3565.291777777866,72763368.0,2492247.0,0.0153055555555556,0,2748173.0,1245408.0,4801320.0,0
11593,2020-02-04 12:05:00,125.0,1,0,3575.0480833332667,72966077.0,2492247.0,0.0153055555555556,0,2756465.0,1249484.0,4822783.0,0
11593,2020-02-04 12:06:00,122.2,1,0,3723.450638888866,75948953.0,2631633.0,0.0153055555555556,0,2882826.0,1304225.0,5167985.0,0
11593,2020-02-04 12:07:00,119.4,1,0,3911.5794444444655,79109929.0,2783564.0,0.0153055555555556,0,3018342.0,1362373.0,5500889.0,0
11593,2020-02-04 12:08:00,118.0,1,0,4007.2543888888654,80937898.0,2837644.0,0.0153055555555556,0,3092562.0,1400010.0,5672983.0,0
11593,2020-02-04 12:09:00,115.2,1,0,4216.018305555466,84303364.0,2922248.0,0.0153055555555556,0,3229518.0,1469665.0,6016170.0,0
11593,2020-02-04 12:10:00,112.4,1,0,4394.8127222222665,87927413.0,3010206.0,0.0153055555555556,0,3384270.0,1531838.0,6349516.0,0
11593,2020-02-04 12:11:00,111.0,1,0,4468.3288611110665,89570536.0,3040171.0,0.0176111111111112,0,3453018.0,1559942.0,6507414.0,0
11593,2020-02-04 12:12:00,108.2,1,0,4617.012305555466,92742419.0,3102025.0,0.0176111111111112,0,3578742.0,1618224.0,6788370.0,0
11593,2020-02-04 12:13:00,105.4,1,0,4796.669222222266,96190709.0,3208001.0,0.0176111111111112,0,3709855.0,1668876.0,7076333.0,0
11593,2020-02-04 12:14:00,102.6,1,0,4914.290361111066,98923777.0,3269570.0,0.0176111111111112,0,3807247.0,1714584.0,7239548.0,0
11593,2020-02-04 12:15:00,99.8,1,0,5045.253833333266,101956404.0,3394969.0,0.0176111111111112,0,3917491.0,1761437.0,7426345.0,0
11593,2020-02-04 12:16:00,97.8,1,0,5156.955527777866,104041409.0,3455822.0,0.0176111111111112,0,3993104.0,1805262.0,7521076.0,0
11593,2020-02-04 12:17:00,96.2,1,0,5241.005388888866,105628579.0,3509382.0,0.0176111111111112,0,4051952.0,1830842.0,7588052.0,0
11593,2020-02-04 12:18:00,94.2,1,0,5350.324055555467,107923677.0,3557807.0,0.025722222222222,0,4129304.0,1858990.0,7655860.0,0
11593,2020-02-04 12:19:00,92.8,1,0,5416.340888888866,109418365.0,3603918.0,0.025722222222222,0,4179440.0,1885190.0,7721588.0,0
11593,2020-02-04 12:20:00,91.8,1,0,5464.864527777866,110373319.0,3626864.0,0.025722222222222,0,4214312.0,1901629.0,7758534.0,0
11593,2020-02-04 12:21:00,90.0,1,0,5559.722833333266,112344340.0,3677122.0,0.025722222222222,0,4287489.0,1933098.0,7827694.0,0
11593,2020-02-04 12:22:00,86.4,1,0,5745.646833333266,115953166.0,3772490.0,0.025722222222222,0,4410333.0,1996310.0,7948906.0,0
11593,2020-02-04 12:23:00,85.60000000000001,1,0,5796.229361111066,117020076.0,3792926.0,0.025722222222222,0,4451181.0,2008582.0,7986983.0,0
11593,2020-02-04 12:24:00,82.80000000000001,1,0,5936.554916666666,120084878.0,3871693.0,0.032333333333334,0,4566225.0,2051131.0,8084301.0,0
11593,2020-02-04 12:25:00,81.2,1,0,6024.761250000066,121837499.0,3900943.0,0.032333333333334,0,4629394.0,2078247.0,8159649.0,0
11593,2020-02-04 12:26:00,80.4,1,0,6052.780972222266,122414062.0,3922614.0,0.032333333333334,0,4652806.0,2085951.0,8177238.0,0
11593,2020-02-04 12:27:00,79.60000000000001,1,0,6082.950138888867,123218710.0,3947548.0,0.032333333333334,0,4682650.0,2095436.0,8212989.0,0
11593,2020-02-04 12:28:00,79.0,1,0,6123.974555555466,123989558.0,3971819.0,0.032333333333334,0,4708558.0,2108240.0,8238002.0,0
11593,2020-02-04 12:29:00,78.0,1,0,6164.297500000066,124822677.0,3994140.0,0.032333333333334,0,4739446.0,2121632.0,8269020.0,0
11593,2020-02-04 12:30:00,77.60000000000001,1,0,6189.559777777867,125425903.0,4011131.0,0.032333333333334,0,4759342.0,2131032.0,8295709.0,0
11593,2020-02-04 12:31:00,76.60000000000001,1,0,6235.429416666666,126442334.0,4025080.0,0.032333333333334,0,4790218.0,2148769.0,8355977.0,0
11593,2020-02-04 12:32:00,76.4,1,0,6254.466555555467,126905680.0,4038887.0,0.032333333333334,0,4807642.0,2154089.0,8373371.0,0
11593,2020-02-04 12:33:00,75.60000000000001,1,0,6286.325805555466,127837768.0,4067188.0,0.032333333333334,0,4838026.0,2162925.0,8437292.0,0
11593,2020-02-04 12:34:00,75.0,1,0,6311.748972222266,128457439.0,4086051.0,0.032333333333334,0,4861498.0,2171565.0,8457091.0,0
11593,2020-02-04 12:35:00,74.2,1,0,6352.934361111066,129448143.0,4121983.0,0.032333333333334,0,4891282.0,2188561.0,8517359.0,0
11593,2020-02-04 12:36:00,73.60000000000001,1,0,6379.774944444466,130132437.0,4141717.0,0.032333333333334,0,4913530.0,2196994.0,8540824.0,0
11593,2020-02-04 12:37:00,73.0,1,0,6408.181916666666,131075562.0,4163778.0,0.032333333333334,0,4942175.0,2209811.0,8613430.0,0
11593,2020-02-04 12:38:00,71.4,1,0,6474.651611111066,132896563.0,4190831.0,0.032333333333334,0,5004731.0,2234972.0,8722838.0,0
11593,2020-02-04 12:39:00,69.60000000000001,1,0,6554.437638888866,134691980.0,4223656.0,0.032333333333334,0,5064059.0,2265409.0,8827189.0,0
11593,2020-02-04 12:40:00,69.0,1,0,6586.953083333266,135644477.0,4238411.0,0.032333333333334,0,5095883.0,2278381.0,8877187.0,0
11593,2020-02-04 12:41:00,68.2,1,0,6616.329361111067,136335141.0,4251827.0,0.032333333333334,0,5117183.0,2287125.0,8920152.0,0
11593,2020-02-04 12:42:00,67.60000000000001,1,0,6654.5613888888665,137175162.0,4261395.0,0.032333333333334,0,5146283.0,2295441.0,8994720.0,0
11593,2020-02-04 12:43:00,66.80000000000001,1,0,6685.966555555467,137991588.0,4278334.0,0.032333333333334,0,5169083.0,2309295.0,9061332.0,0
11593,2020-02-04 12:44:00,66.0,1,0,6733.174611111066,139101126.0,4310574.0,0.032333333333334,0,5211263.0,2331600.0,9139553.0,0
11593,2020-02-04 12:45:00,64.4,1,0,6809.699861111067,140409511.0,4346662.0,0.032333333333334,0,5271995.0,2367613.0,9280668.0,0
11593,2020-02-04 12:46:00,61.60000000000001,1,0,6932.673111111067,141747744.0,4437506.0,0.032333333333334,0,5368391.0,2410790.0,9547805.0,0
11593,2020-02-04 12:47:00,58.80000000000001,1,0,7076.099333333266,142997473.0,4515324.0,0.032333333333334,0,5485859.0,2468863.0,9848288.0,0
11593,2020-02-04 12:48:00,58.20000000000002,1,0,7095.429777777867,143198323.0,4541545.0,0.032333333333334,0,5503283.0,2474243.0,9895322.0,0
11593,2020-02-04 12:49:00,55.400000000000006,1,0,7234.332722222266,144769152.0,4674054.0,0.032333333333334,0,5645927.0,2535892.0,10579551.0,0
11593,2020-02-04 12:50:00,54.80000000000001,1,0,7301.346194444466,145202975.0,4685312.0,0.032333333333334,0,5689547.0,2559484.0,10703168.0,0
11593,2020-02-04 12:51:00,52.0,1,0,7443.592000000066,146425703.0,4760296.0,0.032333333333334,0,5813975.0,2617289.0,11078270.0,0
11593,2020-02-04 12:52:00,49.20000000000002,1,0,7626.847555555466,147729564.0,4837334.0,0.032333333333334,0,5936951.0,2701753.0,11375191.0,0
11593,2020-02-04 12:53:00,46.400000000000006,1,0,7795.743333333266,149134097.0,4917284.0,0.032333333333334,0,6069911.0,2769317.0,11826292.0,0
11593,2020-02-04 12:54:00,45.6,1,0,7836.294472222266,149468366.0,4939774.0,0.032333333333334,0,6101987.0,2788414.0,11929486.0,0
11593,2020-02-04 12:55:00,45.0,1,0,7885.922027777866,149876878.0,4968686.0,0.032333333333334,0,6146459.0,2806678.0,12047097.0,0
11593,2020-02-04 12:56:00,42.20000000000002,1,0,8044.550222222266,151518687.0,5023742.0,0.032333333333334,0,6277475.0,2877478.0,12374528.0,0
11593,2020-02-04 12:57:00,40.20000000000002,1,0,8125.757472222266,152308086.0,5051822.0,0.032333333333334,0,6346895.0,2915374.0,12518230.0,0
11593,2020-02-04 12:58:00,40.0,1,0,8133.856194444466,152405495.0,5058725.0,0.032333333333334,0,6356663.0,2918087.0,12542969.0,0
11593,2020-02-04 12:59:00,38.400000000000006,1,0,8225.822138888867,153449850.0,5110179.0,0.032333333333334,0,6440111.0,2970843.0,12822209.0,0
11593,2020-02-04 13:00:00,35.599999999999994,1,0,8368.671277777867,154903224.0,5169927.0,0.032333333333334,0,6558227.0,3034967.0,13132324.0,0
11593,2020-02-04 13:01:00,34.599999999999994,1,0,8424.968361111067,155419650.0,5175673.0,0.032333333333334,0,6597839.0,3060465.0,13234959.0,0
11593,2020-02-04 13:02:00,34.20000000000002,1,0,8448.022000000066,155663452.0,5201062.0,0.032333333333334,0,6619631.0,3067323.0,13273322.0,0
11593,2020-02-04 13:03:00,31.40000000000001,1,0,8586.168027777867,156801524.0,5261694.0,0.035,0,6716807.0,3112643.0,13438851.0,0
11593,2020-02-04 13:04:00,30.40000000000001,1,0,8625.185555555467,157230550.0,5284301.0,0.035,0,6746987.0,3129495.0,13507323.0,0
11593,2020-02-04 13:05:00,27.599999999999994,1,0,8741.189555555466,158424938.0,5396361.0,0.035,0,6849635.0,3170219.0,13717845.0,0
11593,2020-02-04 13:06:00,27.200000000000017,1,0,8761.607027777867,158640946.0,5414665.0,0.035,0,6865151.0,3177731.0,13763358.0,0
11593,2020-02-04 13:07:00,24.40000000000001,1,0,8886.288250000067,159624305.0,5453951.0,0.035,0,6957215.0,3219452.0,13910219.0,0
11593,2020-02-04 13:08:00,21.599999999999994,1,0,9014.984638888864,160789794.0,5485970.0,0.035,0,7047551.0,3270625.0,14055585.0,0
11593,2020-02-04 13:09:00,20.599999999999994,1,0,9059.828083333266,161220094.0,5500387.0,0.035,0,7081739.0,3289839.0,14098888.0,0
11593,2020-02-04 13:10:00,20.0,1,0,9095.756833333266,161487088.0,5514219.0,0.035,0,7110143.0,3304675.0,14128320.0,0
11593,2020-02-04 13:11:00,17.200000000000017,1,0,9235.833722222267,162531534.0,5562267.0,0.035,0,7211087.0,3361116.0,14237663.0,0
11593,2020-02-04 13:12:00,14.400000000000006,1,0,9378.218138888866,163662560.0,5652162.0,0.035,0,7303547.0,3421813.0,14363620.0,0
11593,2020-02-04 13:13:00,11.599999999999994,1,0,9562.944722222266,164933818.0,5725924.0,0.035,0,7406711.0,3498474.0,14479788.0,0
11593,2020-02-04 13:14:00,10.800000000000011,1,0,9603.302888888866,165207039.0,5748011.0,0.035,0,7425995.0,3510732.0,14504644.0,0
11593,2020-02-04 13:15:00,10.200000000000015,1,0,9643.459888888869,165508600.0,5761922.0,0.035,0,7448903.0,3530549.0,14536286.0,0
11593,2020-02-04 13:16:00,7.400000000000006,1,0,9782.177138888866,166670904.0,5832512.0,0.035583333333334,0,7542071.0,3589089.0,14667677.0,0
11593,2020-02-04 13:17:00,5.0,1,0,9930.354583333266,167759667.0,5880274.0,0.035583333333334,0,7626851.0,3640613.0,14767907.0,0
11593,2020-02-04 13:18:00,4.200000000000017,1,0,9975.500861111066,168171118.0,5906326.0,0.035583333333334,0,7657703.0,3658033.0,14827396.0,0
11593,2020-02-04 13:19:00,1.4000000000000057,1,0,10097.248222222266,169256930.0,6007180.0,0.035583333333334,0,7738308.0,3707035.0,14966951.0,0
16328,2020-02-13 13:57:00,298.2,1,0,821.61466666666,14473135.0,227656.0,0.13525,0,427056.0,301524.0,199460.0,0
16328,2020-02-13 13:58:00,287.0,1,0,2710.0428055556,48423688.0,656279.0,0.5495,0,1332132.0,814742.0,651900.0,0
16328,2020-02-13 13:59:00,280.6,1,0,3391.0692777778,60651878.0,1075542.0,0.62966666666666,0,1645644.0,1004464.0,1056681.0,0
16328,2020-02-13 14:00:00,274.40000000000003,1,0,3764.1245833334,67949545.0,1441817.0,0.69875,0,1821996.0,1139665.0,1421968.0,0
16328,2020-02-13 14:01:00,268.8,1,0,4609.2822777778,83505514.0,1715896.0,1.6988888888889,0,2212524.0,1370390.0,1861811.0,0
16328,2020-02-13 14:02:00,267.2,1,0,4869.0578333334,87977215.0,1776724.0,1.98066666666666,0,2332920.0,1443215.0,1953591.0,0
16328,2020-02-13 14:03:00,265.40000000000003,1,0,5164.3363611112,93330004.0,1847535.0,2.4541111111112,0,2482500.0,1537048.0,2001353.0,0
16328,2020-02-13 14:04:00,264.2,1,0,5386.4316111112,96885205.0,1882193.0,2.8478888888888,0,2595612.0,1594333.0,2048647.0,0
16328,2020-02-13 14:05:00,247.4,1,0,7241.4807222222,127024756.0,2462422.0,7.0875277777778,0,3590700.0,2104913.0,2438063.0,0
16328,2020-02-13 14:06:00,245.6,1,0,7562.01425,131446303.0,2512655.0,7.4669166666666,0,3751752.0,2184361.0,2481197.0,0
16328,2020-02-13 14:07:00,244.6,1,0,7706.8677222222,133655446.0,2543452.0,7.7314722222222,0,3833400.0,2223702.0,2531105.0,0
16328,2020-02-13 14:08:00,243.6,1,0,7838.2104722222,135737943.0,2564733.0,8.0108333333334,0,3912996.0,2260811.0,2551347.0,0
16328,2020-02-13 14:09:00,242.8,1,0,7987.4788888888,138081050.0,2587028.0,8.3441388888888,0,3986749.0,2303064.0,2568793.0,0
16328,2020-02-13 14:10:00,242.6,1,0,7987.4788888888,138081050.0,2588601.0,8.3441388888888,0,3986749.0,2303100.0,2569547.0,0
16328,2020-02-13 14:11:00,241.6,1,0,8099.738305555466,139904989.0,2622778.0,8.5956388888888,0,4052101.0,2332956.0,2585823.0,0
16328,2020-02-13 14:12:00,240.6,1,0,8295.69672222214,142988784.0,2642954.0,9.07597222222214,0,4154005.0,2395603.0,2616855.0,0
16328,2020-02-13 14:13:00,239.6,1,0,8447.52122222214,145572599.0,2670501.0,9.53444444444436,0,4243441.0,2439701.0,2640827.0,0
16328,2020-02-13 14:14:00,238.4,1,0,8625.20694444436,148229579.0,2697295.0,9.68219444444436,0,4346161.0,2485917.0,2663486.0,0
16328,2020-02-13 14:15:00,237.4,1,0,8845.80752777768,151379700.0,2721631.0,10.00069444444436,0,4458841.0,2546038.0,2694869.0,0
16328,2020-02-13 14:16:00,236.6,1,0,8966.847111111021,153168422.0,2746578.0,10.1542777777777,0,4523461.0,2579282.0,2721337.0,0
16328,2020-02-13 14:17:00,235.4,1,0,9067.37861111102,154601971.0,2795627.0,10.31855555555546,0,4585525.0,2606318.0,2754670.0,0
16328,2020-02-13 14:18:00,235.0,1,0,9113.97472222214,155249358.0,2809927.0,10.352361111111,0,4611517.0,2620862.0,2772948.0,0
16328,2020-02-13 14:19:00,234.0,1,0,9189.047194444362,156487687.0,2861238.0,10.44375,0,4674757.0,2644431.0,2815640.0,0
16328,2020-02-13 14:20:00,231.2,1,0,9479.84244444436,160740247.0,2978342.0,10.6977222222222,0,4843921.0,2726235.0,2894160.0,0
16328,2020-02-13 14:21:00,227.2,1,0,10111.8487777776,170927879.0,3217542.0,11.1636944444444,0,5181265.0,2905803.0,3036406.0,0
16328,2020-02-13 14:22:00,226.4,1,0,10214.4934166666,172821784.0,3241215.0,11.2038333333332,0,5232217.0,2933546.0,3054463.0,0
16328,2020-02-13 14:23:00,223.6,1,0,10724.6353055554,180640179.0,3342407.0,11.48975,0,5458321.0,3062600.0,3187674.0,0
16328,2020-02-13 14:24:00,220.8,1,0,11173.2974166666,188307800.0,3437360.0,11.853000000000002,0,5689525.0,3175856.0,3316881.0,0
16328,2020-02-13 14:25:00,218.0,1,0,11560.379305555398,195233901.0,3573145.0,12.1134722222222,0,5890513.0,3282542.0,3483698.0,0
16328,2020-02-13 14:26:00,215.0,1,0,11898.882583333198,199554737.0,3744654.0,12.464083333333202,0,6057614.0,3368722.0,3609539.0,0
16328,2020-02-13 14:27:00,212.2,1,0,12291.331972222197,203276325.0,3937080.0,12.601472222222204,0,6221006.0,3452843.0,3796960.0,0
16328,2020-02-13 14:28:00,211.0,1,0,12485.889749999997,204759990.0,4040573.0,12.620111111111004,0,6284282.0,3494723.0,3919043.0,0
16328,2020-02-13 14:29:00,210.2,1,0,12605.026444444396,205686591.0,4101856.0,12.675333333333205,0,6326678.0,3516651.0,3954962.0,0
16328,2020-02-13 14:30:00,209.4,1,0,12688.905527777595,206885984.0,4191712.0,12.683777777777603,0,6370658.0,3545115.0,4048952.0,0
16328,2020-02-13 14:31:00,206.6,1,0,12932.077722222197,208572552.0,4330747.0,12.691111111111002,0,6444483.0,3596142.0,4211478.0,0
16328,2020-02-13 14:32:00,203.8,1,0,13327.508083333196,212236615.0,4558052.0,12.794916666666602,0,6608619.0,3694026.0,4383299.0,0
16328,2020-02-13 14:33:00,202.8,1,0,13489.851722222196,213455704.0,4642734.0,12.794916666666602,0,6656896.0,3736910.0,4445179.0,0
16328,2020-02-13 14:34:00,202.6,1,0,13517.933749999997,213691576.0,4657528.0,12.794916666666602,0,6666148.0,3745586.0,4454721.0,0
16328,2020-02-13 14:35:00,200.6,1,0,13860.595166666595,216375452.0,4826360.0,12.8074166666666,0,6777352.0,3831762.0,4605924.0,0
16328,2020-02-13 14:36:00,200.2,1,0,13873.515999999996,216561209.0,4857496.0,12.8074166666666,0,6784288.0,3836298.0,4617351.0,0
16328,2020-02-13 14:37:00,197.8,1,0,14416.922416666595,220195984.0,5095643.0,12.83175,0,6930004.0,3969250.0,4847828.0,0
16328,2020-02-13 14:38:00,195.0,1,0,14998.113666666595,224071791.0,5302525.0,12.8394722222222,0,7132984.0,4058338.0,4982989.0,0
16328,2020-02-13 14:39:00,191.4,1,0,15798.243999999995,229405431.0,5546340.0,12.8611388888888,0,7421561.0,4182759.0,5175857.0,0
16328,2020-02-13 14:40:00,188.6,1,0,16428.705166666594,233900441.0,5735087.0,12.9055833333332,0,7653533.0,4295001.0,5298473.0,0
16328,2020-02-13 14:41:00,185.8,1,0,16988.27302777759,237701135.0,5887785.0,12.9232777777776,0,7844669.0,4392885.0,5386015.0,0
16328,2020-02-13 14:42:00,183.0,1,0,17435.42938888879,241042434.0,6001795.0,12.949361111111,0,7994129.0,4468946.0,5476846.0,0
16328,2020-02-13 14:43:00,181.0,1,0,17914.17899999999,244227317.0,6112451.0,12.9731666666666,0,8151425.0,4552606.0,5545954.0,0
16328,2020-02-13 14:44:00,179.0,1,0,18361.16313888879,247295577.0,6213149.0,13.0234722222222,0,8311157.0,4634862.0,5620652.0,0
16328,2020-02-13 14:45:00,177.60000000000002,1,0,18629.89338888879,249046951.0,6274834.0,13.0336944444444,0,8398013.0,4680794.0,5676331.0,0
16328,2020-02-13 14:46:00,174.8,1,0,19239.07049999999,252975655.0,6411712.0,13.0527222222222,0,8604497.0,4783646.0,5783009.0,0
16328,2020-02-13 14:47:00,172.0,1,0,19859.04075,256833002.0,6529688.0,13.0583055555554,0,8821493.0,4887602.0,5889636.0,0
16328,2020-02-13 14:49:00,167.0,1,0,20844.17591666659,263238830.0,6772411.0,13.0618055555554,0,9187997.0,5053929.0,6035080.0,0
16328,2020-02-13 14:50:00,164.0,1,0,21357.293722222195,266657570.0,6899629.0,13.070249999999998,0,9359609.0,5145481.0,6106775.0,0
16328,2020-02-13 14:51:00,161.20000000000002,1,0,21869.4767222222,270124696.0,7025807.0,13.0806388888888,0,9510701.0,5249673.0,6154862.0,0
16328,2020-02-13 14:52:00,158.4,1,0,22278.1968888888,273614143.0,7172031.0,13.0815555555554,0,9648929.0,5342073.0,6209034.0,0
16328,2020-02-13 14:53:00,157.0,1,0,22482.385361110995,275147480.0,7242933.0,13.0815555555554,0,9713970.0,5389813.0,6239493.0,0
16328,2020-02-13 14:54:00,154.0,1,0,22820.34288888879,278057582.0,7371347.0,13.083777777777598,0,9825774.0,5476425.0,6294548.0,0
16328,2020-02-13 14:55:00,152.60000000000002,1,0,23088.8638055554,280148333.0,7457954.0,13.083777777777598,0,9904218.0,5535522.0,6330220.0,0
16328,2020-02-13 14:56:00,149.8,1,0,23487.81927777779,283866815.0,7646311.0,13.091694444444398,0,10039962.0,5644086.0,6419127.0,0
16328,2020-02-13 14:57:00,147.0,1,0,23963.91061111099,287748667.0,7816728.0,13.091694444444398,0,10165194.0,5769184.0,6529666.0,0
16328,2020-02-13 14:58:00,144.20000000000002,1,0,24463.98608333319,291635082.0,7986547.0,13.0923055555554,0,10300794.0,5889545.0,6639308.0,0
16328,2020-02-13 14:59:00,143.20000000000002,1,0,24630.17708333319,293033895.0,8046425.0,13.0923055555554,0,10351218.0,5930330.0,6673135.0,0
16328,2020-02-13 15:00:00,140.20000000000002,1,0,25070.370888888792,296990198.0,8219390.0,13.1164444444444,0,10501374.0,6042191.0,6844384.0,0
16328,2020-02-13 15:01:00,138.4,1,0,25402.793555555392,299626000.0,8350651.0,13.1229166666666,0,10595023.0,6133292.0,6967442.0,0
16328,2020-02-13 15:02:00,136.20000000000002,1,0,25803.39074999999,302679349.0,8491584.0,13.1229166666666,0,10701979.0,6240049.0,7069401.0,0
16328,2020-02-13 15:03:00,134.60000000000002,1,0,25969.1845833332,303949111.0,8551787.0,13.1229166666666,0,10741555.0,6286527.0,7134609.0,0
16328,2020-02-13 15:04:00,132.8,1,0,26183.647916666592,305564413.0,8619803.0,13.1229166666666,0,10804447.0,6338739.0,7199102.0,0
16328,2020-02-13 15:05:00,129.8,1,0,26693.02083333319,308740339.0,8810162.0,13.1385277777776,0,10928887.0,6459392.0,7474286.0,0
16328,2020-02-13 15:06:00,129.0,1,0,26838.0099166666,309886511.0,8862409.0,13.1387222222222,0,10967960.0,6497557.0,7518434.0,0
16328,2020-02-13 15:07:00,127.60000000000002,1,0,27053.662111111,311339028.0,8937172.0,13.1506666666666,0,11027672.0,6547753.0,7637865.0,0
16328,2020-02-13 15:08:00,126.4,1,0,27240.2959722222,312821652.0,9008724.0,13.1506666666666,0,11079356.0,6596574.0,7706674.0,0
16328,2020-02-13 15:09:00,125.8,1,0,27241.2959722222,312821653.0,9027366.0,13.1506666666666,0,11079356.0,6596606.0,7706674.0,0
16328,2020-02-13 15:10:00,123.0,1,0,27653.6063055554,315863835.0,9215411.0,13.151583333333198,0,11189793.0,6707831.0,7952465.0,0
16328,2020-02-13 15:11:00,120.20000000000002,1,0,28139.17422222279,319487156.0,9372165.0,13.151583333333198,0,11337849.0,6819635.0,8133984.0,0
16328,2020-02-13 15:12:00,117.20000000000002,1,0,28643.3599444448,323284339.0,9555751.0,13.151583333333198,0,11483757.0,6937448.0,8316595.0,0
16328,2020-02-13 15:13:00,114.4,1,0,29002.482055554792,326098111.0,9790570.0,13.151583333333198,0,11588721.0,7030361.0,8459556.0,0
16328,2020-02-13 15:14:00,111.60000000000002,1,0,29350.932916666792,329248739.0,9982957.0,13.1644444444444,0,11713018.0,7125073.0,8634276.0,0
16328,2020-02-13 15:15:00,108.8,1,0,29637.0738333328,332279468.0,10093379.0,13.1760833333332,0,11835406.0,7196718.0,8764640.0,0
16328,2020-02-13 15:16:00,105.8,1,0,29981.19327777679,335418760.0,10257907.0,13.2278055555554,0,11961754.0,7277884.0,8906106.0,0
16328,2020-02-13 15:17:00,103.0,1,0,30396.034166666792,338965004.0,10417664.0,13.237305555555398,0,12097750.0,7378192.0,9040318.0,0
16328,2020-02-13 15:18:00,99.4,1,0,30775.776138888792,342179124.0,10565292.0,13.244027777777598,0,12218567.0,7467680.0,9163116.0,0
16328,2020-02-13 15:19:00,96.60000000000002,1,0,30940.610444444792,343634344.0,10625339.0,13.253722222222198,0,12273371.0,7506381.0,9188986.0,0
16328,2020-02-13 15:20:00,96.4,1,0,30941.657000000792,343634345.0,10642252.0,13.253722222222198,0,12273491.0,7507077.0,9203130.0,0
16328,2020-02-13 15:21:00,93.60000000000002,1,0,31279.1841111108,346526598.0,10734721.0,13.286361111111,0,12372995.0,7577254.0,9260590.0,0
16328,2020-02-13 15:22:00,90.8,1,0,31669.0000000008,349724209.0,10832390.0,13.308861111111,0,12506939.0,7651162.0,9310302.0,0
16328,2020-02-13 15:23:00,87.80000000000001,1,0,32011.0864166668,352222276.0,10932971.0,13.3287777777776,0,12627407.0,7710622.0,9350303.0,0
16328,2020-02-13 15:24:00,85.0,1,0,32349.74544444479,355220909.0,11041404.0,13.3912222222222,0,12750899.0,7781468.0,9412703.0,0
16328,2020-02-13 15:25:00,82.20000000000002,1,0,32624.271972222792,357825511.0,11139229.0,13.4078333333332,0,12863172.0,7836572.0,9511828.0,0
16328,2020-02-13 15:26:00,79.4,1,0,33007.788611110795,361549842.0,11267501.0,13.416277777777598,0,13007052.0,7916185.0,9634990.0,0
16328,2020-02-13 15:27:00,76.60000000000002,1,0,33441.1433888888,365716368.0,11430079.0,13.419861111110997,0,13158708.0,8023878.0,9829626.0,0
16328,2020-02-13 15:28:00,73.80000000000001,1,0,33839.457000000795,369741532.0,11566670.0,13.438333333333198,0,13298160.0,8125463.0,9972419.0,0
16328,2020-02-13 15:29:00,71.0,1,0,34331.6853055548,373798078.0,11694733.0,13.439472222222197,0,13447344.0,8234576.0,10125819.0,0
16328,2020-02-13 15:30:00,70.80000000000001,1,0,34348.2320277768,373975502.0,11711205.0,13.439472222222197,0,13452012.0,8239637.0,10132371.0,0
16328,2020-02-13 15:31:00,70.4,1,0,34348.2320277768,373975502.0,11716003.0,13.439472222222197,0,13452012.0,8239682.0,10132371.0,0
16328,2020-02-13 15:32:00,67.4,1,0,34809.9027500008,373975502.0,11716003.0,13.452916666666596,0,13452012.0,8239684.0,10132371.0,0
16328,2020-02-13 15:33:00,64.60000000000002,1,0,35204.6306944448,373975502.0,11716003.0,13.462083333333196,0,13452012.0,8239685.0,10132371.0,0
16328,2020-02-13 15:34:00,61.80000000000001,1,0,35514.866305554795,376395140.0,11872627.0,13.462083333333196,0,13553701.0,8306753.0,10469981.0,0
16328,2020-02-13 15:35:00,59.0,1,0,35881.560138888795,379287978.0,11988886.0,13.462083333333196,0,13675717.0,8388361.0,10596185.0,0
16328,2020-02-13 15:36:00,56.20000000000002,1,0,36343.1921111108,383118376.0,12168832.0,13.462083333333196,0,13844077.0,8491275.0,10788663.0,0
16328,2020-02-13 15:37:00,54.60000000000002,1,0,36607.6046666668,385295486.0,12266606.0,13.462083333333196,0,13935830.0,8542260.0,10894744.0,0
16328,2020-02-13 15:38:00,54.400000000000006,1,0,36608.8245555548,385328259.0,12269167.0,13.462083333333196,0,13937630.0,8542780.0,10894744.0,0
16328,2020-02-13 15:39:00,53.0,1,0,36745.6692222228,386453942.0,12345373.0,13.462083333333196,0,13982138.0,8569296.0,10949812.0,0
16328,2020-02-13 15:40:00,52.80000000000001,1,0,36745.6692222228,386453942.0,12360973.0,13.462083333333196,0,13982139.0,8569317.0,10949812.0,0
16328,2020-02-13 15:41:00,50.0,1,0,37169.53119444479,390326616.0,12512826.0,13.472749999999994,0,14139184.0,8663730.0,11082906.0,0
16328,2020-02-13 15:42:00,47.19999999999999,1,0,37587.4764444448,393759331.0,12664107.0,13.475194444444394,0,14271880.0,8751127.0,11210098.0,0
16328,2020-02-13 15:43:00,44.400000000000034,1,0,37967.48272222279,397142399.0,12819951.0,13.475638888888795,0,14401072.0,8836816.0,11366527.0,0
16328,2020-02-13 15:44:00,41.60000000000002,1,0,38430.4853333328,401111858.0,12965461.0,13.477694444444396,0,14543152.0,8942541.0,11478119.0,0
16328,2020-02-13 15:45:00,38.0,1,0,38898.7815277768,404933052.0,13116378.0,13.479638888888797,0,14691520.0,9040962.0,11589620.0,0
16328,2020-02-13 15:46:00,35.19999999999999,1,0,39290.3472222228,408310465.0,13246482.0,13.482972222222196,0,14817916.0,9128628.0,11691384.0,0
16328,2020-02-13 15:47:00,32.400000000000034,1,0,39782.4141944448,412281381.0,13374181.0,13.498944444444398,0,14978896.0,9238156.0,11792407.0,0
16328,2020-02-13 15:48:00,29.600000000000023,1,0,40281.4059722228,416664916.0,13480638.0,13.509111111110997,0,15153689.0,9349477.0,11872032.0,0
16328,2020-02-13 15:49:00,27.400000000000038,1,0,40283.4275000008,416878402.0,13556116.0,13.512861111110997,0,15154001.0,9351111.0,11884005.0,0
16328,2020-02-13 15:50:00,22.80000000000001,1,0,40284.77083333279,416921055.0,13620700.0,13.512861111110997,0,15154098.0,9352675.0,11893118.0,0
16328,2020-02-13 15:51:00,12.600000000000025,1,0,40438.03933333279,419116144.0,13796707.0,13.512861111110997,0,15211974.0,9415303.0,11953516.0,0
16328,2020-02-13 15:52:00,9.800000000000011,1,0,40627.6714166668,421764101.0,13990238.0,13.512861111110997,0,15261810.0,9490064.0,11991762.0,0
16328,2020-02-13 15:53:00,0.1999999999999886,1,0,41418.8033888888,432462776.0,14543207.0,13.512861111110997,0,15392683.0,9777913.0,12184890.0,0
18297,2020-02-18 13:56:00,312.8,1,0,11.5189999999998,234104.0,277511.0,0.0,0,88237.0,17374.0,127387.0,1
18297,2020-02-18 13:57:00,312.2,1,0,14.4443333333338,325468.0,324779.0,0.0,0,132170.0,23487.0,188604.0,1
18297,2020-02-18 13:58:00,312.0,1,0,15.3391111111118,333268.0,342290.0,0.0,0,132363.0,25224.0,194935.0,1
18297,2020-02-18 13:59:00,307.8,1,0,37.1322222222218,549770.0,640146.0,0.0,0,353727.0,52780.0,404353.0,1
18297,2020-02-18 14:00:00,307.40000000000003,1,0,39.6904444444438,568984.0,648961.0,0.0,0,368007.0,55952.0,407604.0,1
18297,2020-02-18 14:02:00,296.0,1,0,122.0636388888898,1055262.0,1314834.0,0.0047777777777778,0,902991.0,135502.0,787269.0,1
18297,2020-02-18 14:03:00,288.6,1,0,207.5656111111178,1403753.0,1663611.0,0.024333333333334,0,1324875.0,188862.0,996790.0,1
18297,2020-02-18 14:04:00,286.8,1,0,228.83733333333777,1458080.0,1742079.0,0.024333333333334,0,1429995.0,199158.0,1038598.0,1
18297,2020-02-18 14:05:00,284.8,1,0,249.60763888889767,1549783.0,1814230.0,0.024333333333334,0,1542543.0,209270.0,1068485.0,1
18297,2020-02-18 14:06:00,283.40000000000003,1,0,266.9735277777778,1612794.0,1856727.0,0.024333333333334,0,1610067.0,219694.0,1100816.0,1
18297,2020-02-18 14:07:00,282.0,1,0,290.8085555555578,1670098.0,1910872.0,0.024333333333334,0,1700380.0,232487.0,1121031.0,1
18297,2020-02-18 14:08:00,280.6,1,0,320.8364444444378,1737919.0,1961546.0,0.024333333333334,0,1784980.0,245823.0,1135474.0,1
18297,2020-02-18 14:09:00,279.2,1,0,342.0849444444378,1800267.0,2006240.0,0.024333333333334,0,1883416.0,256251.0,1153349.0,1
18297,2020-02-18 14:10:00,278.0,1,0,357.6127499999978,1846677.0,2057109.0,0.024333333333334,0,1961248.0,264707.0,1183613.0,1
18297,2020-02-18 14:11:00,277.0,1,0,385.15172222221776,1916396.0,2112034.0,0.024333333333334,0,2047528.0,276092.0,1208313.0,1
18297,2020-02-18 14:12:00,276.0,1,0,390.66588888889777,1955825.0,2163982.0,0.024333333333334,0,2078080.0,280725.0,1247743.0,1
18297,2020-02-18 14:13:00,272.2,1,0,430.26005555555776,2103791.0,2323765.0,0.024638888888888,0,2316208.0,313629.0,1326289.0,1
18297,2020-02-18 14:14:00,269.40000000000003,1,0,472.2505277777778,2202110.0,2456249.0,0.159416666666666,0,2465860.0,339253.0,1382891.0,1
18297,2020-02-18 14:15:00,266.6,1,0,521.0471666666577,2312806.0,2609324.0,0.159416666666666,0,2621068.0,363754.0,1433981.0,1
18297,2020-02-18 14:16:00,264.8,1,0,549.7762777777778,2401518.0,2704562.0,0.159416666666666,0,2738669.0,385142.0,1490063.0,1
18297,2020-02-18 14:17:00,260.8,1,0,595.3722499999977,2545637.0,2904164.0,0.15988888888889,0,2953097.0,410490.0,1600498.0,1
18297,2020-02-18 14:18:00,260.6,1,0,599.0802499999978,2557961.0,2910924.0,0.15988888888889,0,2967702.0,412866.0,1615293.0,1
18297,2020-02-18 14:19:00,257.8,1,0,636.1141111111178,2695085.0,3090936.0,0.15988888888889,0,3119719.0,436542.0,1708972.0,1
18297,2020-02-18 14:20:00,255.0,1,0,670.4922499999977,2852879.0,3259221.0,0.15988888888889,0,3180223.0,514190.0,1840662.0,1
18297,2020-02-18 14:21:00,254.6,1,0,680.1512499999977,2909494.0,3287340.0,0.15988888888889,0,3181939.0,523710.0,1859226.0,1
18297,2020-02-18 14:22:00,253.0,1,0,688.8526666666578,2972011.0,3418549.0,0.15988888888889,0,3229735.0,533506.0,1938565.0,1
18297,2020-02-18 14:23:00,252.8,1,0,688.8526666666578,2972011.0,3430626.0,0.15988888888889,0,3229735.0,533554.0,1938565.0,1
18297,2020-02-18 14:24:00,251.6,1,0,702.9491666666578,3037947.0,3563408.0,0.15988888888889,0,3300331.0,545131.0,2007712.0,1
18297,2020-02-18 14:25:00,251.2,1,0,703.0512222222178,3037947.0,3577370.0,0.15988888888889,0,3300331.0,545516.0,2007712.0,1
18297,2020-02-18 14:26:00,250.8,1,0,709.4657222222178,3079677.0,3649169.0,0.15988888888889,0,3326899.0,551364.0,2037859.0,1
18297,2020-02-18 14:27:00,248.0,1,0,722.1443333333377,3156221.0,3739494.0,0.15988888888889,0,3416359.0,561936.0,2107019.0,1
18297,2020-02-18 14:28:00,242.4,1,0,756.0701388888978,3446043.0,4101674.0,0.15988888888889,0,3697507.0,595656.0,2277476.0,1
18297,2020-02-18 14:29:00,239.6,1,0,782.4971111111178,3594543.0,4278591.0,0.15988888888889,0,3838207.0,619300.0,2357193.0,1
18297,2020-02-18 14:30:00,236.8,1,0,800.8465833333378,3716432.0,4409852.0,0.15988888888889,0,3960247.0,632746.0,2428225.0,1
18297,2020-02-18 14:31:00,232.8,1,0,843.9271944444378,3867428.0,4605749.0,0.15988888888889,0,4142984.0,654550.0,2530484.0,1
18297,2020-02-18 14:32:00,228.4,1,0,860.9153611111178,3971441.0,4708540.0,0.15988888888889,0,4227488.0,663759.0,2552805.0,1
18297,2020-02-18 14:33:00,221.4,1,0,956.9551388888976,4349312.0,5042744.0,0.15988888888889,0,4466349.0,721155.0,2702774.0,1
18297,2020-02-18 14:34:00,217.2,1,0,1015.2889722222178,4608831.0,5240708.0,0.161444444444444,0,4717605.0,756447.0,2766682.0,1
18297,2020-02-18 14:35:00,210.2,1,0,1152.324277777778,5009712.0,5597896.0,0.181111111111112,0,5157957.0,828048.0,2914479.0,1
18297,2020-02-18 14:36:00,206.4,1,0,1217.9771388888978,5183782.0,5734227.0,0.181361111111112,0,5419449.0,857044.0,2991257.0,1
18297,2020-02-18 14:37:00,203.6,1,0,1276.6734999999978,5295400.0,5831116.0,0.190305555555556,0,5642925.0,876576.0,3053631.0,1
18297,2020-02-18 14:38:00,200.8,1,0,1320.239749999998,5417366.0,5943436.0,0.191944444444444,0,5881473.0,901145.0,3115199.0,1
18297,2020-02-18 14:39:00,200.2,1,0,1337.182222222218,5462346.0,5969605.0,0.191944444444444,0,5954301.0,910033.0,3156045.0,1
18297,2020-02-18 14:40:00,197.4,1,0,1383.678944444438,5589265.0,6127360.0,0.21952777777778,0,6143097.0,935485.0,3222150.0,1
18297,2020-02-18 14:41:00,193.6,1,0,1424.125722222218,5749399.0,6284608.0,0.25094444444444,0,6366921.0,962774.0,3308055.0,1
18297,2020-02-18 14:42:00,190.8,1,0,1452.181361111118,5816765.0,6441557.0,0.25094444444444,0,6531549.0,979659.0,3401903.0,1
18297,2020-02-18 14:43:00,188.0,1,0,1473.666277777778,5939472.0,6612702.0,0.25094444444444,0,6672165.0,999595.0,3505617.0,1
18297,2020-02-18 14:44:00,185.2,1,0,1499.372277777778,6059748.0,6770042.0,0.25094444444444,0,6802833.0,1019679.0,3637619.0,1
18297,2020-02-18 14:45:00,182.4,1,0,1543.9231111111178,6172641.0,6923091.0,0.25094444444444,0,6930549.0,1050500.0,3729256.0,1
18297,2020-02-18 14:46:00,180.2,1,0,1574.3212222222178,6377340.0,7154114.0,0.25094444444444,0,7058289.0,1075424.0,3883826.0,1
18297,2020-02-18 14:47:00,177.0,1,0,1616.601749999998,6573133.0,7361010.0,0.25094444444444,0,7195233.0,1107300.0,4123013.0,1
18297,2020-02-18 14:48:00,173.4,1,0,1645.446166666678,6788075.0,7589433.0,0.25094444444444,0,7349469.0,1130112.0,4238908.0,1
18297,2020-02-18 14:49:00,170.60000000000002,1,0,1675.348611111118,6974534.0,7876356.0,0.25094444444444,0,7472482.0,1158048.0,4493305.0,1
18297,2020-02-18 14:50:00,167.8,1,0,1694.2273888888978,7141611.0,8096082.0,0.25094444444444,0,7627330.0,1178992.0,4619054.0,1
18297,2020-02-18 14:51:00,163.8,1,0,1721.514222222218,7263149.0,8335230.0,0.25094444444444,0,7749766.0,1199057.0,4790537.0,1
18297,2020-02-18 14:52:00,157.4,1,0,1775.743722222218,7603554.0,8725633.0,0.25544444444444,0,8064178.0,1242829.0,5019272.0,1
18297,2020-02-18 14:53:00,148.8,1,0,1918.254055555558,7962523.0,9202851.0,0.25544444444444,0,8565250.0,1317049.0,5313735.0,1
18297,2020-02-18 14:54:00,147.8,1,0,1948.296222222218,8014718.0,9241539.0,0.25611111111112,0,8634874.0,1326341.0,5345377.0,1
18297,2020-02-18 14:56:00,138.8,1,0,2343.814305555558,8946779.0,9411709.0,0.3352222222222318,0,9749254.0,1466010.0,5925997.0,1
18297,2020-02-18 14:57:00,132.20000000000002,1,0,2557.900499999998,9607842.0,9539889.0,0.351444444444454,0,10731430.0,1547758.0,6165925.0,1
18297,2020-02-18 14:58:00,128.60000000000002,1,0,2708.547222222218,10047671.0,9581333.0,0.352277777777786,0,11415106.0,1598106.0,6340775.0,1
18297,2020-02-18 14:59:00,123.4,1,0,2879.301888888878,10628147.0,9669161.0,0.368472222222232,0,12089242.0,1665206.0,6577089.0,1
18297,2020-02-18 15:00:00,122.4,1,0,2879.301888888878,10628147.0,9705535.0,0.368472222222232,0,12089242.0,1665766.0,6577089.0,1
18297,2020-02-18 15:01:00,116.8,1,0,2971.934138888878,11079871.0,9846663.0,0.378166666666676,0,12637150.0,1718954.0,7007779.0,1
18297,2020-02-18 15:02:00,115.60000000000002,1,0,2994.9884999999977,11194115.0,9859091.0,0.388527777777786,0,12767795.0,1731727.0,7163195.0,1
18297,2020-02-18 15:03:00,111.8,1,0,3083.4661111110977,11465022.0,9969890.0,0.453472222222232,0,13181219.0,1774796.0,7650773.0,1
18297,2020-02-18 15:04:00,111.20000000000002,1,0,3089.1924444444376,11497471.0,9998399.0,0.50177777777778,0,13204487.0,1777400.0,7674980.0,1
18297,2020-02-18 15:05:00,109.20000000000002,1,0,3123.7489444444373,11590226.0,10086565.0,0.50461111111112,0,13346831.0,1791828.0,7884320.0,1
18297,2020-02-18 15:06:00,107.8,1,0,3154.847972222218,11738790.0,10152280.0,0.51277777777778,0,13524635.0,1811576.0,8178900.0,1
18297,2020-02-18 15:07:00,107.4,1,0,3160.181749999997,11800151.0,10181868.0,0.51277777777778,0,13563492.0,1816240.0,8225778.0,1
18297,2020-02-18 15:08:00,101.4,1,0,3244.231999999997,12339275.0,10427620.0,0.54658333333334,0,13972596.0,1877885.0,8958484.0,1
18297,2020-02-18 15:09:00,98.20000000000002,1,0,3299.529083333337,12692732.0,10548546.0,0.57236111111112,0,14318293.0,1930390.0,9438666.0,1
18297,2020-02-18 15:10:00,95.0,1,0,3344.1965555555566,13029796.0,10663532.0,0.57461111111112,0,14632933.0,1966107.0,9890884.0,1
18297,2020-02-18 15:11:00,93.4,1,0,3367.7574722222166,13170170.0,10734538.0,0.59497222222224,0,14784337.0,1981619.0,10106931.0,1
18297,2020-02-18 15:12:00,93.20000000000002,1,0,3367.7574722222166,13170170.0,10734538.0,0.59497222222224,0,14784337.0,1981620.0,10106931.0,1
18297,2020-02-18 15:13:00,87.20000000000002,1,0,3455.329555555551,13715117.0,10955369.0,0.645861111111128,0,15340225.0,2043216.0,10989384.0,1
18297,2020-02-18 15:14:00,85.20000000000002,1,0,3474.765222222217,13792091.0,10990911.0,0.669361111111128,0,15445333.0,2068917.0,11152417.0,1
18297,2020-02-18 15:15:00,82.60000000000002,1,0,3497.172638888883,13905387.0,11095171.0,0.669361111111128,0,15575557.0,2085607.0,11417331.0,1
18297,2020-02-18 15:16:00,77.60000000000002,1,0,3606.2124444444366,14271259.0,11213029.0,0.7275555555555738,0,15920941.0,2128023.0,11759309.0,1
18297,2020-02-18 15:17:00,75.80000000000001,1,0,3647.6901666666568,14486214.0,11248233.0,0.764861111111128,0,16093345.0,2148865.0,11876634.0,1
18297,2020-02-18 15:18:00,73.0,1,0,3698.8331944444367,14767508.0,11292030.0,0.7972777777778,0,16377865.0,2175777.0,12035767.0,1
18297,2020-02-18 15:19:00,70.60000000000002,1,0,3752.7548055555567,14976535.0,11347020.0,0.8231666666666798,0,16605193.0,2202341.0,12173138.0,1
18297,2020-02-18 15:20:00,66.4,1,0,3845.285583333336,15370916.0,11386956.0,0.8999722222222398,0,17036701.0,2250225.0,12398792.0,1
18297,2020-02-18 15:21:00,65.20000000000002,1,0,3888.2472777777766,15525343.0,11390141.0,0.9108888888889,0,17192773.0,2265929.0,12429771.0,1
18297,2020-02-18 15:22:00,60.400000000000034,1,0,3974.7128333333326,16018810.0,11466867.0,1.057722222222234,0,17842334.0,2307365.0,12631662.0,1
18297,2020-02-18 15:23:00,59.80000000000001,1,0,3989.3913888888887,16090492.0,11468219.0,1.057722222222234,0,17942798.0,2315357.0,12663551.0,1
18297,2020-02-18 15:24:00,58.60000000000002,1,0,4018.2392222222206,16202904.0,11488980.0,1.068083333333344,0,18114363.0,2326537.0,12724521.0,1
18297,2020-02-18 15:25:00,56.400000000000034,1,0,4049.2571944444426,16385230.0,11515734.0,1.092083333333344,0,18331743.0,2346917.0,12868236.0,1
18297,2020-02-18 15:26:00,56.19999999999999,1,0,4050.2571944444426,16385230.0,11528201.0,1.092083333333344,0,18331743.0,2346969.0,12899255.0,1
18297,2020-02-18 15:27:00,54.60000000000002,1,0,4081.646027777776,16524057.0,11567656.0,1.102277777777788,0,18518512.0,2362241.0,12976917.0,1
18297,2020-02-18 15:28:00,52.0,1,0,4123.146027777777,16775269.0,11613039.0,1.14094444444446,0,18816112.0,2384253.0,13119423.0,1
18297,2020-02-18 15:29:00,50.60000000000002,1,0,4144.072583333336,16960273.0,11640391.0,1.16350000000002,0,18982684.0,2398155.0,13182278.0,1
18297,2020-02-18 15:30:00,50.19999999999999,1,0,4153.653499999997,17042979.0,11640391.0,1.17811111111112,0,19049812.0,2402785.0,13223697.0,1
18297,2020-02-18 15:31:00,49.80000000000001,1,0,4158.834249999997,17056734.0,11642952.0,1.21280555555556,0,19064380.0,2404361.0,13240779.0,1
18297,2020-02-18 15:32:00,49.60000000000002,1,0,4161.561916666657,17070722.0,11673073.0,1.21280555555556,0,19079380.0,2406546.0,13266207.0,1
18297,2020-02-18 15:33:00,48.19999999999999,1,0,4189.194916666657,17173591.0,11707406.0,1.2235555555555602,0,19219576.0,2420575.0,13422090.0,1
18297,2020-02-18 15:34:00,47.400000000000034,1,0,4208.720055555557,17248549.0,11733121.0,1.2373611111111202,0,19327456.0,2432299.0,13509385.0,1
18297,2020-02-18 15:35:00,45.19999999999999,1,0,4249.648388888897,17424894.0,11776269.0,1.2482777777777805,0,19541584.0,2457200.0,13666790.0,1
18297,2020-02-18 15:36:00,45.0,1,0,4263.029944444437,17448398.0,11776309.0,1.2482777777777805,0,19575580.0,2460984.0,13693817.0,1
18297,2020-02-18 15:37:00,44.80000000000001,1,0,4263.029944444437,17450296.0,11777454.0,1.2482777777777805,0,19575580.0,2461082.0,13700590.0,1
18297,2020-02-18 15:38:00,43.400000000000034,1,0,4286.792805555558,17565126.0,11824319.0,1.2499166666666803,0,19717660.0,2475295.0,13829603.0,1
18297,2020-02-18 15:39:00,42.400000000000034,1,0,4308.556972222217,17629554.0,11842324.0,1.2499166666666803,0,19823968.0,2486803.0,13899531.0,1
18297,2020-02-18 15:40:00,41.19999999999999,1,0,4329.760666666657,17692435.0,11865205.0,1.2635000000000205,0,19897708.0,2495616.0,13928820.0,1
18297,2020-02-18 15:41:00,39.60000000000002,1,0,4357.095111111117,17831912.0,11890322.0,1.2959722222222405,0,20096656.0,2515973.0,14129956.0,1
18297,2020-02-18 15:42:00,37.400000000000034,1,0,4406.768916666657,18014419.0,11940047.0,1.3057777777777804,0,20338972.0,2543809.0,14398523.0,1
18297,2020-02-18 15:43:00,36.19999999999999,1,0,4434.261166666658,18124217.0,12010403.0,1.3057777777777804,0,20473180.0,2561393.0,14587752.0,1
18297,2020-02-18 15:44:00,34.80000000000001,1,0,4459.459833333337,18223667.0,12081903.0,1.3303611111111204,0,20610472.0,2576701.0,14703284.0,1
18297,2020-02-18 15:45:00,34.19999999999999,1,0,4462.103555555557,18225110.0,12108124.0,1.3303611111111204,0,20610977.0,2577961.0,14748017.0,1
18297,2020-02-18 15:46:00,28.19999999999999,1,0,4527.824666666657,18573718.0,12391550.0,1.3322777777777803,0,20998409.0,2624953.0,15173572.0,1
18297,2020-02-18 15:47:00,22.19999999999999,1,0,4599.244888888898,18857300.0,12549865.0,1.3403611111111204,0,21536369.0,2689665.0,15591340.0,1
18297,2020-02-18 15:48:00,16.0,1,0,4993.126305555557,19516088.0,12841286.0,1.3619444444444604,0,21841277.0,2956469.0,15946604.0,1
18297,2020-02-18 15:49:00,9.800000000000011,1,0,5437.672055555558,20072242.0,13083126.0,1.3619444444444604,0,21862517.0,3258957.0,16078710.0,1
18297,2020-02-18 15:50:00,4.199999999999989,1,0,5655.498027777778,20300587.0,13222473.0,1.3619444444444604,0,22052333.0,3386394.0,16206786.0,1
18926,2020-02-20 11:50:00,335.6,1,1,4.773361111111081,33488.0,107159.0,0.0,0,277.0,6632.0,34593.0,1
18926,2020-02-20 11:51:00,328.4,1,1,507.6330000000088,943514.0,921414.0,0.034388888888888,0,332461.0,144988.0,569608.0,1
18926,2020-02-20 11:52:00,325.6,1,1,791.7636666666688,1377858.0,1275209.0,0.048222222222222,0,490981.0,222069.0,771693.0,1
18926,2020-02-20 11:53:00,325.4,1,1,815.9266944444489,1408252.0,1304186.0,0.048222222222222,0,501577.0,232034.0,818792.0,1
18926,2020-02-20 11:54:00,325.2,1,1,857.7797222222288,1507208.0,1316068.0,0.050583333333334,0,528889.0,245807.0,900835.0,1
18926,2020-02-20 11:55:00,324.79999999999995,1,1,857.7797222222288,1507208.0,1347879.0,0.050583333333334,0,528925.0,245996.0,900836.0,1
18926,2020-02-20 11:56:00,318.4,1,1,1291.6475833333288,2332955.0,1885455.0,0.099611111111112,0,859153.0,376041.0,1371943.0,1
18926,2020-02-20 11:57:00,312.6,1,1,1642.4397222222287,2963663.0,2289495.0,0.21336111111112,0,1151725.0,506549.0,1845481.0,1
18926,2020-02-20 11:58:00,306.79999999999995,1,1,2179.811055555489,3578966.0,2617420.0,0.39558333333334,0,1463845.0,655905.0,2194323.0,1
18926,2020-02-20 11:59:00,303.6,1,1,2452.201222222289,3795728.0,2877499.0,0.40858333333334,0,1686685.0,738706.0,2427400.0,1
18926,2020-02-20 12:00:00,297.2,1,1,2999.053388888889,4319226.0,3158299.0,0.45186111111112,0,2067961.0,886387.0,2689675.0,1
18926,2020-02-20 12:01:00,294.4,1,1,3287.4175000000887,4471665.0,3234310.0,0.50036111111112,0,2273605.0,949751.0,2737684.0,1
18926,2020-02-20 12:02:00,291.6,1,1,3571.234583333289,4720641.0,3345434.0,0.51183333333334,0,2470621.0,1028329.0,2818557.0,1
18926,2020-02-20 12:03:00,291.4,1,1,3610.275472222289,4725048.0,3358486.0,0.51186111111112,0,2481517.0,1031590.0,2824056.0,1
18926,2020-02-20 12:04:00,291.2,1,1,3630.8404166666887,4730118.0,3364116.0,0.51186111111112,0,2501461.0,1039738.0,2827735.0,1
18926,2020-02-20 12:05:00,290.6,1,1,3667.5189166666887,4753571.0,3389506.0,0.52297222222222,0,2523577.0,1044787.0,2834417.0,1
18926,2020-02-20 12:06:00,290.0,1,1,3757.460472222289,4796406.0,3407057.0,0.53308333333334,0,2577925.0,1066579.0,2848978.0,1
18926,2020-02-20 12:07:00,288.79999999999995,1,1,3858.038611111089,4814216.0,3430002.0,0.53577777777778,0,2645713.0,1098827.0,2893386.0,1
18926,2020-02-20 12:08:00,282.79999999999995,1,1,4552.1609166666885,5292096.0,3660856.0,0.56808333333334,0,3042422.0,1247963.0,3109914.0,1
18926,2020-02-20 12:09:00,278.6,1,1,4814.28125000009,5491620.0,3834042.0,0.58091666666666,0,3215318.0,1311307.0,3195792.0,1
18926,2020-02-20 12:10:00,278.4,1,1,4821.30030555549,5511458.0,3864839.0,0.58091666666666,0,3217418.0,1314675.0,3242371.0,1
18926,2020-02-20 12:11:00,273.6,1,1,5323.418611111088,5796951.0,4128857.0,0.67805555555556,0,3538070.0,1414164.0,3404728.0,1
18926,2020-02-20 12:12:00,266.79999999999995,1,1,5923.433722222288,6421965.0,4410230.0,0.74875,0,3970562.0,1567188.0,3521923.0,1
18926,2020-02-20 12:13:00,257.79999999999995,1,1,6550.259333333289,6886286.0,4857339.0,0.78455555555556,0,4408010.0,1758133.0,3987206.0,1
18926,2020-02-20 12:14:00,251.4,1,1,7047.570083333288,7378739.0,5178426.0,0.82677777777778,0,4714358.0,1923694.0,4391780.0,1
18926,2020-02-20 12:15:00,248.6,1,1,7352.225527777688,7636763.0,5393888.0,0.82677777777778,0,4937187.0,1996806.0,4581880.0,1
18926,2020-02-20 12:16:00,247.8,1,1,7454.69419444449,7736733.0,5499500.0,0.83247222222222,0,4999731.0,2029346.0,4677807.0,1
18926,2020-02-20 12:17:00,247.0,1,1,7503.03630555549,7787615.0,5516985.0,0.83625,0,5031975.0,2039455.0,4682825.0,1
18926,2020-02-20 12:18:00,246.6,1,1,7549.48575000009,7885544.0,5567686.0,0.83802777777778,0,5074599.0,2054621.0,4706134.0,1
18926,2020-02-20 12:19:00,246.2,1,1,7590.62475000009,7935607.0,5580062.0,0.83802777777778,0,5095803.0,2066991.0,4760475.0,1
18926,2020-02-20 12:20:00,245.8,1,1,7592.57205555549,7938169.0,5601629.0,0.83802777777778,0,5096547.0,2067487.0,4764869.0,1
18926,2020-02-20 12:21:00,239.8,1,1,8198.809361111089,8480698.0,5943594.0,0.84144444444444,0,5525979.0,2215895.0,5040144.0,1
18926,2020-02-20 12:22:00,233.0,1,1,8754.084250000089,8876653.0,6329851.0,0.86833333333334,0,5877927.0,2333379.0,5337363.0,1
18926,2020-02-20 12:23:00,232.2,1,1,8787.69325000009,8908776.0,6382528.0,0.86833333333334,0,5913243.0,2342831.0,5359775.0,1
18926,2020-02-20 12:24:00,227.8,1,1,9144.266083333288,9180879.0,6621651.0,0.87783333333334,0,6139023.0,2426171.0,5500461.0,1
18926,2020-02-20 12:25:00,221.6,1,1,9605.698250000089,9446326.0,6882405.0,0.88047222222222,0,6391107.0,2527424.0,5734695.0,1
18926,2020-02-20 12:26:00,215.6,1,1,10153.03175000009,9786354.0,7118199.0,0.88202777777778,0,6752368.0,2660937.0,5915122.0,1
18926,2020-02-20 12:27:00,208.0,1,1,10529.177194444488,10214327.0,7359739.0,0.88202777777778,0,7080028.0,2761137.0,6093899.0,1
18926,2020-02-20 12:28:00,202.0,1,1,11129.56022222229,10502654.0,7694112.0,0.89491666666666,0,7474648.0,2895030.0,6462683.0,1
18926,2020-02-20 12:29:00,201.0,1,1,11231.46238888889,10575299.0,7732579.0,0.89511111111112,0,7530628.0,2916334.0,6468104.0,1
18926,2020-02-20 12:30:00,195.8,1,1,11705.608250000088,11046588.0,8045580.0,0.91175,0,7859417.0,3078314.0,6675155.0,1
18926,2020-02-20 12:31:00,194.6,1,1,11791.247666666688,11221282.0,8182496.0,0.91175,0,7921481.0,3127826.0,6763867.0,1
18926,2020-02-20 12:32:00,194.4,1,1,11810.160000000087,11221283.0,8183029.0,0.91175,0,7932185.0,3129962.0,6763867.0,1
18926,2020-02-20 12:33:00,188.4,1,1,12287.958972222288,11940898.0,8644087.0,0.918,0,8282537.0,3278411.0,7072982.0,1
18926,2020-02-20 12:34:00,182.4,1,1,12603.318861111087,12674917.0,8972610.0,0.92183333333334,0,8561993.0,3369980.0,7524615.0,1
18926,2020-02-20 12:35:00,179.2,1,1,12821.731277777688,13086029.0,9226085.0,0.92183333333334,0,8749877.0,3435672.0,7767312.0,1
18926,2020-02-20 12:36:00,178.99999999999997,1,1,12821.731277777688,13114213.0,9227438.0,0.92183333333334,0,8749878.0,3435672.0,7767313.0,1
18926,2020-02-20 12:37:00,178.79999999999998,1,1,12822.9708888888,13114213.0,9242856.0,0.92183333333334,0,8749879.0,3436996.0,7779118.0,1
18926,2020-02-20 12:38:00,171.59999999999997,1,1,13119.501555555467,13512806.0,9765534.0,0.9267222222222288,0,8970871.0,3543392.0,8178530.0,1
18926,2020-02-20 12:39:00,168.39999999999998,1,1,13373.586666666568,13898399.0,10006554.0,0.946305555555562,0,9152995.0,3655257.0,8360101.0,1
18926,2020-02-20 12:40:00,162.99999999999997,1,1,13637.775333333248,14323499.0,10201359.0,0.946305555555562,0,9330511.0,3720494.0,8604229.0,1
18926,2020-02-20 12:41:00,156.2,1,1,14064.359138888807,14667986.0,10459539.0,0.949972222222228,0,9669511.0,3842834.0,8812191.0,1
18926,2020-02-20 12:42:00,151.79999999999998,1,1,14308.151972222127,14939076.0,10665199.0,0.950750000000006,0,9868699.0,3932994.0,9002264.0,1
18926,2020-02-20 12:43:00,149.99999999999997,1,1,14483.240083333249,14999097.0,10735763.0,0.950750000000006,0,9974815.0,3971090.0,9046607.0,1
18926,2020-02-20 12:44:00,148.59999999999997,1,1,14588.750944444346,15057481.0,10794394.0,0.954750000000006,0,10034191.0,3992078.0,9126271.0,1
18926,2020-02-20 12:45:00,148.39999999999998,1,1,14621.329222222126,15072938.0,10803715.0,0.954750000000006,0,10056823.0,4005342.0,9164257.0,1
18926,2020-02-20 12:46:00,148.2,1,1,14621.329222222126,15072938.0,10805665.0,0.954750000000006,0,10056823.0,4005364.0,9169964.0,1
18926,2020-02-20 12:47:00,146.2,1,1,14717.953388888807,15169385.0,10893142.0,0.954750000000006,0,10135543.0,4041197.0,9227255.0,1
18926,2020-02-20 12:48:00,144.2,1,1,14920.736277777689,15268133.0,10946767.0,0.954750000000006,0,10251451.0,4087295.0,9288849.0,1
18926,2020-02-20 12:49:00,143.99999999999997,1,1,14922.113638888888,15273242.0,10949718.0,0.954750000000006,0,10251895.0,4087859.0,9288849.0,1
18926,2020-02-20 12:50:00,141.59999999999997,1,1,15066.255111111088,15432232.0,11017929.0,0.9592500000000062,0,10362679.0,4140568.0,9329071.0,1
18926,2020-02-20 12:51:00,135.2,1,1,15432.738388888887,15649813.0,11257169.0,1.0240555555555622,0,10535443.0,4222616.0,9513606.0,1
18926,2020-02-20 12:52:00,130.79999999999998,1,1,15752.167111111086,15893563.0,11427898.0,1.0326111111111185,0,10760671.0,4318580.0,9614330.0,1
18926,2020-02-20 12:53:00,127.79999999999998,1,1,16028.386666666487,16274086.0,11543351.0,1.0476111111111182,0,10941151.0,4390028.0,9732201.0,1
18926,2020-02-20 12:54:00,127.2,1,1,16087.077638888888,16321653.0,11563124.0,1.0476111111111182,0,10966411.0,4399037.0,9742342.0,1
18926,2020-02-20 12:55:00,120.99999999999996,1,1,16530.94613888883,16995573.0,11804833.0,1.062000000000007,0,11200304.0,4557777.0,10008999.0,1
18926,2020-02-20 12:56:00,117.59999999999997,1,1,16762.25211111105,17366125.0,12041732.0,1.0675833333333404,0,11377088.0,4640398.0,10313277.0,1
18926,2020-02-20 12:57:00,117.39999999999998,1,1,16763.25211111105,17366125.0,12041732.0,1.0675833333333404,0,11377088.0,4640398.0,10313277.0,1
18926,2020-02-20 12:58:00,111.2,1,1,17196.71449999993,17722611.0,12455834.0,1.087500000000006,0,11602208.0,4766254.0,10677589.0,1
18926,2020-02-20 12:59:00,106.99999999999996,1,1,17420.98947222215,17968493.0,12717511.0,1.087500000000006,0,11743964.0,4841251.0,10926734.0,1
18926,2020-02-20 13:00:00,101.59999999999997,1,1,17607.87094444437,18213452.0,12902124.0,1.100750000000006,0,11871104.0,4913519.0,11120343.0,1
18926,2020-02-20 13:01:00,96.59999999999997,1,1,17884.14686111105,18645078.0,13154350.0,1.112944444444452,0,12128024.0,5055567.0,11262979.0,1
18926,2020-02-20 13:02:00,94.79999999999998,1,1,18009.344499999937,18780733.0,13232363.0,1.112944444444452,0,12213152.0,5089393.0,11326445.0,1
18926,2020-02-20 13:03:00,93.39999999999998,1,1,18068.297916666605,18836893.0,13345814.0,1.112944444444452,0,12260072.0,5110062.0,11379108.0,1
18926,2020-02-20 13:04:00,93.2,1,1,18068.297916666605,18836893.0,13354264.0,1.112944444444452,0,12260072.0,5110063.0,11379108.0,1
18926,2020-02-20 13:05:00,87.19999999999999,1,1,18494.38233333328,19294597.0,13550318.0,1.1338055555555642,0,12555441.0,5227603.0,11502725.0,1
18926,2020-02-20 13:06:00,83.99999999999997,1,1,18695.099249999937,19485385.0,13647155.0,1.13522222222223,0,12725697.0,5292732.0,11555804.0,1
18926,2020-02-20 13:07:00,79.19999999999999,1,1,19063.283638888835,19485385.0,13647155.0,1.1356388888888962,0,12725698.0,5292733.0,11555804.0,1
18926,2020-02-20 13:08:00,77.59999999999997,1,1,19220.22872222216,19635834.0,13704836.0,1.1356388888888962,0,12812662.0,5326077.0,11619530.0,1
18926,2020-02-20 13:09:00,73.0,1,1,19561.95327777772,19952891.0,13841141.0,1.144444444444452,0,13088566.0,5407456.0,11694697.0,1
18926,2020-02-20 13:10:00,72.79999999999995,1,1,19592.06566666662,19960639.0,13846276.0,1.144444444444452,0,13102942.0,5417253.0,11698766.0,1
18926,2020-02-20 13:11:00,65.19999999999999,1,1,19842.81958333328,20072569.0,14027405.0,1.1488611111111182,0,13325279.0,5497253.0,11829573.0,1
18926,2020-02-20 13:12:00,63.0,1,1,19990.5141111111,20252815.0,14124996.0,1.1488888888888962,0,13488179.0,5543450.0,11927008.0,1
18926,2020-02-20 13:13:00,62.79999999999996,1,1,19991.5141111111,20252815.0,14128103.0,1.1488888888888962,0,13488179.0,5543453.0,11927008.0,1
18926,2020-02-20 13:14:00,59.39999999999998,1,1,20185.2486111111,20450740.0,14263732.0,1.150611111111118,0,13651308.0,5619017.0,12089795.0,1
18926,2020-02-20 13:15:00,53.39999999999998,1,1,20643.5411388889,20864102.0,14540918.0,1.159138888888896,0,13965480.0,5731366.0,12288942.0,1
18926,2020-02-20 13:16:00,47.0,1,1,21034.4123055555,21195836.0,14779507.0,1.171416666666674,0,14257512.0,5836043.0,12722180.0,1
18926,2020-02-20 13:17:00,44.79999999999996,1,1,21267.7146944443,21498398.0,14879282.0,1.180111111111118,0,14388084.0,5911295.0,12936043.0,1
18926,2020-02-20 13:18:00,43.19999999999999,1,1,21426.8976666667,21673183.0,14957516.0,1.180111111111118,0,14471784.0,5957727.0,13006022.0,1
18926,2020-02-20 13:19:00,42.79999999999996,1,1,21426.8976666667,21681373.0,14978147.0,1.180111111111118,0,14471785.0,5957787.0,13012730.0,1
18926,2020-02-20 13:20:00,37.79999999999996,1,1,21712.3670833333,22192078.0,15270907.0,1.18672222222223,0,14712517.0,6063803.0,13313628.0,1
18926,2020-02-20 13:21:00,34.39999999999998,1,1,21910.1103055555,22431265.0,15426166.0,1.188694444444452,0,14867593.0,6155760.0,13403562.0,1
18926,2020-02-20 13:22:00,33.39999999999998,1,1,21925.3144722221,22448152.0,15474955.0,1.189000000000008,0,14880506.0,6161732.0,13445773.0,1
18926,2020-02-20 13:23:00,28.0,1,1,22228.853194444306,22795005.0,15846924.0,1.193416666666674,0,15180614.0,6265229.0,13778170.0,1
18926,2020-02-20 13:24:00,21.799999999999955,1,1,22537.3409166667,23117054.0,16158521.0,1.1980000000000082,0,15567134.0,6383545.0,14131575.0,1
18926,2020-02-20 13:25:00,21.399999999999977,1,1,22568.9518888889,23155145.0,16191294.0,1.1980000000000082,0,15651470.0,6397789.0,14146434.0,1
18926,2020-02-20 13:26:00,15.399999999999975,1,1,22906.4587499999,23673092.0,16450008.0,1.199416666666674,0,15934538.0,6496725.0,14458044.0,1
18926,2020-02-20 13:27:00,9.199999999999989,1,1,23186.162472222102,23890569.0,16583180.0,1.2082777777777862,0,16060395.0,6559133.0,14530350.0,1
18926,2020-02-20 13:28:00,2.0,1,1,23506.5366388889,24136581.0,16723996.0,1.2124166666666742,0,16097224.0,6651177.0,14648169.0,1
18926,2020-02-20 13:29:00,0.3999999999999772,1,1,23556.027388888902,24189114.0,16787111.0,1.2124166666666742,0,16098484.0,6667110.0,14694488.0,1
20021,2020-02-23 04:29:00,315.4,1,0,257.35736111111555,573742.0,460083.0,0.0,0,98340.0,189533.0,358501.0,1
20021,2020-02-23 04:30:00,311.2,1,0,437.6352777777755,893542.0,594711.0,0.0,0,172164.0,330163.0,513695.0,1
20021,2020-02-23 04:31:00,310.2,1,0,481.89447222221554,992446.0,637443.0,0.0,0,190164.0,359147.0,586249.0,1
20021,2020-02-23 04:32:00,300.79999999999995,1,0,804.0029166666756,1547157.0,917567.0,0.0,0,323581.0,592544.0,857924.0,1
20021,2020-02-23 04:33:00,296.79999999999995,1,0,877.6258611111156,1772629.0,1020502.0,0.0023888888888888,0,366914.0,657028.0,960689.0,1
20021,2020-02-23 04:34:00,294.2,1,0,943.6648055555556,2018602.0,1067016.0,0.024972222222222,0,407439.0,713637.0,1010050.0,1
20021,2020-02-23 04:35:00,288.2,1,0,1300.6113333333356,2372228.0,1374375.0,0.024972222222222,0,602163.0,821593.0,1235613.0,1
20021,2020-02-23 04:36:00,282.2,1,0,1595.8252499999955,2945229.0,1832235.0,0.028472222222222,0,745335.0,937102.0,1574419.0,1
20021,2020-02-23 04:37:00,276.2,1,0,1866.110527777776,3765503.0,2249770.0,0.031472222222222,0,888207.0,1145007.0,2059124.0,1
20021,2020-02-23 04:38:00,267.0,1,0,2275.766361111116,5242550.0,3001274.0,0.031472222222222,0,1117095.0,1464755.0,2978159.0,1
20021,2020-02-23 04:39:00,265.6,1,0,2333.6678888888955,5655742.0,3174187.0,0.031472222222222,0,1137555.0,1524223.0,3208975.0,1
20021,2020-02-23 04:40:00,262.79999999999995,1,0,2412.230833333336,6009017.0,3411255.0,0.0374999999999998,0,1195732.0,1574368.0,3386490.0,1
20021,2020-02-23 04:41:00,261.79999999999995,1,0,2438.813083333336,6057507.0,3499370.0,0.0378888888888886,0,1206436.0,1584592.0,3419731.0,1
20021,2020-02-23 04:43:00,256.0,1,0,2781.538083333335,6679726.0,4018031.0,0.0527777777777776,0,1435648.0,1707973.0,3939458.0,1
20021,2020-02-23 04:44:00,253.2,1,0,2979.103222222215,7027581.0,4366133.0,0.0527777777777776,0,1536220.0,1776734.0,4561352.0,1
20021,2020-02-23 04:45:00,250.4,1,0,3156.721499999995,7312112.0,4899160.0,0.0546111111111108,0,1679189.0,1832551.0,4864109.0,1
20021,2020-02-23 04:46:00,247.0,1,0,3398.463416666675,7505916.0,5598417.0,0.0571666666666662,0,1803065.0,1892012.0,5178320.0,1
20021,2020-02-23 04:47:00,246.6,1,0,3421.450444444455,7563779.0,5771408.0,0.0571666666666662,0,1823933.0,1899420.0,5228500.0,1
20021,2020-02-23 04:48:00,243.8,1,0,3562.089388888895,7849103.0,6334698.0,0.0571666666666662,0,1912937.0,1958330.0,5421719.0,1
20021,2020-02-23 04:49:00,240.4,1,0,3688.682555555555,8142461.0,6911690.0,0.0661944444444446,0,1991405.0,2029550.0,5673295.0,1
20021,2020-02-23 04:50:00,237.6,1,0,3792.575583333335,8344052.0,7187343.0,0.0661944444444446,0,2052209.0,2062147.0,5899028.0,1
20021,2020-02-23 04:51:00,232.0,1,0,4012.329833333335,8620277.0,7462111.0,0.0986388888888886,0,2199089.0,2137292.0,6222754.0,1
20021,2020-02-23 04:52:00,230.4,1,0,4118.050999999994,8717751.0,7568490.0,0.0989722222222226,0,2253018.0,2163224.0,6296984.0,1
20021,2020-02-23 04:53:00,227.6,1,0,4339.999416666675,8848414.0,7686036.0,0.1055555555555546,0,2342034.0,2209356.0,6435356.0,1
20021,2020-02-23 04:54:00,224.8,1,0,4504.272722222136,9192537.0,7823654.0,0.1130000000000006,0,2426598.0,2254989.0,6562730.0,1
20021,2020-02-23 04:55:00,221.8,1,0,4728.139138888936,9360861.0,7963976.0,0.1483055555555544,0,2562691.0,2299470.0,6659476.0,1
20021,2020-02-23 04:56:00,219.0,1,0,4923.855749999936,9615154.0,8057680.0,0.1515833333333324,0,2663707.0,2356115.0,6771263.0,1
20021,2020-02-23 04:57:00,216.0,1,0,5136.830083333335,9981546.0,8139723.0,0.2230277777777784,0,2762156.0,2424623.0,6853761.0,1
20021,2020-02-23 04:58:00,213.2,1,0,5325.901361111135,10198828.0,8272466.0,0.2431666666666684,0,2853476.0,2468119.0,7007109.0,1
20021,2020-02-23 04:59:00,210.2,1,0,5503.322194444535,10407595.0,8420653.0,0.2532777777777684,0,2967464.0,2505923.0,7101593.0,1
20021,2020-02-23 05:00:00,207.4,1,0,5709.054083333334,10667804.0,8578889.0,0.2722777777777684,0,3072608.0,2543884.0,7230540.0,1
20021,2020-02-23 05:01:00,204.6,1,0,5865.068277777736,10900309.0,8712868.0,0.2722777777777684,0,3159008.0,2607877.0,7385357.0,1
20021,2020-02-23 05:02:00,199.6,1,0,6172.035999999936,11490041.0,8986011.0,0.2990277777777684,0,3367028.0,2692150.0,7655576.0,1
20021,2020-02-23 05:04:00,196.4,1,0,6407.742722222154,11812974.0,9179503.0,0.3560277777777684,0,3514940.0,2762892.0,7934582.0,1
20021,2020-02-23 05:05:00,193.6,1,0,6574.196388888814,12201882.0,9334645.0,0.4687222222222124,0,3633056.0,2803817.0,8234115.0,1
20021,2020-02-23 05:06:00,190.8,1,0,6717.622916666594,12506134.0,9447875.0,0.4907222222222124,0,3725469.0,2840838.0,8419833.0,1
20021,2020-02-23 05:07:00,188.0,1,0,6896.075055555494,13135867.0,9569568.0,0.5347499999999884,0,3880138.0,2885630.0,8679431.0,1
20021,2020-02-23 05:08:00,186.6,1,0,7006.528972222154,13448101.0,9704326.0,0.5578055555555486,0,3973342.0,2914055.0,8938508.0,1
20021,2020-02-23 05:09:00,185.2,1,0,7068.566833333266,13695114.0,9753336.0,0.6111388888888826,0,4031651.0,2930507.0,9037529.0,1
20021,2020-02-23 05:10:00,183.8,1,0,7137.947333333266,13885382.0,9821534.0,0.6254444444444366,0,4077611.0,2948479.0,9261870.0,1
20021,2020-02-23 05:11:00,183.6,1,0,7138.947333333266,13885382.0,9829789.0,0.6254444444444366,0,4077611.0,2948652.0,9261870.0,1
20021,2020-02-23 05:12:00,180.8,1,0,7354.365499999934,14515349.0,10058745.0,0.7394722222222144,0,4214315.0,3011721.0,9971189.0,1
20021,2020-02-23 05:13:00,177.99999999999997,1,0,7490.550499999936,14784007.0,10200523.0,0.9470833333333284,0,4301004.0,3052009.0,10202342.0,1
20021,2020-02-23 05:14:00,175.2,1,0,7655.008249999934,15335844.0,10355717.0,1.1278611111111083,0,4459764.0,3098421.0,10527316.0,1
20021,2020-02-23 05:15:00,172.59999999999997,1,0,7828.480999999934,15796889.0,10529475.0,1.2181666666666686,0,4603800.0,3153578.0,10791099.0,1
20021,2020-02-23 05:16:00,169.59999999999997,1,0,7925.882472222154,16066834.0,10645422.0,1.444416666666669,0,4685557.0,3196610.0,10981900.0,1
20021,2020-02-23 05:17:00,166.79999999999998,1,0,8058.612361111034,16528698.0,10888769.0,1.6321944444444283,0,4776805.0,3267454.0,11152356.0,1
20021,2020-02-23 05:18:00,163.99999999999997,1,0,8215.381166666593,16788087.0,11184832.0,1.6349722222222085,0,4871269.0,3322088.0,11310150.0,1
20021,2020-02-23 05:19:00,161.2,1,0,8326.424749999933,17184756.0,11389595.0,1.6397777777777685,0,4939861.0,3358810.0,11440618.0,1
20021,2020-02-23 05:20:00,159.99999999999997,1,0,8363.503222222153,17316667.0,11474043.0,1.6397777777777685,0,4962349.0,3382154.0,11546997.0,1
20021,2020-02-23 05:21:00,159.39999999999998,1,0,8378.756999999932,17373243.0,11525835.0,1.6443055555555486,0,4979281.0,3391666.0,11616937.0,1
20021,2020-02-23 05:22:00,156.59999999999997,1,0,8524.442666666599,17645151.0,11763410.0,1.6485277777777707,0,5057869.0,3445294.0,11790643.0,1
20021,2020-02-23 05:23:00,153.79999999999998,1,0,8697.757972222153,17879970.0,11964598.0,1.6485277777777707,0,5143693.0,3496783.0,11912922.0,1
20021,2020-02-23 05:24:00,150.99999999999997,1,0,8822.354222222153,18080989.0,12131908.0,1.6522777777777706,0,5221405.0,3547683.0,12006418.0,1
20021,2020-02-23 05:25:00,148.2,1,0,8958.246027777714,18280513.0,12263806.0,1.658999999999993,0,5277409.0,3608859.0,12103971.0,1
20021,2020-02-23 05:26:00,145.39999999999998,1,0,9153.477972222154,18517503.0,12463305.0,1.658999999999993,0,5373110.0,3657355.0,12218813.0,1
20021,2020-02-23 05:27:00,143.2,1,0,9288.965277777714,18746901.0,12599896.0,1.6620277777777708,0,5452491.0,3705268.0,12332056.0,1
20021,2020-02-23 05:28:00,140.39999999999998,1,0,9442.597611111054,19020629.0,12750735.0,1.6676944444444366,0,5529219.0,3757668.0,12456570.0,1
20021,2020-02-23 05:29:00,137.59999999999997,1,0,9585.909749999932,19217917.0,12866214.0,1.6687499999999926,0,5588907.0,3807397.0,12541772.0,1
20021,2020-02-23 05:30:00,134.79999999999998,1,0,9730.689222222154,19476201.0,13002858.0,1.6715277777777706,0,5665659.0,3857414.0,12669719.0,1
20021,2020-02-23 05:31:00,131.99999999999997,1,0,9874.069361111056,19744027.0,13172833.0,1.6792499999999926,0,5748387.0,3906698.0,12843933.0,1
20021,2020-02-23 05:32:00,128.39999999999998,1,0,10054.672749999934,20201796.0,13414985.0,1.6862499999999925,0,5858031.0,3970723.0,13056250.0,1
20021,2020-02-23 05:33:00,128.2,1,0,10072.860583333277,20255356.0,13429350.0,1.6862499999999925,0,5866803.0,3976479.0,13091325.0,1
20021,2020-02-23 05:34:00,125.39999999999998,1,0,10168.669777777715,20671708.0,13628653.0,1.6903055555555484,0,5932263.0,4022219.0,13368316.0,1
20021,2020-02-23 05:35:00,122.59999999999997,1,0,10259.854527777716,21055897.0,13917683.0,1.6921111111111045,0,5995371.0,4067868.0,13751452.0,1
20021,2020-02-23 05:36:00,119.79999999999998,1,0,10406.750305555535,21600637.0,14270997.0,1.6921111111111045,0,6091023.0,4131569.0,14140660.0,1
20021,2020-02-23 05:38:00,116.59999999999997,1,0,10487.812694444336,22165046.0,14574118.0,1.6946666666666603,0,6127311.0,4163694.0,15144325.0,1
20021,2020-02-23 05:39:00,113.79999999999998,1,0,10569.144944444335,22545062.0,14941134.0,1.697472222222216,0,6183387.0,4203166.0,15432328.0,1
20021,2020-02-23 05:40:00,110.99999999999996,1,0,10702.446055555454,23054104.0,15157051.0,1.699222222222216,0,6249207.0,4255438.0,15702312.0,1
20021,2020-02-23 05:41:00,108.2,1,0,10808.681083333217,23450474.0,15372903.0,1.7043611111111048,0,6329775.0,4312547.0,15912210.0,1
20021,2020-02-23 05:42:00,105.39999999999998,1,0,10889.607944444337,23758366.0,15718859.0,1.705083333333327,0,6392703.0,4349291.0,16109719.0,1
20021,2020-02-23 05:43:00,102.59999999999997,1,0,11011.737388888774,24178370.0,15883491.0,1.7080277777777717,0,6475683.0,4406124.0,16343719.0,1
20021,2020-02-23 05:44:00,99.79999999999998,1,0,11134.151888888777,24531671.0,16078296.0,1.7116388888888827,0,6566548.0,4464740.0,16545115.0,1
20021,2020-02-23 05:45:00,96.99999999999996,1,0,11249.285361110997,24926013.0,16294447.0,1.7182777777777725,0,6637228.0,4530872.0,16806402.0,1
20021,2020-02-23 05:46:00,93.59999999999997,1,0,11430.730277777677,25359160.0,16439605.0,1.7259722222222165,0,6730288.0,4603606.0,17068365.0,1
20021,2020-02-23 05:47:00,90.79999999999998,1,0,11563.891361110997,25586153.0,16544840.0,1.7358333333333265,0,6831784.0,4650934.0,17182674.0,1
20021,2020-02-23 05:48:00,89.99999999999997,1,0,11592.374555555454,25660592.0,16567564.0,1.7392222222222165,0,6853444.0,4660066.0,17251951.0,1
20021,2020-02-23 05:49:00,87.19999999999999,1,0,11744.923611110997,25905473.0,16677310.0,1.7399166666666606,0,6947980.0,4707566.0,17325037.0,1
20021,2020-02-23 05:50:00,86.39999999999998,1,0,11835.054388888777,26040881.0,16736928.0,1.7399166666666606,0,6988972.0,4734419.0,17415297.0,1
20021,2020-02-23 05:51:00,86.19999999999999,1,0,11835.054388888777,26040881.0,16736929.0,1.7399166666666606,0,6988972.0,4734421.0,17415297.0,1
20021,2020-02-23 05:52:00,83.39999999999998,1,0,11947.54222222211,26234295.0,16885896.0,1.7484722222222162,0,7043644.0,4784521.0,17489111.0,1
20021,2020-02-23 05:53:00,80.59999999999997,1,0,12066.039333333216,26627259.0,17038217.0,1.7558888888888828,0,7103488.0,4834810.0,17612065.0,1
20021,2020-02-23 05:54:00,77.19999999999999,1,0,12205.842694444336,26913819.0,17180308.0,1.757749999999994,0,7182196.0,4911503.0,17863758.0,1
20021,2020-02-23 05:55:00,74.39999999999998,1,0,12320.603833333216,27145271.0,17297451.0,1.7634722222222166,0,7259416.0,4961188.0,18005211.0,1
20021,2020-02-23 05:56:00,73.39999999999998,1,0,12376.895972222115,27237155.0,17339636.0,1.7640833333333266,0,7305989.0,4977196.0,18020564.0,1
20021,2020-02-23 05:57:00,72.99999999999997,1,0,12389.221055555436,27279002.0,17350764.0,1.7649722222222166,0,7310705.0,4984361.0,18051257.0,1
20021,2020-02-23 05:58:00,72.39999999999998,1,0,12434.354055555435,27331835.0,17375828.0,1.7649722222222166,0,7350762.0,4999698.0,18095926.0,1
20021,2020-02-23 05:59:00,71.59999999999997,1,0,12460.387749999898,27353298.0,17410057.0,1.7649722222222166,0,7369639.0,5011459.0,18103622.0,1
20021,2020-02-23 06:00:00,70.39999999999998,1,0,12524.313277777655,27415516.0,17449421.0,1.7679166666666606,0,7406420.0,5031752.0,18138801.0,1
20021,2020-02-23 06:01:00,70.19999999999999,1,0,12545.108111110998,27424811.0,17456091.0,1.7679166666666606,0,7419140.0,5039769.0,18173316.0,1
20021,2020-02-23 06:02:00,67.59999999999997,1,0,12685.592999999895,27603925.0,17537991.0,1.777083333333327,0,7502972.0,5097030.0,18252682.0,1
20021,2020-02-23 06:03:00,66.79999999999995,1,0,12743.200611110997,27673670.0,17587885.0,1.777083333333327,0,7540305.0,5121627.0,18318515.0,1
20021,2020-02-23 06:04:00,66.59999999999997,1,0,12757.429472222117,27676102.0,17589315.0,1.777083333333327,0,7546773.0,5124407.0,18318515.0,1
20021,2020-02-23 06:05:00,66.19999999999999,1,0,12766.753805555436,27703948.0,17615068.0,1.7784444444444387,0,7557141.0,5127472.0,18335701.0,1
20021,2020-02-23 06:06:00,63.599999999999966,1,0,12934.922611110997,28057366.0,17828762.0,1.7817222222222169,0,7652026.0,5200437.0,18464583.0,1
20021,2020-02-23 06:07:00,62.0,1,0,13002.673944444336,28200145.0,17953796.0,1.7817222222222169,0,7696426.0,5228537.0,18594661.0,1
20021,2020-02-23 06:08:00,59.19999999999999,1,0,13148.371916666558,28447353.0,18092766.0,1.7862499999999946,0,7775698.0,5280837.0,18741470.0,1
20021,2020-02-23 06:09:00,56.39999999999998,1,0,13303.931749999898,28759015.0,18313610.0,1.7884722222222165,0,7876882.0,5369066.0,18890021.0,1
20021,2020-02-23 06:10:00,55.79999999999996,1,0,13360.945972222118,28958981.0,18379637.0,1.7884722222222165,0,7892074.0,5384051.0,18914669.0,1
20021,2020-02-23 06:11:00,55.19999999999999,1,0,13402.907361110998,29042766.0,18489097.0,1.7884722222222165,0,7913434.0,5408455.0,18999611.0,1
20021,2020-02-23 06:12:00,54.39999999999998,1,0,13444.353999999896,29253821.0,18604004.0,1.7884722222222165,0,7930798.0,5436075.0,19133394.0,1
20021,2020-02-23 06:13:00,50.599999999999966,1,0,13585.644472222117,29797975.0,18937272.0,1.7890555555555483,0,8003770.0,5531259.0,19414129.0,1
20021,2020-02-23 06:14:00,47.79999999999996,1,0,13677.583166666556,30238714.0,19346499.0,1.7913888888888825,0,8081062.0,5579926.0,19747982.0,1
20021,2020-02-23 06:15:00,45.0,1,0,13757.818555555436,30576090.0,19672942.0,1.7926111111111045,0,8136395.0,5616355.0,20029627.0,1
20021,2020-02-23 06:16:00,43.79999999999996,1,0,13784.540999999896,30733949.0,19765320.0,1.7940833333333266,0,8159735.0,5627151.0,20101557.0,1
20021,2020-02-23 06:17:00,42.39999999999998,1,0,13820.220249999897,30959773.0,20026243.0,1.7940833333333266,0,8181275.0,5652957.0,20160499.0,1
20021,2020-02-23 06:18:00,42.0,1,0,13834.657888888774,31016467.0,20072159.0,1.7940833333333266,0,8191979.0,5666077.0,20227787.0,1
20021,2020-02-23 06:19:00,40.599999999999966,1,0,13900.493277777574,31188249.0,20428983.0,1.7940833333333266,0,8229599.0,5688710.0,20328589.0,1
20021,2020-02-23 06:20:00,37.79999999999996,1,0,14043.976749999974,31657290.0,20939272.0,1.7940833333333266,0,8307047.0,5763450.0,20629669.0,1
20021,2020-02-23 06:21:00,37.19999999999999,1,0,14060.040861110974,31682524.0,21044586.0,1.7940833333333266,0,8321784.0,5779334.0,20719096.0,1
20021,2020-02-23 06:22:00,34.39999999999998,1,0,14213.599027777576,32097342.0,21633044.0,1.7940833333333266,0,8403468.0,5843690.0,21205400.0,1
20021,2020-02-23 06:23:00,33.599999999999966,1,0,14273.876416666575,32143792.0,21754906.0,1.7940833333333266,0,8431309.0,5860511.0,21335218.0,1
20021,2020-02-23 06:24:00,33.0,1,0,14312.118416666575,32290225.0,21881240.0,1.7940833333333266,0,8460542.0,5887932.0,21426231.0,1
20021,2020-02-23 06:25:00,30.0,1,0,14482.604583333175,32681851.0,22147545.0,1.7940833333333266,0,8567522.0,5957004.0,21576940.0,1
20021,2020-02-23 06:26:00,29.59999999999997,1,0,14565.732055555376,32741729.0,22197751.0,1.7940833333333266,0,8601554.0,5966265.0,21624689.0,1
20021,2020-02-23 06:27:00,26.799999999999955,1,0,14699.847249999975,33122213.0,22389436.0,1.7940833333333266,0,8678630.0,6037298.0,21776516.0,1
20021,2020-02-23 06:28:00,26.19999999999999,1,0,14748.249583333178,33253383.0,22426031.0,1.7940833333333266,0,8711114.0,6065542.0,21812435.0,1
20021,2020-02-23 06:29:00,23.399999999999977,1,0,14886.834777777578,33662649.0,22636644.0,1.7940833333333266,0,8794370.0,6130246.0,21947622.0,1
20021,2020-02-23 06:30:00,22.59999999999997,1,0,14925.570611110978,33761839.0,22682703.0,1.7940833333333266,0,8816355.0,6147842.0,21986765.0,1
20021,2020-02-23 06:31:00,19.799999999999955,1,0,15116.006944444378,34044693.0,22850534.0,1.7940833333333266,0,8927811.0,6207491.0,22135446.0,1
20021,2020-02-23 06:32:00,18.59999999999997,1,0,15170.918999999978,34197313.0,22891081.0,1.7940833333333266,0,8962335.0,6233336.0,22200238.0,1
20021,2020-02-23 06:33:00,18.399999999999977,1,0,15184.43041666658,34232387.0,22910698.0,1.7940833333333266,0,8976292.0,6241032.0,22206348.0,1
20021,2020-02-23 06:34:00,17.399999999999977,1,0,15244.13905555538,34350687.0,22948099.0,1.7940833333333266,0,9026308.0,6268800.0,22239070.0,1
20021,2020-02-23 06:35:00,17.0,1,0,15262.52255555538,34395862.0,22979234.0,1.7940833333333266,0,9032344.0,6274464.0,22249158.0,1
20021,2020-02-23 06:36:00,14.199999999999989,1,0,15373.816638888778,34681095.0,23134520.0,1.7960833333333266,0,9108556.0,6332173.0,22369512.0,1
20021,2020-02-23 06:37:00,13.199999999999989,1,0,15438.07377777758,34820546.0,23174339.0,1.7960833333333266,0,9145876.0,6365349.0,22429104.0,1
20021,2020-02-23 06:38:00,12.599999999999966,1,0,15462.499472222178,34891227.0,23208945.0,1.7960833333333266,0,9162748.0,6375456.0,22445406.0,1
20021,2020-02-23 06:39:00,9.799999999999956,1,0,15571.926333333178,35108743.0,23326179.0,1.7960833333333266,0,9240292.0,6435085.0,22544466.0,1
20021,2020-02-23 06:40:00,9.0,1,0,15607.595305555378,35160886.0,23344990.0,1.7960833333333266,0,9261208.0,6455285.0,22576121.0,1
20021,2020-02-23 06:41:00,8.199999999999989,1,0,15632.81924999998,35224898.0,23397562.0,1.7960833333333266,0,9280049.0,6476479.0,22615174.0,1
20021,2020-02-23 06:42:00,7.399999999999977,1,0,15667.343111110978,35252939.0,23480463.0,1.7960833333333266,0,9296405.0,6486987.0,22666304.0,1
20021,2020-02-23 06:43:00,4.599999999999966,1,0,15869.202888888778,35692222.0,23758923.0,1.7964722222222167,0,9404597.0,6571872.0,23063454.0,1
20021,2020-02-23 06:44:00,1.7999999999999543,1,0,16028.37480555538,36206996.0,23995523.0,1.8015555555555487,0,9480689.0,6680608.0,23278383.0,1
20021,2020-02-23 06:45:00,1.1999999999999886,1,0,16088.588638888776,36289312.0,24020145.0,1.8015555555555487,0,9508506.0,6711949.0,23346451.0,1
20021,2020-02-23 06:46:00,0.3999999999999772,1,0,16099.841444444375,36380988.0,24035667.0,1.8015555555555487,0,9509995.0,6742417.0,23394005.0,1
20021,2020-02-23 06:47:00,0.1999999999999886,1,0,16099.841444444375,36380988.0,24036785.0,1.8015555555555487,0,9509995.0,6742434.0,23394005.0,1
20417,2020-02-23 23:07:00,317.8,1,1,0.180555555555556,0.0,23244.0,0.0,0,48.0,552.0,0.0,0
20417,2020-02-23 23:08:00,311.6,1,1,179.19188888889,345112.0,543309.0,0.0,0,254748.0,64492.0,296075.0,0
20417,2020-02-23 23:09:00,311.0,1,1,196.219805555556,380888.0,611273.0,0.0006666666666666,0,299436.0,74492.0,340614.0,0
20417,2020-02-23 23:10:00,310.2,1,1,210.35833333334,399921.0,675143.0,0.0006666666666666,0,324360.0,78192.0,345905.0,0
20417,2020-02-23 23:11:00,303.40000000000003,1,1,424.68127777778,693136.0,1028093.0,0.0006666666666666,0,545952.0,134405.0,672725.0,0
20417,2020-02-23 23:12:00,301.2,1,1,545.4255,811033.0,1174967.0,0.0006666666666666,0,665352.0,173926.0,764713.0,0
20417,2020-02-23 23:13:00,295.6,1,1,740.97527777778,1086763.0,1411528.0,0.0006666666666666,0,911424.0,227707.0,938771.0,0
20417,2020-02-23 23:14:00,290.6,1,1,902.25363888888,1483562.0,1713856.0,0.0006666666666666,0,1088148.0,276857.0,1299820.0,0
20417,2020-02-23 23:15:00,288.6,1,1,986.09727777778,1757628.0,1802334.0,0.0006666666666666,0,1224924.0,302350.0,1389520.0,0
20417,2020-02-23 23:16:00,288.2,1,1,986.87369444444,1757654.0,1809536.0,0.0006666666666666,0,1224960.0,303142.0,1389521.0,0
20417,2020-02-23 23:17:00,286.40000000000003,1,1,1022.397472222218,1833392.0,1881686.0,0.0006666666666666,0,1261896.0,315998.0,1416184.0,0
20417,2020-02-23 23:18:00,285.2,1,1,1071.875222222218,1870169.0,1910728.0,0.0006666666666666,0,1330392.0,324455.0,1451011.0,0
20417,2020-02-23 23:20:00,280.8,1,1,1190.8356111111002,2067874.0,2078571.0,0.0006666666666666,0,1483596.0,360451.0,1575902.0,0
20417,2020-02-23 23:21:00,278.0,1,1,1268.40991666666,2181338.0,2185704.0,0.0006666666666666,0,1594416.0,379075.0,1633102.0,0
20417,2020-02-23 23:22:00,275.2,1,1,1320.0933611111002,2265864.0,2313403.0,0.0006666666666666,0,1643712.0,400219.0,1712571.0,0
20417,2020-02-23 23:23:00,272.2,1,1,1400.89483333332,2432095.0,2539473.0,0.0006666666666666,0,1747488.0,425141.0,1835448.0,0
20417,2020-02-23 23:24:00,269.40000000000003,1,1,1476.30005555556,2632815.0,2688401.0,0.0006666666666666,0,1809960.0,452957.0,1917180.0,0
20417,2020-02-23 23:25:00,266.6,1,1,1570.24438888888,2751467.0,2870479.0,0.0006666666666666,0,1927944.0,477253.0,2030293.0,0
20417,2020-02-23 23:26:00,263.8,1,1,1700.3620833333198,2945219.0,3053870.0,0.0006666666666666,0,2042880.0,510166.0,2214321.0,0
20417,2020-02-23 23:27:00,261.0,1,1,1747.94058333332,3084982.0,3300818.0,0.0006666666666666,0,2143921.0,531194.0,2364796.0,0
20417,2020-02-23 23:28:00,259.6,1,1,1771.38152777778,3118821.0,3432768.0,0.0006666666666666,0,2174557.0,538034.0,2415977.0,0
20417,2020-02-23 23:29:00,255.4,1,1,1786.5952777777798,3220988.0,3577484.0,0.0006666666666666,0,2208325.0,548599.0,2498124.0,0
20417,2020-02-23 23:30:00,255.0,1,1,1802.16466666666,3251175.0,3608346.0,0.0006666666666666,0,2232241.0,552923.0,2518482.0,0
20417,2020-02-23 23:31:00,254.2,1,1,1804.41858333332,3251669.0,3653976.0,0.0006666666666666,0,2232386.0,554567.0,2541584.0,0
20417,2020-02-23 23:32:00,253.6,1,1,1818.42616666666,3309987.0,3733367.0,0.0006666666666666,0,2260815.0,561580.0,2576749.0,0
20417,2020-02-23 23:33:00,253.4,1,1,1822.3613333333265,3328616.0,3784210.0,0.0006666666666666,0,2264487.0,563728.0,2615840.0,0
20417,2020-02-23 23:34:00,251.2,1,1,1864.071861111104,3457628.0,4117647.0,0.0006666666666666,0,2347311.0,585012.0,2746529.0,0
20417,2020-02-23 23:35:00,248.2,1,1,1911.63741666666,3618919.0,4342261.0,0.0006666666666666,0,2428311.0,602924.0,2864322.0,0
20417,2020-02-23 23:36:00,244.2,1,1,2049.07583333332,3864060.0,4638180.0,0.002361111111111,0,2558200.0,646548.0,3117471.0,0
20417,2020-02-23 23:37:00,241.4,1,1,2121.06963888888,4007411.0,4898648.0,0.002361111111111,0,2630080.0,667186.0,3277579.0,0
20417,2020-02-23 23:38:00,240.4,1,1,2176.48377777778,4051533.0,4955874.0,0.002361111111111,0,2663560.0,675028.0,3314135.0,0
20417,2020-02-23 23:39:00,240.0,1,1,2183.79169444444,4071215.0,4996954.0,0.002361111111111,0,2678260.0,676269.0,3334169.0,0
20417,2020-02-23 23:40:00,237.2,1,1,2249.97958333332,4234287.0,5230369.0,0.002361111111111,0,2752684.0,696682.0,3500153.0,0
20417,2020-02-23 23:41:00,233.4,1,1,2305.9843611111,4377014.0,5430829.0,0.002361111111111,0,2874268.0,715274.0,3692501.0,0
20417,2020-02-23 23:42:00,231.2,1,1,2351.06116666666,4447942.0,5570319.0,0.002361111111111,0,2944864.0,733894.0,3782540.0,0
20417,2020-02-23 23:43:00,229.0,1,1,2407.66097222222,4554854.0,5658394.0,0.002361111111111,0,2998684.0,752122.0,3873748.0,0
20417,2020-02-23 23:44:00,226.0,1,1,2474.11016666666,4669215.0,5786210.0,0.002361111111111,0,3098597.0,767544.0,3951800.0,0
20417,2020-02-23 23:45:00,223.6,1,1,2540.4980555555403,4790336.0,5915404.0,0.002361111111111,0,3225137.0,784369.0,4096334.0,0
20417,2020-02-23 23:46:00,222.2,1,1,2597.20625,4845781.0,5988724.0,0.002361111111111,0,3291690.0,795886.0,4135607.0,0
20417,2020-02-23 23:47:00,219.4,1,1,2673.45133333332,4985037.0,6131438.0,0.0554444444444446,0,3372270.0,825856.0,4221030.0,0
20417,2020-02-23 23:48:00,216.4,1,1,2793.85088888888,5175579.0,6287711.0,0.0554444444444446,0,3537738.0,859357.0,4344699.0,0
20417,2020-02-23 23:49:00,212.2,1,1,2914.6312500000004,5349065.0,6460065.0,0.0575000000000006,0,3677947.0,894413.0,4521057.0,0
20417,2020-02-23 23:50:00,209.4,1,1,3002.0345,5505312.0,6610072.0,0.0575000000000006,0,3772987.0,917849.0,4639604.0,0
20417,2020-02-23 23:51:00,206.6,1,1,3076.3988611111004,5640967.0,6759416.0,0.0575000000000006,0,3893804.0,941485.0,4757449.0,0
20417,2020-02-23 23:52:00,203.6,1,1,3166.8825555555404,5814140.0,6943925.0,0.0575000000000006,0,4039244.0,966574.0,4951123.0,0
20417,2020-02-23 23:53:00,200.8,1,1,3216.9275833333204,5907441.0,7101421.0,0.0575000000000006,0,4129664.0,984110.0,5002070.0,0
20417,2020-02-23 23:54:00,200.4,1,1,3245.4147222222205,5955658.0,7141331.0,0.0575000000000006,0,4167572.0,988955.0,5023832.0,0
20417,2020-02-23 23:55:00,199.8,1,1,3256.59925,5998142.0,7181930.0,0.0575000000000006,0,4170284.0,995183.0,5030267.0,0
20417,2020-02-23 23:56:00,197.0,1,1,3324.1075,6223978.0,7406518.0,0.0575000000000006,0,4264808.0,1026307.0,5164765.0,0
20417,2020-02-23 23:57:00,196.0,1,1,3374.08047222222,6319827.0,7468424.0,0.0575000000000006,0,4323813.0,1042944.0,5243597.0,0
20417,2020-02-23 23:58:00,192.8,1,1,3482.4787222222203,6519585.0,7703503.0,0.0575000000000006,0,4496805.0,1070044.0,5356853.0,0
20417,2020-02-23 23:59:00,189.2,1,1,3630.64494444444,6703522.0,8081595.0,0.0575000000000006,0,4691997.0,1115325.0,5594961.0,0
20417,2020-02-24 00:00:00,186.4,1,1,3738.148138888881,6954799.0,8301114.0,0.0575000000000006,0,4843833.0,1145758.0,5804716.0,0
20417,2020-02-24 00:01:00,182.8,1,1,3773.2417500000006,7003068.0,8377333.0,0.0575000000000006,0,4886553.0,1156550.0,5862124.0,0
20417,2020-02-24 00:02:00,180.0,1,1,3865.099027777861,7289342.0,8683302.0,0.0575000000000006,0,4993161.0,1192546.0,6058489.0,0
20417,2020-02-24 00:03:00,177.20000000000002,1,1,3939.82433333326,7500371.0,8944914.0,0.0575000000000006,0,5073213.0,1223967.0,6274653.0,0
20417,2020-02-24 00:04:00,173.4,1,1,4078.570444444461,7973233.0,9433818.0,0.0575000000000006,0,5235609.0,1293347.0,6628591.0,0
20417,2020-02-24 00:05:00,167.4,1,1,4269.7413611110605,8394420.0,9934969.0,0.0575000000000006,0,5470989.0,1344408.0,7001665.0,0
20417,2020-02-24 00:06:00,166.8,1,1,4287.443472222261,8480012.0,10014204.0,0.0575000000000006,0,5488797.0,1357552.0,7058345.0,0
20417,2020-02-24 00:07:00,160.4,1,1,4460.406583333373,8818805.0,10462626.0,0.0575000000000006,0,5703334.0,1410184.0,7282413.0,0
20417,2020-02-24 00:08:00,154.20000000000002,1,1,4708.696583333382,9167569.0,10881759.0,0.0575000000000006,0,5968006.0,1473156.0,7593100.0,0
20417,2020-02-24 00:09:00,148.0,1,1,4897.865277777822,9467141.0,11237933.0,0.0575000000000006,0,6201202.0,1532984.0,7935507.0,0
20417,2020-02-24 00:10:00,142.0,1,1,5026.6654166667,9649713.0,11587776.0,0.0575000000000006,0,6406114.0,1573765.0,8221313.0,0
20417,2020-02-24 00:11:00,140.4,1,1,5095.712833333381,9728415.0,11749392.0,0.0575000000000006,0,6461434.0,1587065.0,8356734.0,0
20417,2020-02-24 00:12:00,139.8,1,1,5115.687444444482,9756223.0,11778265.0,0.0575000000000006,0,6480574.0,1594665.0,8394304.0,0
20417,2020-02-24 00:13:00,139.4,1,1,5118.298805555602,9762321.0,11796283.0,0.0575000000000006,0,6481966.0,1594973.0,8395734.0,0
20417,2020-02-24 00:14:00,135.8,1,1,5295.716694444482,9961455.0,11983471.0,0.0575000000000006,0,6655702.0,1628306.0,8542296.0,0
20417,2020-02-24 00:15:00,129.60000000000002,1,1,5508.8737777778215,10340197.0,12399601.0,0.0575000000000006,0,6912886.0,1680642.0,8842466.0,0
20417,2020-02-24 00:16:00,123.60000000000002,1,1,5685.6119166667,10721241.0,12851598.0,0.064083333333334,0,7149154.0,1743939.0,9258310.0,0
20417,2020-02-24 00:17:00,117.60000000000002,1,1,5838.5284444444815,11038142.0,13396650.0,0.064083333333334,0,7385338.0,1799596.0,9569452.0,0
20417,2020-02-24 00:18:00,109.8,1,1,5948.722388888922,11345618.0,13965842.0,0.064083333333334,0,7593346.0,1845882.0,9922519.0,0
20417,2020-02-24 00:19:00,108.4,1,1,5977.983277777822,11479349.0,14153718.0,0.064083333333334,0,7675343.0,1858470.0,10038492.0,0
20417,2020-02-24 00:20:00,104.20000000000002,1,1,6073.039250000042,11791531.0,14775144.0,0.064083333333334,0,7869695.0,1892794.0,10373437.0,0
20417,2020-02-24 00:21:00,103.60000000000002,1,1,6082.711277777822,11820404.0,14910981.0,0.064083333333334,0,7901267.0,1899442.0,10497106.0,0
20417,2020-02-24 00:22:00,98.20000000000002,1,1,6215.520361111142,12094743.0,15327280.0,0.064083333333334,0,8203607.0,1948294.0,10712400.0,0
20417,2020-02-24 00:23:00,91.8,1,1,6423.957305555662,12513694.0,15836594.0,0.064083333333334,0,8538647.0,2010091.0,11018563.0,0
20417,2020-02-24 00:24:00,85.80000000000001,1,1,6601.032277777862,12777127.0,16193731.0,0.064083333333334,0,8979996.0,2063284.0,11250743.0,0
20417,2020-02-24 00:25:00,83.20000000000002,1,1,6680.005750000062,12910884.0,16337121.0,0.064083333333334,0,9130788.0,2085242.0,11333800.0,0
20417,2020-02-24 00:26:00,77.20000000000002,1,1,6856.157722222262,13180985.0,16619546.0,0.064083333333334,0,9497508.0,2140327.0,11572935.0,0
20417,2020-02-24 00:27:00,74.4,1,1,6887.293888888862,13228188.0,16671026.0,0.1255555555555566,0,9547956.0,2148402.0,11610376.0,0
20417,2020-02-24 00:28:00,73.80000000000001,1,1,6909.548277777862,13243463.0,16680178.0,0.1481666666666666,0,9586164.0,2153323.0,11620711.0,0
20417,2020-02-24 00:29:00,70.4,1,1,6975.211750000083,13380938.0,16840429.0,0.1481666666666666,0,9650724.0,2176767.0,11709956.0,0
20417,2020-02-24 00:30:00,64.4,1,1,7206.652250000081,13668719.0,17097907.0,0.1481666666666666,0,9904332.0,2238217.0,11874731.0,0
20417,2020-02-24 00:31:00,58.400000000000034,1,1,7381.04566666674,13918904.0,17422673.0,0.1481666666666666,0,10119924.0,2285665.0,12151293.0,0
20417,2020-02-24 00:32:00,52.400000000000034,1,1,7570.194305555641,14208727.0,17827247.0,0.1481666666666666,0,10465920.0,2343549.0,12323387.0,0
20417,2020-02-24 00:33:00,46.400000000000034,1,1,7723.317777777861,14453933.0,18163817.0,0.1481666666666666,0,10773204.0,2388321.0,12530009.0,0
20417,2020-02-24 00:34:00,44.0,1,1,7802.480361111202,14601873.0,18380176.0,0.1481666666666666,0,10876249.0,2413247.0,12647750.0,0
20417,2020-02-24 00:35:00,43.0,1,1,7821.462638888981,14634698.0,18458566.0,0.1481666666666666,0,10920841.0,2419719.0,12677221.0,0
20417,2020-02-24 00:36:00,37.0,1,1,7940.530083333422,14964573.0,18825596.0,0.1481666666666666,0,11090138.0,2463159.0,12953094.0,0
20417,2020-02-24 00:37:00,31.0,1,1,8073.054833333424,15304861.0,19355138.0,0.1481666666666666,0,11238806.0,2517827.0,13248337.0,0
20417,2020-02-24 00:38:00,28.600000000000023,1,1,8125.6936111112,15458599.0,19596782.0,0.1481666666666666,0,11303223.0,2531233.0,13341872.0,0
20417,2020-02-24 00:39:00,27.600000000000023,1,1,8139.938805555642,15494050.0,19718566.0,0.1481666666666666,0,11311971.0,2535741.0,13374450.0,0
20417,2020-02-24 00:40:00,22.0,1,1,8325.987361111202,15898038.0,20154586.0,0.1481666666666666,0,11435775.0,2585931.0,13707003.0,0
20417,2020-02-24 00:41:00,16.0,1,1,8450.551777777862,16172000.0,20489765.0,0.1481666666666666,0,11464203.0,2625101.0,13901782.0,0
20417,2020-02-24 00:42:00,12.600000000000025,1,1,8542.035444444522,16364492.0,20760465.0,0.1481666666666666,0,11467468.0,2648554.0,14002571.0,0
20417,2020-02-24 00:43:00,12.400000000000034,1,1,8543.035444444522,16364492.0,20762389.0,0.1481666666666666,0,11467469.0,2648554.0,14002572.0,0
20417,2020-02-24 00:44:00,6.400000000000034,1,1,8670.880000000081,16702298.0,21123321.0,0.1481666666666666,0,11469798.0,2700746.0,14157831.0,0
20417,2020-02-24 00:45:00,4.800000000000011,1,1,8707.049472222301,16789554.0,21241543.0,0.1481666666666666,0,11469798.0,2714915.0,14206828.0,0
20417,2020-02-24 00:46:00,2.400000000000034,1,1,8746.99241666674,16874704.0,21336326.0,0.1481666666666666,0,11469798.0,2727921.0,14304666.0,0
20417,2020-02-24 00:47:00,1.1999999999999886,1,1,8795.824416666741,16966783.0,21436699.0,0.1481666666666666,0,11469798.0,2738349.0,14356146.0,0
20951,2020-02-25 03:45:00,283.6,1,1,0.36558333333334,0.0,27001.0,0.0,0,60.0,508.0,0.0,0
20951,2020-02-25 03:46:00,282.20000000000005,1,1,64.364805555556,86476.0,131041.0,0.0003055555555554,0,62844.0,22733.0,74360.0,0
20951,2020-02-25 03:47:00,277.20000000000005,1,1,219.47616666666,337532.0,618411.0,0.096527777777778,0,295956.0,62465.0,301951.0,0
20951,2020-02-25 03:48:00,275.8,1,1,242.61058333334,416988.0,738128.0,0.110194444444444,0,343548.0,80081.0,343174.0,0
20951,2020-02-25 03:49:00,273.20000000000005,1,1,295.15652777778,561613.0,890449.0,0.120277777777778,0,444180.0,105649.0,406562.0,0
20951,2020-02-25 03:50:00,267.6,1,1,469.48838888888,1143779.0,1208078.0,0.18513888888889,0,740952.0,170418.0,723645.0,0
20951,2020-02-25 03:51:00,262.0,1,1,605.16447222222,1560468.0,1539916.0,0.22638888888888,0,963733.0,210534.0,1061802.0,0
20951,2020-02-25 03:52:00,259.8,1,1,660.43294444444,1946100.0,1657501.0,0.30736111111112,0,1084633.0,228103.0,1186914.0,0
20951,2020-02-25 03:53:00,258.40000000000003,1,1,685.72911111112,1970267.0,1720980.0,0.30736111111112,0,1138262.0,240610.0,1247377.0,0
20951,2020-02-25 03:54:00,257.40000000000003,1,1,707.08813888888,2037022.0,1773968.0,0.30813888888888,0,1177370.0,253723.0,1286221.0,0
20951,2020-02-25 03:55:00,257.0,1,1,707.75583333334,2050815.0,1781768.0,0.30813888888888,0,1177371.0,256155.0,1305162.0,0
20951,2020-02-25 03:56:00,254.2,1,1,715.2402222222288,2052414.0,1824889.0,0.30813888888888,0,1188339.0,259219.0,1307359.0,0
20951,2020-02-25 03:57:00,251.40000000000003,1,1,791.719388888896,2232985.0,2137981.0,0.328444444444436,0,1368351.0,287027.0,1565643.0,0
20951,2020-02-25 03:58:00,248.40000000000003,1,1,878.484777777784,2367236.0,2379053.0,0.375722222222214,0,1553235.0,318031.0,1751036.0,0
20951,2020-02-25 03:59:00,248.00000000000003,1,1,896.635361111118,2378390.0,2433446.0,0.375722222222214,0,1598535.0,325207.0,1761995.0,0
20951,2020-02-25 04:00:00,245.2,1,1,977.05636111112,2571206.0,2680381.0,0.411361111111102,0,1769583.0,353928.0,1881998.0,0
20951,2020-02-25 04:01:00,244.8,1,1,991.66475,2595672.0,2689780.0,0.411361111111102,0,1779063.0,359924.0,1898405.0,0
20951,2020-02-25 04:02:00,241.8,1,1,1084.03561111112,2732965.0,2825643.0,0.425055555555546,0,1952356.0,391748.0,1982944.0,0
20951,2020-02-25 04:04:00,236.40000000000003,1,1,1270.16866666668,3077907.0,3266968.0,0.451555555555546,0,2316928.0,454924.0,2423423.0,0
20951,2020-02-25 04:05:00,236.00000000000003,1,1,1277.96694444446,3085915.0,3302419.0,0.451555555555546,0,2333765.0,460294.0,2433941.0,0
20951,2020-02-25 04:06:00,235.6,1,1,1301.66961111112,3093819.0,3310389.0,0.47488888888888,0,2372801.0,462710.0,2441208.0,0
20951,2020-02-25 04:07:00,235.2,1,1,1311.39672222222,3116387.0,3367875.0,0.47488888888888,0,2394101.0,467258.0,2456613.0,0
20951,2020-02-25 04:08:00,231.8,1,1,1380.59866666668,3272842.0,3659751.0,0.47488888888888,0,2550858.0,495714.0,2704992.0,0
20951,2020-02-25 04:09:00,231.00000000000003,1,1,1413.74283333334,3295111.0,3751648.0,0.480249999999992,0,2632086.0,503507.0,2741938.0,0
20951,2020-02-25 04:10:00,227.2,1,1,1431.8345,3385331.0,3894141.0,0.492583333333324,0,2660706.0,510143.0,2838463.0,0
20951,2020-02-25 04:11:00,225.40000000000003,1,1,1471.7375,3455583.0,4143741.0,0.492583333333324,0,2764554.0,528363.0,3053172.0,0
20951,2020-02-25 04:12:00,223.40000000000003,1,1,1497.65708333334,3582190.0,4493012.0,0.501055555555546,0,2855850.0,541815.0,3268712.0,0
20951,2020-02-25 04:13:00,220.40000000000003,1,1,1569.18208333334,3919333.0,4889317.0,0.52347222222222,0,2996622.0,575676.0,3518221.0,0
20951,2020-02-25 04:14:00,217.6,1,1,1664.89286111112,4079286.0,5038128.0,0.55913888888888,0,3170202.0,604281.0,3641903.0,0
20951,2020-02-25 04:15:00,216.40000000000003,1,1,1716.5935555555602,4164554.0,5136798.0,0.55913888888888,0,3240210.0,620861.0,3706695.0,0
20951,2020-02-25 04:16:00,215.00000000000003,1,1,1730.7688611111205,4212225.0,5357877.0,0.55913888888888,0,3299779.0,629298.0,3783629.0,0
20951,2020-02-25 04:17:00,212.6,1,1,1787.3538888889002,4322517.0,5598508.0,0.55913888888888,0,3425827.0,651479.0,3887032.0,0
20951,2020-02-25 04:18:00,212.00000000000003,1,1,1812.68894444446,4329849.0,5678575.0,0.56294444444444,0,3455551.0,654471.0,3931973.0,0
20951,2020-02-25 04:19:00,210.8,1,1,1865.10261111112,4429637.0,5797369.0,0.57527777777776,0,3531283.0,670542.0,4048375.0,0
20951,2020-02-25 04:20:00,208.40000000000003,1,1,1914.04819444446,4540176.0,6013065.0,0.57527777777776,0,3606991.0,688982.0,4136203.0,0
20951,2020-02-25 04:21:00,207.6,1,1,1930.54447222222,4554619.0,6105703.0,0.57527777777776,0,3632240.0,697850.0,4149905.0,0
20951,2020-02-25 04:22:00,207.00000000000003,1,1,1963.2336388889,4580307.0,6160095.0,0.57527777777776,0,3652341.0,714586.0,4232260.0,0
20951,2020-02-25 04:23:00,203.8,1,1,2087.5162777777805,4706966.0,6306046.0,0.59627777777776,0,3859558.0,751750.0,4312717.0,0
20951,2020-02-25 04:24:00,201.00000000000003,1,1,2191.4153333333406,4800072.0,6448553.0,0.60316666666666,0,4017502.0,785098.0,4351301.0,0
20951,2020-02-25 04:25:00,198.2,1,1,2271.3512500000006,4859534.0,6568790.0,0.60972222222222,0,4178818.0,803299.0,4420930.0,0
20951,2020-02-25 04:26:00,195.40000000000003,1,1,2355.5756111111205,4958464.0,6748762.0,0.64402777777776,0,4345402.0,831380.0,4531924.0,0
20951,2020-02-25 04:27:00,193.00000000000003,1,1,2452.84555555556,5347828.0,6924886.0,0.67227777777776,0,4490723.0,853249.0,4701561.0,0
20951,2020-02-25 04:28:00,191.8,1,1,2489.55930555556,5417729.0,7054678.0,0.6898611111110998,0,4565627.0,864981.0,4990161.0,0
20951,2020-02-25 04:29:00,188.40000000000003,1,1,2602.96197222224,5731549.0,7220897.0,0.69383333333332,0,4773516.0,897991.0,5175970.0,0
20951,2020-02-25 04:30:00,185.6,1,1,2697.84308333334,5872456.0,7348050.0,0.7068055555555398,0,4922556.0,930815.0,5244012.0,0
20951,2020-02-25 04:31:00,182.8,1,1,2804.02513888894,5993811.0,7483276.0,0.7316388888888798,0,5075964.0,949879.0,5300107.0,0
20951,2020-02-25 04:32:00,180.00000000000003,1,1,2927.91969444454,6237015.0,7585391.0,0.7345277777777598,0,5272993.0,986628.0,5422762.0,0
20951,2020-02-25 04:33:00,177.20000000000002,1,1,3028.97474999994,6421875.0,7742743.0,0.7345277777777598,0,5403158.0,1027749.0,5549798.0,0
20951,2020-02-25 04:34:00,175.8,1,1,3063.64955555554,6475318.0,7812696.0,0.7345277777777598,0,5469266.0,1041537.0,5570299.0,0
20951,2020-02-25 04:35:00,173.00000000000003,1,1,3188.78886111114,6623388.0,7980435.0,0.7352222222222198,0,5682434.0,1087481.0,5654422.0,0
20951,2020-02-25 04:36:00,172.40000000000003,1,1,3208.76524999994,6651962.0,8047437.0,0.7352222222222198,0,5741426.0,1091754.0,5667345.0,0
20951,2020-02-25 04:37:00,172.20000000000002,1,1,3216.62244444454,6670812.0,8071696.0,0.7352222222222198,0,5751182.0,1095206.0,5687625.0,0
20951,2020-02-25 04:38:00,172.00000000000003,1,1,3216.62244444454,6670812.0,8074452.0,0.7352222222222198,0,5751182.0,1095227.0,5687626.0,0
20951,2020-02-25 04:39:00,169.20000000000002,1,1,3353.40763888894,6815191.0,8292176.0,0.7354444444444398,0,5994819.0,1132784.0,5800831.0,0
20951,2020-02-25 04:40:00,166.20000000000002,1,1,3427.32061111114,6965705.0,8526787.0,0.7354444444444398,0,6144159.0,1158109.0,5910538.0,0
20951,2020-02-25 04:41:00,163.40000000000003,1,1,3496.44588888894,7062530.0,8686947.0,0.7354444444444398,0,6295540.0,1179669.0,5996793.0,0
20951,2020-02-25 04:42:00,162.20000000000002,1,1,3578.80458333334,7156156.0,8784954.0,0.7354444444444398,0,6416608.0,1205465.0,6029189.0,0
20951,2020-02-25 04:43:00,159.40000000000003,1,1,3661.71655555554,7344305.0,9022594.0,0.7380555555555398,0,6621137.0,1231325.0,6152442.0,0
20951,2020-02-25 04:44:00,155.8,1,1,3699.17452777774,7407043.0,9223145.0,0.7457777777777598,0,6718865.0,1244901.0,6365642.0,0
20951,2020-02-25 04:45:00,153.00000000000003,1,1,3728.45233333334,7530465.0,9567554.0,0.7585277777777598,0,6832110.0,1253773.0,6511932.0,0
20951,2020-02-25 04:46:00,152.00000000000003,1,1,3757.11266666674,7580606.0,9668513.0,0.76080555555554,0,6896766.0,1261485.0,6580403.0,0
20951,2020-02-25 04:47:00,149.20000000000002,1,1,3815.77616666674,7777998.0,10194845.0,0.77805555555554,0,7059462.0,1277925.0,6827273.0,0
20951,2020-02-25 04:48:00,143.20000000000002,1,1,4002.3959722223008,8274637.0,10834328.0,0.787499999999984,0,7465363.0,1335764.0,7707491.0,0
20951,2020-02-25 04:49:00,142.40000000000003,1,1,4019.24444444452,8395043.0,10944984.0,0.787499999999984,0,7527932.0,1340420.0,7778172.0,0
20951,2020-02-25 04:50:00,137.40000000000003,1,1,4221.84002777786,8594450.0,11358332.0,0.800944444444428,0,7875944.0,1389464.0,8046089.0,0
20951,2020-02-25 04:51:00,137.00000000000003,1,1,4224.83736111118,8600599.0,11365430.0,0.800944444444428,0,7877240.0,1391384.0,8046089.0,0
20951,2020-02-25 04:52:00,134.20000000000002,1,1,4362.89441666674,8707342.0,11597597.0,0.803638888888874,0,8051996.0,1431304.0,8163466.0,0
20951,2020-02-25 04:53:00,128.00000000000003,1,1,4660.98119444452,8917110.0,11869428.0,0.81380555555554,0,8481560.0,1491133.0,8310847.0,0
20951,2020-02-25 04:55:00,120.40000000000003,1,1,5017.1433333334,9308059.0,12205244.0,0.8701388888888738,0,9039284.0,1564999.0,8563659.0,0
20951,2020-02-25 04:56:00,116.8,1,1,5150.80138888896,9717871.0,12393055.0,0.8903888888888738,0,9287636.0,1594179.0,8826974.0,0
20951,2020-02-25 04:57:00,116.60000000000002,1,1,5155.77638888896,9747615.0,12393770.0,0.8903888888888738,0,9291704.0,1598071.0,8831238.0,0
20951,2020-02-25 04:58:00,110.60000000000002,1,1,5357.90855555562,9975765.0,12673569.0,0.9131666666666518,0,9583016.0,1654555.0,9041474.0,0
20951,2020-02-25 04:59:00,108.8,1,1,5411.05161111118,10024580.0,12750087.0,0.92030555555554,0,9651164.0,1670549.0,9085466.0,0
20951,2020-02-25 05:00:00,102.8,1,1,5571.94005555562,10269761.0,13115140.0,0.92030555555554,0,9964472.0,1731241.0,9292049.0,0
20951,2020-02-25 05:01:00,98.8,1,1,5650.13952777786,10469520.0,13485068.0,0.925666666666652,0,10130648.0,1760022.0,9501935.0,0
20951,2020-02-25 05:02:00,93.8,1,1,5811.12983333334,10678989.0,13757847.0,0.928916666666652,0,10399904.0,1811731.0,9705684.0,0
20951,2020-02-25 05:03:00,93.60000000000002,1,1,5816.56738888894,10699490.0,13765985.0,0.928916666666652,0,10410008.0,1813643.0,9715278.0,0
20951,2020-02-25 05:04:00,87.60000000000002,1,1,6019.742333333338,10999296.0,14384824.0,0.9352499999999838,0,10688216.0,1868411.0,10078992.0,0
20951,2020-02-25 05:05:00,81.40000000000003,1,1,6113.449416666739,11242162.0,14886000.0,0.9380555555555398,0,10877948.0,1911291.0,10749259.0,0
20951,2020-02-25 05:06:00,75.20000000000002,1,1,6261.389805555539,11675609.0,15582644.0,0.9496666666666518,0,11202477.0,1969071.0,11526828.0,0
20951,2020-02-25 05:07:00,68.40000000000003,1,1,6407.501944444539,11951157.0,16047538.0,0.9590833333333176,0,11563437.0,2023455.0,11898784.0,0
20951,2020-02-25 05:08:00,67.20000000000002,1,1,6446.078000000139,12014610.0,16130075.0,0.9590833333333176,0,11624337.0,2041492.0,11947469.0,0
20951,2020-02-25 05:09:00,66.80000000000001,1,1,6451.682416666738,12039466.0,16132039.0,0.9590833333333176,0,11627589.0,2044313.0,11954164.0,0
20951,2020-02-25 05:10:00,60.80000000000001,1,1,6623.694833333338,12292759.0,16617810.0,0.9628611111110998,0,11943513.0,2098226.0,12230362.0,0
20951,2020-02-25 05:11:00,54.80000000000001,1,1,6789.531027777938,12510483.0,16891252.0,0.9635833333333198,0,12253593.0,2144819.0,12469354.0,0
20951,2020-02-25 05:12:00,53.400000000000034,1,1,6826.823861111138,12576186.0,16953146.0,0.9635833333333198,0,12332313.0,2161719.0,12500606.0,0
20951,2020-02-25 05:13:00,49.400000000000034,1,1,6921.361416666738,12720187.0,17158702.0,1.0961944444444198,0,12501285.0,2191045.0,12610924.0,0
20951,2020-02-25 05:14:00,47.00000000000003,1,1,6984.7769166667385,12793586.0,17268981.0,1.1619166666666598,0,12569050.0,2207314.0,12678901.0,0
20951,2020-02-25 05:15:00,41.400000000000034,1,1,7107.129972222339,12963249.0,17558335.0,1.1619166666666598,0,12777587.0,2245374.0,12827933.0,0
20951,2020-02-25 05:16:00,38.80000000000001,1,1,7158.08908333334,13519350.0,17680847.0,1.1619166666666598,0,12877595.0,2278484.0,12958037.0,0
20951,2020-02-25 05:17:00,38.20000000000002,1,1,7166.831972222229,13523394.0,17777736.0,1.1619166666666598,0,12917915.0,2281048.0,12981086.0,0
20951,2020-02-25 05:18:00,38.00000000000003,1,1,7166.831972222229,13523394.0,17779400.0,1.1619166666666598,0,12917915.0,2281048.0,12981087.0,0
20951,2020-02-25 05:19:00,31.80000000000001,1,1,7252.069555555562,13776595.0,17973776.0,1.1619166666666598,0,13095983.0,2311232.0,13172148.0,0
20951,2020-02-25 05:20:00,30.400000000000038,1,1,7323.4546111111185,13867777.0,18054038.0,1.1619166666666598,0,13183967.0,2326288.0,13219884.0,0
20951,2020-02-25 05:21:00,29.600000000000023,1,1,7335.58061111112,13914642.0,18111030.0,1.1619166666666598,0,13220784.0,2333981.0,13246678.0,0
20951,2020-02-25 05:22:00,27.600000000000023,1,1,7375.589472222222,14009516.0,18316729.0,1.1619166666666598,0,13317168.0,2349841.0,13374884.0,0
20951,2020-02-25 05:23:00,26.600000000000023,1,1,7408.77411111112,14070148.0,18386435.0,1.1619166666666598,0,13374300.0,2362690.0,13412454.0,0
20951,2020-02-25 05:24:00,24.200000000000045,1,1,7461.157944444461,14159641.0,18561129.0,1.1619166666666598,0,13467817.0,2383039.0,13484358.0,0
20951,2020-02-25 05:25:00,23.200000000000045,1,1,7484.28544444446,14187045.0,18608800.0,1.1619166666666598,0,13499726.0,2389916.0,13523137.0,0
20951,2020-02-25 05:26:00,17.200000000000045,1,1,7621.1396944444605,14490998.0,19145180.0,1.1619166666666598,0,13743722.0,2443968.0,13942504.0,0
20951,2020-02-25 05:27:00,16.400000000000034,1,1,7644.60275,14539982.0,19206020.0,1.1619166666666598,0,13789071.0,2456296.0,13967919.0,0
20951,2020-02-25 05:28:00,12.200000000000044,1,1,7729.07377777778,14765545.0,19578067.0,1.1619166666666598,0,13992760.0,2495800.0,14236252.0,0
20951,2020-02-25 05:29:00,9.200000000000044,1,1,7755.68102777778,14910417.0,19777669.0,1.1619166666666598,0,14073736.0,2511418.0,14443160.0,0
20951,2020-02-25 05:30:00,5.600000000000023,1,1,7833.101777777779,15120601.0,20114721.0,1.1619166666666598,0,14235232.0,2539587.0,14616450.0,0
20951,2020-02-25 05:31:00,2.400000000000034,1,1,7894.48811111112,15276602.0,20358251.0,1.1619166666666598,0,14376749.0,2564436.0,14902931.0,0
20951,2020-02-25 05:32:00,0.6000000000000227,1,1,7922.5096388889,15380667.0,20475641.0,1.1619166666666598,0,14480621.0,2578056.0,15041537.0,0
25625,2020-03-05 14:42:00,236.4,1,1,3.752250000000019,9711.0,87594.0,0.0,0,1404.0,4420.0,14262.0,0
25625,2020-03-05 14:43:00,235.6,1,1,53.15988888888822,51012.0,141466.0,0.0,0,39864.0,48873.0,47763.0,0
25625,2020-03-05 14:44:00,229.4,1,1,325.1417777777822,300703.0,437984.0,0.0,0,259092.0,204095.0,247937.0,0
25625,2020-03-05 14:45:00,229.0,1,1,347.65694444444216,319567.0,471160.0,0.0,0,272328.0,219657.0,271467.0,0
25625,2020-03-05 14:46:00,228.8,1,1,349.4760555555622,323090.0,484199.0,0.0,0,272676.0,220861.0,295049.0,0
25625,2020-03-05 14:47:00,228.2,1,1,363.79766666666217,341914.0,501996.0,0.0,0,308497.0,228906.0,316824.0,0
25625,2020-03-05 14:48:00,222.2,1,1,590.5032500000021,583376.0,788659.0,0.0,0,498793.0,381619.0,648688.0,0
25625,2020-03-05 14:49:00,218.0,1,1,732.6253333333422,719200.0,987494.0,0.0,0,624349.0,470899.0,825137.0,0
25625,2020-03-05 14:50:00,215.2,1,1,788.8741944444422,837786.0,1101375.0,0.0,0,669637.0,515401.0,911223.0,0
25625,2020-03-05 14:51:00,212.4,1,1,882.6208888888822,954162.0,1223302.0,0.0,0,774613.0,570178.0,991849.0,0
25625,2020-03-05 14:52:00,209.6,1,1,977.2963888888822,1044486.0,1360751.0,0.0,0,859237.0,631123.0,1116701.0,0
25625,2020-03-05 14:53:00,206.8,1,1,1078.531166666662,1157573.0,1511044.0,0.0,0,948205.0,701665.0,1234819.0,0
25625,2020-03-05 14:54:00,204.0,1,1,1193.2353611111023,1280176.0,1672791.0,0.0,0,1048285.0,788198.0,1367965.0,0
25625,2020-03-05 14:55:00,201.2,1,1,1325.6968611111222,1405964.0,1796890.0,0.0,0,1163437.0,877348.0,1457600.0,0
25625,2020-03-05 14:56:00,198.8,1,1,1390.781361111102,1534196.0,1997715.0,0.0,0,1264957.0,920940.0,1659425.0,0
25625,2020-03-05 14:57:00,196.0,1,1,1440.2962222222222,1659035.0,2165363.0,0.0,0,1319845.0,954860.0,1768417.0,0
25625,2020-03-05 14:58:00,193.2,1,1,1512.3771944444422,1941772.0,2380773.0,0.0,0,1404085.0,1026280.0,1923468.0,0
25625,2020-03-05 14:59:00,190.4,1,1,1551.628361111122,2060696.0,2620233.0,0.0,0,1470841.0,1055720.0,1984880.0,0
25625,2020-03-05 15:00:00,187.4,1,1,1589.900944444442,2191827.0,2748115.0,0.0,0,1523881.0,1095661.0,2100541.0,0
25625,2020-03-05 15:01:00,184.6,1,1,1675.4483888888822,2379040.0,3037521.0,0.0,0,1635553.0,1146986.0,2283256.0,0
25625,2020-03-05 15:02:00,181.8,1,1,1794.716472222222,2599065.0,3305855.0,0.0,0,1769222.0,1220658.0,2480648.0,0
25625,2020-03-05 15:03:00,179.0,1,1,1863.0480000000025,2854567.0,3553102.0,0.0,0,1855034.0,1268323.0,2702714.0,0
25625,2020-03-05 15:04:00,176.2,1,1,1948.9237500000024,3023008.0,3756240.0,0.0,0,1959530.0,1327628.0,2842412.0,0
25625,2020-03-05 15:05:00,173.39999999999998,1,1,2023.369500000022,3192034.0,3947886.0,0.0,0,2057630.0,1386734.0,2955408.0,0
25625,2020-03-05 15:06:00,170.39999999999998,1,1,2084.9751944444224,3310776.0,4150842.0,0.0,0,2135834.0,1435080.0,3029716.0,0
25625,2020-03-05 15:07:00,169.39999999999998,1,1,2107.6620555556224,3410695.0,4346479.0,0.0,0,2179130.0,1465188.0,3113631.0,0
25625,2020-03-05 15:08:00,166.6,1,1,2203.3726666666225,3550108.0,4532990.0,0.0,0,2285450.0,1521424.0,3217254.0,0
25625,2020-03-05 15:09:00,163.6,1,1,2283.3173333334225,3727025.0,4650693.0,0.0,0,2385998.0,1565312.0,3311894.0,0
25625,2020-03-05 15:10:00,160.79999999999998,1,1,2393.0969722222226,3864253.0,4829989.0,0.0060555555555556,0,2485574.0,1633264.0,3431963.0,0
25625,2020-03-05 15:11:00,158.0,1,1,2477.261666666622,3963144.0,4927450.0,0.0060555555555556,0,2585174.0,1684082.0,3486472.0,0
25625,2020-03-05 15:12:00,155.39999999999998,1,1,2558.3104722222224,4076686.0,5016084.0,0.0060555555555556,0,2672678.0,1737523.0,3564186.0,0
25625,2020-03-05 15:13:00,153.0,1,1,2625.8597222222224,4156194.0,5116197.0,0.0060555555555556,0,2735198.0,1783443.0,3624844.0,0
25625,2020-03-05 15:14:00,151.2,1,1,2677.0984166666226,4206231.0,5207106.0,0.0060555555555556,0,2788947.0,1811004.0,3663545.0,0
25625,2020-03-05 15:15:00,148.39999999999998,1,1,2775.3070000000225,4321723.0,5354084.0,0.0060555555555556,0,2857119.0,1861709.0,3762891.0,0
25625,2020-03-05 15:16:00,145.39999999999998,1,1,2865.9400277778223,4441245.0,5438481.0,0.0060555555555556,0,2927907.0,1925469.0,3854398.0,0
25625,2020-03-05 15:17:00,142.0,1,1,2913.3581388888224,4486147.0,5514830.0,0.0060555555555556,0,2981883.0,1944881.0,3905488.0,0
25625,2020-03-05 15:18:00,139.2,1,1,3005.671361111022,4612793.0,5631960.0,0.0060555555555556,0,3053391.0,2014894.0,4001441.0,0
25625,2020-03-05 15:19:00,136.39999999999998,1,1,3097.3749166666225,4749618.0,5748336.0,0.0060555555555556,0,3130155.0,2087134.0,4075801.0,0
25625,2020-03-05 15:20:00,133.6,1,1,3180.7495555556225,5083185.0,5865102.0,0.0060555555555556,0,3204891.0,2150779.0,4197832.0,0
25625,2020-03-05 15:21:00,132.2,1,1,3222.209888888822,5170831.0,5915555.0,0.0060555555555556,0,3253504.0,2186879.0,4239134.0,0
25625,2020-03-05 15:22:00,130.79999999999998,1,1,3278.5052777778224,5257229.0,5986119.0,0.0098888888888888,0,3294017.0,2218440.0,4300741.0,0
25625,2020-03-05 15:23:00,130.6,1,1,3279.5052777778224,5257229.0,5986886.0,0.0098888888888888,0,3294017.0,2218446.0,4300741.0,0
25625,2020-03-05 15:24:00,127.79999999999998,1,1,3373.3713888889342,5415310.0,6141521.0,0.0098888888888888,0,3370517.0,2262631.0,4411306.0,0
25625,2020-03-05 15:25:00,125.0,1,1,3442.1118055556003,5592916.0,6281544.0,0.0098888888888888,0,3466793.0,2298991.0,4508286.0,0
25625,2020-03-05 15:26:00,122.2,1,1,3542.2252500000423,5780714.0,6495927.0,0.0098888888888888,0,3553830.0,2347311.0,4687127.0,0
25625,2020-03-05 15:27:00,119.4,1,1,3632.133777777822,5968980.0,6693254.0,0.0098888888888888,0,3632490.0,2402003.0,4808170.0,0
25625,2020-03-05 15:28:00,116.2,1,1,3654.135777777822,6194491.0,6806381.0,0.0098888888888888,0,3652686.0,2433533.0,4884766.0,0
25625,2020-03-05 15:29:00,113.4,1,1,3738.5909444444815,6386241.0,6976370.0,0.0098888888888888,0,3769038.0,2476126.0,5000570.0,0
25625,2020-03-05 15:30:00,110.6,1,1,3817.5143611111625,6626325.0,7163882.0,0.0098888888888888,0,3854995.0,2540422.0,5148654.0,0
25625,2020-03-05 15:31:00,108.6,1,1,3876.948416666703,6747421.0,7264762.0,0.0098888888888888,0,3898075.0,2584326.0,5218048.0,0
25625,2020-03-05 15:32:00,105.79999999999998,1,1,3956.0053888889424,6922194.0,7410466.0,0.0098888888888888,0,3988208.0,2636375.0,5332240.0,0
25625,2020-03-05 15:33:00,105.0,1,1,3968.249416666704,6973505.0,7439144.0,0.0098888888888888,0,4005956.0,2650863.0,5368419.0,0
25625,2020-03-05 15:34:00,102.2,1,1,4051.6035277778224,7165269.0,7669855.0,0.0098888888888888,0,4091228.0,2698747.0,5522586.0,0
25625,2020-03-05 15:35:00,99.39999999999998,1,1,4141.653138888944,7369188.0,7821071.0,0.0099999999999998,0,4166324.0,2753251.0,5632111.0,0
25625,2020-03-05 15:36:00,96.6,1,1,4219.279583333382,7559651.0,7973678.0,0.0099999999999998,0,4255700.0,2808159.0,5760019.0,0
25625,2020-03-05 15:37:00,93.79999999999998,1,1,4297.801833333382,7700390.0,8096190.0,0.0099999999999998,0,4331384.0,2856040.0,5839020.0,0
25625,2020-03-05 15:38:00,91.0,1,1,4352.175861111162,7804261.0,8227932.0,0.0099999999999998,0,4391528.0,2891977.0,5933726.0,0
25625,2020-03-05 15:39:00,88.19999999999999,1,1,4434.5006388889415,7924576.0,8337717.0,0.0099999999999998,0,4456904.0,2936385.0,6022685.0,0
25625,2020-03-05 15:40:00,85.39999999999998,1,1,4520.553527777822,8074129.0,8504663.0,0.0099999999999998,0,4527332.0,2973747.0,6104156.0,0
25625,2020-03-05 15:41:00,82.0,1,1,4601.889555555602,8196199.0,8588175.0,0.0099999999999998,0,4603448.0,3013617.0,6207870.0,0
25625,2020-03-05 15:42:00,81.19999999999999,1,1,4601.889555555602,8196199.0,8605934.0,0.0099999999999998,0,4603448.0,3013779.0,6207870.0,0
25625,2020-03-05 15:43:00,80.39999999999998,1,1,4625.682666666702,8324080.0,8686872.0,0.0099999999999998,0,4638452.0,3031251.0,6271622.0,0
25625,2020-03-05 15:44:00,79.79999999999998,1,1,4636.090250000042,8376067.0,8693021.0,0.0099999999999998,0,4645004.0,3035663.0,6271622.0,0
25625,2020-03-05 15:45:00,79.0,1,1,4660.854888888942,8425090.0,8753510.0,0.0099999999999998,0,4659944.0,3051412.0,6401375.0,0
25625,2020-03-05 15:46:00,76.19999999999999,1,1,4732.565416666702,8669763.0,8886890.0,0.012111111111111,0,4731380.0,3089172.0,6478114.0,0
25625,2020-03-05 15:47:00,75.39999999999998,1,1,4753.789361111162,8863853.0,8926527.0,0.012111111111111,0,4752464.0,3095860.0,6524329.0,0
25625,2020-03-05 15:48:00,74.6,1,1,4770.769138888942,8900435.0,8994635.0,0.017111111111111,0,4787817.0,3108196.0,6566826.0,0
25625,2020-03-05 15:49:00,74.0,1,1,4797.417277777822,8938187.0,9014460.0,0.0299166666666668,0,4811445.0,3118176.0,6571403.0,0
25625,2020-03-05 15:50:00,72.79999999999998,1,1,4828.278388888944,9016369.0,9081125.0,0.0423611111111108,0,4849485.0,3142233.0,6595336.0,0
25625,2020-03-05 15:51:00,71.19999999999999,1,1,4868.054750000042,9100180.0,9137454.0,0.0431111111111108,0,4901530.0,3165071.0,6619074.0,0
25625,2020-03-05 15:52:00,70.6,1,1,4894.296805555602,9276915.0,9175245.0,0.0530833333333328,0,4918702.0,3178263.0,6641512.0,0
25625,2020-03-05 15:53:00,67.79999999999998,1,1,4983.361444444482,9464609.0,9315268.0,0.0651111111111108,0,4987786.0,3225532.0,6854921.0,0
25625,2020-03-05 15:54:00,67.6,1,1,4985.451222222263,9502296.0,9356114.0,0.0651111111111108,0,4988026.0,3227684.0,6860550.0,0
25625,2020-03-05 15:55:00,66.79999999999998,1,1,4997.322055555603,9559717.0,9425872.0,0.0662777777777768,0,5002966.0,3238497.0,6882091.0,0
25625,2020-03-05 15:56:00,63.0,1,1,5105.303861111162,9741769.0,9718710.0,0.0662777777777768,0,5108638.0,3328262.0,7141038.0,0
25625,2020-03-05 15:57:00,60.79999999999998,1,1,5167.284416666702,9835811.0,9788637.0,0.0662777777777768,0,5177206.0,3368504.0,7200838.0,0
25625,2020-03-05 15:58:00,60.19999999999999,1,1,5168.116583333382,9838528.0,9835386.0,0.0662777777777768,0,5177710.0,3369489.0,7217920.0,0
25625,2020-03-05 15:59:00,57.39999999999998,1,1,5251.289472222262,9979344.0,9952959.0,0.0708611111111106,0,5273782.0,3424565.0,7371086.0,0
25625,2020-03-05 16:00:00,54.6,1,1,5327.926277777822,10139855.0,10116993.0,0.0718055555555546,0,5353522.0,3474665.0,7531493.0,0
25625,2020-03-05 16:01:00,51.79999999999998,1,1,5431.269083333422,10325690.0,10248800.0,0.0750000000000006,0,5415982.0,3561206.0,7681384.0,0
25625,2020-03-05 16:02:00,51.0,1,1,5459.488027777822,10445134.0,10352775.0,0.0750000000000006,0,5444735.0,3587166.0,7815818.0,0
25625,2020-03-05 16:03:00,48.19999999999999,1,1,5545.6701388890215,10692849.0,10712498.0,0.0757500000000006,0,5527943.0,3636779.0,7939227.0,0
25625,2020-03-05 16:04:00,47.19999999999999,1,1,5597.8375000000215,10902851.0,10799507.0,0.0757500000000006,0,5545235.0,3662439.0,8058970.0,0
25625,2020-03-05 16:05:00,42.79999999999998,1,1,5664.936722222221,11159198.0,10953024.0,0.0757500000000006,0,5624051.0,3711423.0,8221276.0,0
25625,2020-03-05 16:06:00,40.0,1,1,5754.769888889021,11416299.0,11365449.0,0.0791944444444446,0,5694119.0,3779969.0,8427989.0,0
25625,2020-03-05 16:07:00,39.79999999999998,1,1,5770.483722222221,11446862.0,11384897.0,0.0791944444444446,0,5696207.0,3787433.0,8476804.0,0
25625,2020-03-05 16:08:00,37.0,1,1,5842.434027777821,11684281.0,11704463.0,0.0791944444444446,0,5727263.0,3832966.0,8666968.0,0
25625,2020-03-05 16:09:00,33.79999999999998,1,1,5912.230972222221,11883142.0,11875530.0,0.0933333333333328,0,5765891.0,3864178.0,8765287.0,0
25625,2020-03-05 16:10:00,33.39999999999998,1,1,5926.856305555621,11922194.0,11932536.0,0.0933611111111108,0,5777375.0,3869730.0,8800569.0,0
25625,2020-03-05 16:11:00,30.599999999999994,1,1,5985.54602777782,12062270.0,12016530.0,0.0933611111111108,0,5800907.0,3905623.0,8901566.0,0
25625,2020-03-05 16:12:00,27.799999999999983,1,1,6074.77819444442,12278577.0,12250375.0,0.0946111111111108,0,5837759.0,3955048.0,9059165.0,0
25625,2020-03-05 16:13:00,25.0,1,1,6155.256611111219,12495912.0,12417867.0,0.1294722222222228,0,5868239.0,3991621.0,9192077.0,0
25625,2020-03-05 16:14:00,23.19999999999999,1,1,6168.0115555556185,12530935.0,12462821.0,0.1389444444444448,0,5880779.0,3997278.0,9259404.0,0
25625,2020-03-05 16:15:00,23.0,1,1,6170.364083333419,12530935.0,12472350.0,0.1389444444444448,0,5880779.0,3998335.0,9267854.0,0
25625,2020-03-05 16:16:00,20.399999999999977,1,1,6225.13091666662,12662859.0,12627583.0,0.1579444444444448,0,5898911.0,4018855.0,9380928.0,0
25625,2020-03-05 16:17:00,19.399999999999977,1,1,6233.81194444442,12684323.0,12640804.0,0.1581666666666668,0,5901275.0,4024275.0,9385569.0,0
25625,2020-03-05 16:18:00,16.599999999999994,1,1,6308.29791666662,12780939.0,12774237.0,0.2291388888888888,0,5914919.0,4046727.0,9466845.0,0
25625,2020-03-05 16:19:00,13.799999999999985,1,1,6391.55575000002,12872290.0,12923191.0,0.2733333333333286,0,5943503.0,4076784.0,9635677.0,0
25625,2020-03-05 16:20:00,11.0,1,1,6444.928777777818,12954242.0,13027113.0,0.2953055555555486,0,5950860.0,4098224.0,9741445.0,0
25625,2020-03-05 16:21:00,8.0,1,1,6521.765250000019,13051573.0,13136248.0,0.3361388888888886,0,5969641.0,4123596.0,9974002.0,0
25625,2020-03-05 16:22:00,5.199999999999989,1,1,6604.273250000018,13384867.0,13246319.0,0.4243888888888886,0,5977273.0,4155341.0,10103846.0,0
25625,2020-03-05 16:23:00,2.3999999999999773,1,1,6687.507805555619,13725493.0,13333822.0,0.4673333333333286,0,5981137.0,4181170.0,10278592.0,0
25625,2020-03-05 16:24:00,1.799999999999983,1,1,6708.124222222218,13736700.0,13385263.0,0.4831944444444486,0,5988157.0,4186578.0,10288706.0,0
25625,2020-03-05 16:25:00,0.799999999999983,1,1,6710.24322222222,13755797.0,13393687.0,0.4831944444444486,0,5988157.0,4187283.0,10288706.0,0
32842,2020-03-13 11:23:00,227.8,1,1,302.7246388888955,713883.0,503165.0,0.0,0,136428.0,188681.0,489736.0,0
32842,2020-03-13 11:24:00,221.6,1,1,636.7590833333356,1336831.0,1099540.0,0.0,0,289548.0,374925.0,986687.0,0
32842,2020-03-13 11:25:00,221.4,1,1,642.1421666666756,1352847.0,1099983.0,0.0,0,291768.0,379685.0,986687.0,0
32842,2020-03-13 11:26:00,220.4,1,1,697.9578888888956,1418120.0,1155688.0,0.0,0,311676.0,417353.0,1046318.0,0
32842,2020-03-13 11:27:00,220.0,1,1,727.8247777777756,1451335.0,1190125.0,0.0,0,327733.0,427790.0,1086177.0,0
32842,2020-03-13 11:28:00,219.6,1,1,776.0720555555556,1553086.0,1274157.0,0.0,0,344305.0,452722.0,1153777.0,0
32842,2020-03-13 11:29:00,218.6,1,1,814.0976944444355,1598937.0,1343486.0,0.0,0,358850.0,473303.0,1187057.0,0
32842,2020-03-13 11:30:00,217.2,1,1,889.4838333333356,1728859.0,1419978.0,0.0,0,394047.0,533941.0,1282932.0,0
32842,2020-03-13 11:31:00,215.8,1,1,968.1018333333355,1833782.0,1526877.0,0.0,0,430239.0,582534.0,1396123.0,0
32842,2020-03-13 11:32:00,213.0,1,1,1133.9228333333356,2072007.0,1764400.0,0.0,0,497379.0,692770.0,1642070.0,0
32842,2020-03-13 11:33:00,211.6,1,1,1214.7015833333355,2200174.0,1917514.0,0.0,0,539031.0,741167.0,1825033.0,0
32842,2020-03-13 11:34:00,210.6,1,1,1269.5422222222155,2306034.0,1989313.0,0.0,0,569043.0,768740.0,1939732.0,0
32842,2020-03-13 11:35:00,209.0,1,1,1365.0217777777757,2441715.0,2070901.0,0.0,0,617835.0,827164.0,2066144.0,0
32842,2020-03-13 11:36:00,207.8,1,1,1440.6373055555557,2645373.0,2171703.0,0.0,0,652384.0,884962.0,2213200.0,0
32842,2020-03-13 11:37:00,206.4,1,1,1505.3839444444557,2734202.0,2268371.0,0.0,0,682060.0,920727.0,2308906.0,0
32842,2020-03-13 11:38:00,204.8,1,1,1582.8511944444556,2940460.0,2370317.0,0.0,0,712048.0,977532.0,2406952.0,0
32842,2020-03-13 11:39:00,203.6,1,1,1650.4671388888955,3026585.0,2452361.0,0.0,0,736385.0,1030273.0,2497667.0,0
32842,2020-03-13 11:40:00,199.2,1,1,1888.5434722222155,3366041.0,2619853.0,0.0,0,833009.0,1189141.0,2733487.0,0
32842,2020-03-13 11:41:00,197.8,1,1,1976.763055555556,3508600.0,2693875.0,0.0,0,866261.0,1256213.0,2818807.0,0
32842,2020-03-13 11:42:00,196.4,1,1,2031.638583333356,3630567.0,2742482.0,0.0,0,890225.0,1300535.0,2874798.0,0
32842,2020-03-13 11:43:00,194.8,1,1,2110.552305555556,3744525.0,2797823.0,0.0,0,921677.0,1359147.0,2935261.0,0
32842,2020-03-13 11:44:00,193.6,1,1,2188.778222222156,3854609.0,2837421.0,0.0,0,958325.0,1403765.0,2960650.0,0
32842,2020-03-13 11:45:00,189.4,1,1,2270.500805555556,3985961.0,2888264.0,0.0,0,993545.0,1455649.0,3009452.0,0
32842,2020-03-13 11:46:00,188.0,1,1,2363.811611111156,4106081.0,2948844.0,0.0,0,1039013.0,1518657.0,3078443.0,0
32842,2020-03-13 11:47:00,186.6,1,1,2455.246861111156,4240541.0,3008111.0,0.0,0,1080905.0,1573769.0,3122371.0,0
32842,2020-03-13 11:48:00,185.2,1,1,2548.817527777756,4368539.0,3066858.0,0.0,0,1123973.0,1635716.0,3168963.0,0
32842,2020-03-13 11:49:00,183.8,1,1,2633.286361111156,4486592.0,3142011.0,0.0,0,1159805.0,1688517.0,3209992.0,0
32842,2020-03-13 11:50:00,181.0,1,1,2795.847999999956,4721671.0,3240045.0,0.0,0,1232381.0,1793989.0,3269688.0,0
32842,2020-03-13 11:51:00,179.39999999999998,1,1,2869.527999999956,4805834.0,3297935.0,0.0,0,1262862.0,1836425.0,3301538.0,0
32842,2020-03-13 11:52:00,178.2,1,1,2936.920055555556,4920014.0,3324897.0,0.0,0,1295838.0,1873361.0,3332777.0,0
32842,2020-03-13 11:53:00,176.8,1,1,3020.375027777756,5019815.0,3363091.0,0.0,0,1328862.0,1924897.0,3357893.0,0
32842,2020-03-13 11:54:00,175.39999999999998,1,1,3099.930611111156,5112843.0,3398789.0,0.0,0,1358094.0,1978617.0,3390796.0,0
32842,2020-03-13 11:55:00,174.0,1,1,3176.829805555556,5208927.0,3442041.0,0.0,0,1390590.0,2033062.0,3430043.0,0
32842,2020-03-13 11:56:00,172.6,1,1,3260.033666666756,5359012.0,3503414.0,0.0,0,1429530.0,2083614.0,3471604.0,0
32842,2020-03-13 11:57:00,170.8,1,1,3330.722972222156,5468407.0,3533522.0,0.0,0,1458522.0,2118611.0,3512593.0,0
32842,2020-03-13 11:58:00,168.6,1,1,3362.390666666756,5572537.0,3691056.0,0.0,0,1471218.0,2129172.0,3579621.0,0
32842,2020-03-13 11:59:00,168.39999999999998,1,1,3378.244083333356,5599981.0,3699571.0,0.0,0,1479162.0,2133952.0,3582689.0,0
32842,2020-03-13 12:00:00,167.0,1,1,3427.113333333356,5748194.0,3774594.0,0.0,0,1496322.0,2167144.0,3644765.0,0
32842,2020-03-13 12:01:00,165.6,1,1,3522.937027777756,5880716.0,3853322.0,0.0,0,1536126.0,2219252.0,3698117.0,0
32842,2020-03-13 12:02:00,165.0,1,1,3568.524777777756,5975343.0,3895377.0,0.0,0,1556622.0,2248316.0,3739587.0,0
32842,2020-03-13 12:03:00,164.2,1,1,3605.699999999956,6022013.0,3931322.0,0.0,0,1570758.0,2271980.0,3757072.0,0
32842,2020-03-13 12:04:00,164.0,1,1,3626.688861111156,6036794.0,3937744.0,0.0,0,1579410.0,2282349.0,3774883.0,0
32842,2020-03-13 12:05:00,163.8,1,1,3646.958527777756,6075534.0,3946481.0,0.0,0,1588038.0,2292818.0,3785686.0,0
32842,2020-03-13 12:06:00,162.8,1,1,3681.637555555534,6123348.0,3998273.0,0.0,0,1602007.0,2314435.0,3821956.0,0
32842,2020-03-13 12:07:00,161.39999999999998,1,1,3735.812138888868,6189492.0,4080862.0,0.0,0,1638175.0,2344284.0,3853534.0,0
32842,2020-03-13 12:08:00,160.0,1,1,3791.9782222222,6277398.0,4189568.0,0.0,0,1694851.0,2383777.0,3939178.0,0
32842,2020-03-13 12:09:00,158.6,1,1,3879.026361111096,6422751.0,4303500.0,0.0,0,1727431.0,2434255.0,4039538.0,0
32842,2020-03-13 12:10:00,157.2,1,1,3966.236805555536,6568637.0,4396385.0,0.0,0,1761787.0,2485027.0,4116394.0,0
32842,2020-03-13 12:11:00,155.8,1,1,4024.277055555536,6680112.0,4481692.0,0.0,0,1782032.0,2529551.0,4159424.0,0
32842,2020-03-13 12:12:00,154.39999999999998,1,1,4083.186888888876,6751405.0,4546147.0,0.0,0,1805900.0,2560836.0,4191313.0,0
32842,2020-03-13 12:13:00,153.8,1,1,4112.809388888876,6890219.0,4617582.0,0.0,0,1812608.0,2593272.0,4306597.0,0
32842,2020-03-13 12:14:00,153.0,1,1,4130.4430277777565,6915569.0,4652201.0,0.0,0,1817564.0,2608093.0,4356465.0,0
32842,2020-03-13 12:15:00,152.8,1,1,4141.373666666636,6941998.0,4659494.0,0.0,0,1821692.0,2613689.0,4367502.0,0
32842,2020-03-13 12:16:00,150.0,1,1,4231.539916666637,7120449.0,4810034.0,0.0,0,1861784.0,2675966.0,4530912.0,0
32842,2020-03-13 12:17:00,148.8,1,1,4292.7194999999765,7203090.0,4896263.0,0.0,0,1887824.0,2712782.0,4591973.0,0
32842,2020-03-13 12:18:00,147.39999999999998,1,1,4363.320361111097,7347572.0,5002863.0,0.0,0,1916648.0,2745863.0,4749728.0,0
32842,2020-03-13 12:19:00,146.0,1,1,4420.352583333317,7547031.0,5119278.0,0.0,0,1939616.0,2780504.0,4919105.0,0
32842,2020-03-13 12:20:00,144.6,1,1,4514.851555555537,7753848.0,5228920.0,0.0,0,1971416.0,2840161.0,5072259.0,0
32842,2020-03-13 12:21:00,143.2,1,1,4597.858222222197,7920118.0,5382697.0,0.0,0,2006036.0,2882865.0,5145696.0,0
32842,2020-03-13 12:22:00,141.8,1,1,4660.224499999977,8053784.0,5467067.0,0.0,0,2032532.0,2914610.0,5210111.0,0
32842,2020-03-13 12:23:00,140.6,1,1,4740.204722222197,8241582.0,5536032.0,0.0,0,2063493.0,2959339.0,5300319.0,0
32842,2020-03-13 12:24:00,139.0,1,1,4806.8534722221975,8329020.0,5614344.0,0.0,0,2092246.0,2994580.0,5359417.0,0
32842,2020-03-13 12:25:00,137.6,1,1,4874.8765277777575,8417576.0,5709505.0,0.0,0,2126051.0,3031005.0,5429201.0,0
32842,2020-03-13 12:26:00,136.39999999999998,1,1,4941.5481388888775,8485761.0,5772438.0,0.0,0,2161223.0,3060177.0,5511231.0,0
32842,2020-03-13 12:27:00,134.8,1,1,5045.903388888877,8648794.0,5848358.0,0.0,0,2213099.0,3097366.0,5648589.0,0
32842,2020-03-13 12:28:00,133.39999999999998,1,1,5127.487277777756,8777260.0,5941412.0,0.0,0,2250347.0,3137314.0,5731867.0,0
32842,2020-03-13 12:29:00,132.0,1,1,5198.821333333317,8920390.0,6012353.0,0.0,0,2282460.0,3170914.0,5800923.0,0
32842,2020-03-13 12:30:00,130.6,1,1,5276.764805555536,9023935.0,6081747.0,0.0,0,2315568.0,3209464.0,5891585.0,0
32842,2020-03-13 12:31:00,129.39999999999998,1,1,5340.857972222197,9123944.0,6173463.0,0.0,0,2341692.0,3242329.0,5960966.0,0
32842,2020-03-13 12:32:00,127.8,1,1,5408.1882499999765,9216452.0,6249513.0,0.0,0,2372232.0,3267435.0,5997210.0,0
32842,2020-03-13 12:33:00,126.6,1,1,5444.1848055555365,9293009.0,6301981.0,0.0,0,2386993.0,3285080.0,6064615.0,0
32842,2020-03-13 12:34:00,123.8,1,1,5556.342999999976,9407280.0,6414977.0,0.0,0,2440321.0,3343700.0,6197137.0,0
32842,2020-03-13 12:35:00,119.0,1,1,5785.904583333357,9716511.0,6706697.0,0.0,0,2546269.0,3456852.0,6426665.0,0
32842,2020-03-13 12:36:00,118.8,1,1,5797.8222499999565,9735192.0,6725443.0,0.0,0,2551526.0,3461610.0,6429070.0,0
32842,2020-03-13 12:37:00,115.2,1,1,5968.224916666622,10025365.0,6842365.0,0.0,0,2612474.0,3555806.0,6526532.0,0
32842,2020-03-13 12:38:00,114.0,1,1,6028.936361111077,10138270.0,6897758.0,0.0,0,2639294.0,3581366.0,6559058.0,0
32842,2020-03-13 12:39:00,112.6,1,1,6109.508027777737,10260080.0,6961120.0,0.0,0,2675330.0,3620056.0,6595172.0,0
32842,2020-03-13 12:40:00,111.2,1,1,6176.355277777737,10372777.0,7023481.0,0.0,0,2705055.0,3651750.0,6621666.0,0
32842,2020-03-13 12:41:00,109.8,1,1,6241.426555555517,10444369.0,7087077.0,0.0,0,2734851.0,3681690.0,6659613.0,0
32842,2020-03-13 12:42:00,108.4,1,1,6311.067499999956,10516415.0,7138609.0,0.0,0,2763927.0,3714854.0,6685848.0,0
32842,2020-03-13 12:43:00,107.0,1,1,6383.1000555555165,10587708.0,7190778.0,0.0,0,2797216.0,3751391.0,6774612.0,0
32842,2020-03-13 12:44:00,105.6,1,1,6446.814444444397,10681776.0,7252047.0,0.0,0,2830324.0,3781011.0,6823856.0,0
32842,2020-03-13 12:45:00,102.79999999999998,1,1,6573.293111111077,10788259.0,7405668.0,0.0,0,2892016.0,3838508.0,6953817.0,0
32842,2020-03-13 12:46:00,101.2,1,1,6646.597999999957,10871355.0,7496643.0,0.0,0,2925100.0,3877456.0,6990516.0,0
32842,2020-03-13 12:47:00,97.2,1,1,6795.225916666617,11081747.0,7702356.0,0.0,0,2996632.0,3950888.0,7143773.0,0
32842,2020-03-13 12:48:00,95.6,1,1,6821.642111111078,11123919.0,7804407.0,0.0,0,3008056.0,3961369.0,7172828.0,0
32842,2020-03-13 12:49:00,89.6,1,1,7117.280361111078,11550475.0,8189883.0,0.0,0,3144016.0,4074353.0,7479030.0,0
32842,2020-03-13 12:50:00,85.6,1,1,7281.641611111075,11872226.0,8481265.0,0.0,0,3205240.0,4148114.0,7718893.0,0
32842,2020-03-13 12:51:00,78.79999999999998,1,1,7578.741083333298,12445929.0,8975135.0,0.0,0,3311800.0,4298770.0,8252634.0,0
32842,2020-03-13 12:52:00,72.79999999999998,1,1,7837.875611111158,12935952.0,9288110.0,0.0,0,3399316.0,4405091.0,8654451.0,0
32842,2020-03-13 12:53:00,69.19999999999999,1,1,7996.859333333358,13243649.0,9492080.0,0.0,0,3458272.0,4470956.0,8909719.0,0
32842,2020-03-13 12:54:00,64.4,1,1,8194.608555555556,13514647.0,9726769.0,0.0,0,3535672.0,4538189.0,9265737.0,0
32842,2020-03-13 12:55:00,63.19999999999999,1,1,8264.246527777757,13619077.0,9808175.0,0.0,0,3562768.0,4566350.0,9372792.0,0
32842,2020-03-13 12:56:00,60.0,1,1,8429.149861111156,13859486.0,10010299.0,0.0,0,3627100.0,4622802.0,9683428.0,0
32842,2020-03-13 12:57:00,59.79999999999998,1,1,8429.149861111156,13859486.0,10010299.0,0.0,0,3627101.0,4622804.0,9683428.0,0
32842,2020-03-13 12:58:00,54.79999999999998,1,1,8663.171861111157,14152558.0,10232300.0,0.0,0,3714066.0,4706936.0,9866326.0,0
32842,2020-03-13 12:59:00,48.79999999999998,1,1,8908.051472222278,14532002.0,10513738.0,0.0,0,3805662.0,4819717.0,10050601.0,0
32842,2020-03-13 13:00:00,42.6,1,1,9164.258277777815,14868676.0,10745905.0,0.0,0,3909090.0,4920185.0,10202792.0,0
32842,2020-03-13 13:01:00,36.6,1,1,9422.715777777816,15242128.0,10928269.0,0.0,0,4007526.0,5020202.0,10364252.0,0
32842,2020-03-13 13:02:00,29.799999999999983,1,1,9740.964583333378,15666890.0,11095280.0,0.0,0,4132063.0,5139646.0,10484411.0,0
32842,2020-03-13 13:03:00,28.0,1,1,9850.599694444498,15817742.0,11185344.0,0.0,0,4172647.0,5187294.0,10560332.0,0
32842,2020-03-13 13:04:00,27.799999999999983,1,1,9852.579777777815,15823059.0,11194821.0,0.0,0,4173823.0,5188482.0,10567170.0,0
32842,2020-03-13 13:05:00,25.799999999999983,1,1,9936.761694444496,15942659.0,11277891.0,0.0,0,4208540.0,5223563.0,10619119.0,0
32842,2020-03-13 13:06:00,19.799999999999983,1,1,10226.498833333377,16392160.0,11660520.0,0.0,0,4316444.0,5331313.0,10968923.0,0
32842,2020-03-13 13:07:00,13.799999999999985,1,1,10493.573388888935,16891061.0,11989407.0,0.0,0,4412625.0,5415542.0,11365943.0,0
32842,2020-03-13 13:08:00,7.599999999999994,1,1,10772.411805555616,17689430.0,12414689.0,0.0,0,4499913.0,5536006.0,11813871.0,0
32842,2020-03-13 13:09:00,1.5999999999999943,1,1,11018.017472222276,18260585.0,12777454.0,0.0,0,4576185.0,5622448.0,12228767.0,0
